checkin_id,checkin_date,rating,comment,user_location,beer_name,beer_style,beer_abv,brewery_name,brewery_country,venue_name
1598347680,2026-09-01,3.5,"","",Dark Lager (Černý ležák),Lager - Tmavé (Czech Dark),5.0,Bernard Family Brewery,Czech Republic,ŠMC kavinė
1598356905,2026-09-01,3.5,С черной этикеткой будто норм было,Yaroslavl,Tomato Motato,Sour - Tomato / Vegetable Gose,4.0,ТАРКОС (TARKOS),Russia,
1598385427,2026-09-01,2.5,"",Vilnius,Tīralis,Red Ale - Other,5.6,Augšdaugavas Darītava,Latvia,Aquarius Brewery
1598390378,2026-09-01,3.5,"",Vilnius ,Špikis,Non-Alcoholic - Other Beer,0.0,Širvėnos bravoras DUNDULIS,Lithuania,
1598390471,2026-09-01,3.8,"","",Paix Dieu Triple,Belgian Tripel,10.0,Brasserie Caulier,Belgium,Brussels Mussels
1598391785,2026-09-01,2.8,"","",Birra Moretti L'Autentica / Ricetta Originale,Lager - Pale,4.6,Birra Moretti,Italy,
1598393633,2026-09-01,4.5,"","",Origin IPA,IPA - New England / Hazy,5.8,Basker Brewing Co.,Lithuania,Šnekutis
1598396190,2026-09-01,3.3,"","",Charles Quint Blonde Dorée / Keizer Karel Goud Blond,Belgian Strong Golden Ale,8.5,Brouwerij Haacht Brasserie,Belgium,
1598396323,2026-09-01,2.8,"","",Tongerlo Blond - Blonde,Belgian Blonde,6.0,Brouwerij Haacht Brasserie,Belgium,
1598398928,2026-09-01,3.5,"","",Citra IPA,IPA - American,5.4,Bear & Boar,Lithuania,
1598398957,2026-09-01,3.5,"","",Sakura,Fruit Beer,5.0,Bear & Boar,Lithuania,
1598399439,2026-09-01,0.0,"","",Šviesus,Lager - Pale,5.0,Būsi Trečias,Lithuania,
1598399612,2026-09-01,0.0,"","",Ekstra,Lager - Dortmunder / Export,5.2,Švyturys,Lithuania,Pilies KATPĖDĖLĖ
1598399690,2026-09-01,4.5,"у аэрапорце дык у два разы смачней. Піткае, але з характарам",Miensk,Murphy's Irish Stout,Stout - Irish Dry,4.0,Heineken Ireland,Ireland,Vilniaus oro uostas | Vilnius International Airport (VNO) (Tarptautinis Vilniaus oro uostas)
1598399717,2026-09-01,3.0,"","Nicosia, Cyprus",Šviesus,Lager - Pale,5.0,Būsi Trečias,Lithuania,Būsi Trečias
1598400326,2026-09-01,4.5,"","",Green Monster IPA,IPA - American,6.0,Green Monster Brewery,Lithuania,Šnekutis
1598400424,2026-09-01,4.0,"For me, one of the tastiest Lithuanian IPAs","",Green Monster IPA,IPA - American,6.0,Green Monster Brewery,Lithuania,Šnekutis
1598401293,2026-09-01,3.3,"","Nicosia, Cyprus",Juodas,Lager - Dark,6.7,Būsi Trečias,Lithuania,Būsi Trečias
1598402612,2026-09-01,0.0,"","",Penki Mazgai,IPA - New England / Hazy,5.0,Brick by Brick (Raudonų Plytų Alaus Dirbtuvės),Lithuania,Grey
1598402961,2026-09-01,3.5,"","",Pilsudskis,Pilsner - German,4.5,Pilialaukis,Lithuania,Alaus Namai
1598403603,2026-09-01,3.0,"","Nicosia, Cyprus",Kvietinis,Wheat Beer - Hefeweizen,4.7,Būsi Trečias,Lithuania,Būsi Trečias
1598405343,2026-09-01,4.3,"","",Free Pear,Non-Alcoholic - Sour,0.5,Funky Fluid,Poland,Local Pub
1598405529,2026-09-01,4.5,Perhaps never has there been a more drinkable 12 percent beer. So well -balanced!,"",Royal Cookie: Makowiec,Stout - Imperial / Double Pastry,12.0,Funky Fluid,Poland,Local Pub
1598405865,2026-09-01,1.0,"Nou station Vilnius bereikt maar voorlopig kom ik niet veel verder. Komt met bakken uit de lucht, gelukkig gewoon op het perron een mooie kroeg dus dat is zeer gewenst!! Alleen door de commotie wel een foutje gemaakt, cider... opgevoerde apfelkorn tja","",Craft Sidras,Cider - Traditional / Apfelwein,5.4,Vilkmerges Alus,Lithuania,Peronas
1598406563,2026-09-01,3.8,"","",E034,Wheat Beer - Hefeweizen,4.5,Labietis. Pagan Brews,Latvia,
1598406963,2026-09-01,3.8,"","",Savana,IPA - American,6.9,Pilialaukis,Lithuania,Alaus Namai
1598408861,2026-09-01,4.5,The platonic ideal of a pastry sour.,"",Blueberry Bun,Sour - Smoothie / Pastry,4.3,Browar Stu Mostów,Poland,Nisha Craft Capital
1598409366,2026-09-01,5.0,Piece of gem in the best Vilnius craft beer bar.,"",Kopstootje,Farmhouse Ale - Bière de Garde,7.0,Upright Brewing Company,United States,Nisha Craft Capital
1598409678,2026-09-01,3.0,"","",NEBLÖGAS,Lager - Pale,5.0,DĖVĖTI,Lithuania,Dėvėti
1598410518,2026-09-01,3.5,"Toch maar een stukje door de regen gaan lopen maar kon de verleiding niet weerstaan, dit tentje zag er zo leuk uit. Aan de rand van het park. Hebben ze ook nog een huisbiertje. Pah, dat is zalig. Moet zo wel echt naar t hotel, maarja ff droog genieten!","",7F Craft APA,Pale Ale - American,5.5,7Fcraft,Lithuania,7 Fridays Reformatu
1598411518,2026-09-01,4.3,The rare smoothie sour that is actually sour.,"","WILL IT FLOAT #24",Sour - Smoothie / Pastry,6.0,White Dog Brewery,Netherlands,Nisha Craft Capital
1598411843,2026-09-01,3.0,"","",Ekstra,Lager - Dortmunder / Export,5.2,Švyturys,Lithuania,Etno Dvaras
1598412008,2026-09-01,4.0,"","",Baltijos,Märzen,5.8,Švyturys,Lithuania,Etno Dvaras
1598412232,2026-09-01,4.0,"","",7 Fridays APA,Pale Ale - American,5.5,7 Fridays,Lithuania,7 Fridays
1598412402,2026-09-01,4.0,"","",Rinktinis,Lager - Pale,5.2,Volfas Engelman,Lithuania,7 Fridays
1598413987,2026-09-01,3.5,"","",Steenbrugge Blanche,Wheat Beer - Witbier / Blanche,5.0,Brouwerij Palm,Belgium,Piano Man Bar
1598414250,2026-09-01,3.8,"","",Joniškėlio Respublika 1919,Lager - Pale,5.2,UAB Joalda,Lithuania,Alaus Namai
1598414837,2026-09-01,4.3,"",Vilnius,Mera IPA,IPA - American,6.5,Browar Artezan,Poland,Local Pub
1598416132,2026-09-01,4.0,A very nice flavor - it has Jasmine Flower in it!,"Milwaukee, WI","Mazurskie Saison ""Spring"" ",Farmhouse Ale - Saison,5.0,Mazurski Browar,Poland,Lithuania – a great choice for those who search for a nature’s shelter
1598416343,2026-09-01,0.0,"","",Keturi Vėjai (Four Winds),Kölsch,4.9,Brick by Brick (Raudonų Plytų Alaus Dirbtuvės),Lithuania,
1598417643,2026-09-01,3.3,"","",Gubernija Ekstra / Extra Lager,Lager - Helles,5.2,Gubernija Brewery,Lithuania,Chinkalnia - Georgian Restaurant
1598418716,2026-09-01,2.5,"","",Galvė,Pale Ale - Other,5.0,Pilialaukis,Lithuania,
1598419289,2026-09-01,2.8,"","",Ganuzēns (Shepherd`S Boy),Farmhouse Ale - Saison,4.5,Labietis. Pagan Brews,Latvia,
1598419548,2026-09-01,3.5,"","",Münchner Hell / Münchner Lager / Original Munich Lager,Lager - Helles,4.9,Paulaner Brauerei,Germany,Peronas
1598419763,2026-09-01,3.5,"","Nicosia, Cyprus",Sakura,Fruit Beer,5.0,Bear & Boar,Lithuania,Alaus Biblioteka
1598421913,2026-09-01,3.5,"","Nicosia, Cyprus",Pineapple Breeze,IPA - Milkshake,5.5,Bear & Boar,Lithuania,Alaus Biblioteka
1598422856,2026-09-01,3.3,"","Nicosia, Cyprus",Hazelnut Brown Ale,Brown Ale - English,6.0,Sakiškės Brewery / Sakiškių Alus,Lithuania,Alaus Biblioteka
1598422882,2026-09-01,4.8,"","",Gelato XTREME: Blueberry Cheesecake Scoop,Sour - Smoothie / Pastry,8.0,Funky Fluid,Poland,Local Pub
1598422930,2026-09-01,4.0,"","",Gelato XTREME: Blueberry Cheesecake Scoop,Sour - Smoothie / Pastry,8.0,Funky Fluid,Poland,
1598423353,2026-09-01,3.3,"",Cothen,Ekstra,Lager - Dortmunder / Export,5.2,Švyturys,Lithuania,Burro
1598424639,2026-09-01,3.8,"","Nicosia, Cyprus",New Zealand Hop Harvest Hazy IPA 2026,IPA - New England / Hazy,5.5,Dūmų Brewery,Lithuania,Alaus Biblioteka
1598425908,2026-09-01,3.3,"",Vilnius,Complot IPA,IPA - Other,6.6,Damm,Spain,Vijokliai Beer Garden
1598426284,2026-09-01,3.5,"","Nicosia, Cyprus",Citra IPA,IPA - American,5.4,Bear & Boar,Lithuania,Alaus Biblioteka
1598427353,2026-09-01,3.3,"","",Baltic Porter,Porter - Baltic,6.0,Volfas Engelman,Lithuania,ibis Vilnius Centre
1598428198,2026-09-01,4.0,"","",Salpicón,Sour - Smoothie / Pastry,4.5,Tuletorn Brewing,Estonia,
1598428253,2026-09-01,0.0,"","",Birra Moretti L'Autentica / Ricetta Originale,Lager - Pale,4.6,Birra Moretti,Italy,Peronas
1598428464,2026-09-01,4.0,"","",Cornelissen Luxury Lager,Lager - Pale,5.5,Brouwerij Cornelissen,Belgium,Šimo Baras
1598429425,2026-09-01,2.5,"","",Krönunger,Lager - Pale,5.0,Volfas Engelman,Lithuania,
1598429815,2026-09-01,2.0,"","",Hafen,Lager - Pale,5.0,Kalnapilis Brewery,Lithuania,
1598430637,2026-09-01,0.0,"","",Bėganti Kopa (Running Dune),Wheat Beer - Witbier / Blanche,4.5,Brick by Brick (Raudonų Plytų Alaus Dirbtuvės),Lithuania,Grey
1598431826,2026-09-01,3.5,"","",Gutstoutas,Stout - Oatmeal,5.0,Dundulis,Lithuania,BIX Baras
1598432667,2026-09-01,3.0,"Sloga praėjo, uoslė atsistatė. Patikrinau šitą alutį darkart - kvapo neturi visgi. Skonis okey. Palieku jam tuos pačius 3 balus. Buteliukas prašmatnesnis nei alutis 😃 Reiks kada pirty išmėgint ant akmenų...kvapo testas. O jūs pilat pirty alų unt akmens?",Vilnius,Vilkmergės Premium Lager,Lager - Helles,5.0,Vilkmerges Alus,Lithuania,Vilkmergės Garažas
1598433604,2026-09-01,4.3,"","",Simkala APA,Pale Ale - American,5.0,Širvėnos bravoras DUNDULIS,Lithuania,Bromas
1598435444,2026-09-01,3.3,"","",Grynas,Lager - Pale,5.0,Širvėnos bravoras DUNDULIS,Lithuania,Bromas
1598436722,2026-09-01,3.0,"De scholen zijn hier vandaag weer begonnen, en dat is blijkbaar reden voor een landelijke feestdag. Gezinnen die uiteten, jongeren die feesten. En overvolle kroegen. Het gaat hier helemaal los, nouja ben de beroerdste niet en voel me jong. Pils in plastic","",Šviesus,Lager - Pale,5.0,Būsi Trečias,Lithuania,Būsi Trečias
1598438848,2026-09-01,2.0,"","",Gubernija Ekstra / Extra Lager,Lager - Helles,5.2,Gubernija Brewery,Lithuania,Lokys
1598443316,2026-09-01,0.0,"","",Anarkist New England IPA,IPA - New England / Hazy,5.4,Theodor Schiøtz Brewing Company,Denmark,Peronas
1598444823,2026-09-01,4.0,"","",Franziskaner Premium Weissbier Naturtrüb,Wheat Beer - Hefeweizen,5.0,Spaten-Franziskaner-Löwenbräu-Gruppe,Germany,The Portobello
1598445361,2026-09-01,1.5,"","",Guinness Draught,Stout - Irish Dry,4.2,Guinness,Ireland,The Portobello
1598446372,2026-09-01,2.3,Nekažka,Vilnius,Forever Brewery Infinity,IPA - Australian,6.5,Волинський бровар,Ukraine,Aquarius Brewery
1598447347,2026-09-01,3.5,"","",Asahi Super Dry,Lager - Japanese Rice,5.0,Asahi Breweries,Japan,
1598447899,2026-09-01,3.3,"Deze pub zou een Irish pub moeten zijn, maar dr is weinig irish aan hoor. Al heb ik net wel een zalige Guinness op! Bar heet ook piano Bar, maar geen piano te bekennen, alleen wat hints naar BillyJoel. Nu een lokaal biertje, smaakt goed. Krachtige pils.","",Keturi Vėjai (Four Winds),Kölsch,4.9,Brick by Brick (Raudonų Plytų Alaus Dirbtuvės),Lithuania,Piano Man Bar
1598451751,2026-09-01,4.3,"","",State Machine DDH Citra,IPA - New England / Hazy,6.6,Spyglass Brewing Company,United States,Nisha Craft Capital
1598452478,2026-09-01,3.8,Su fuksais,"",Nightdream Stout,Stout - Milk / Sweet,5.0,Basker Brewing Co.,Lithuania,Šnekutis
1598452741,2026-09-01,4.0,"","",Humulupu IPA,IPA - Session,5.0,Dundulis,Lithuania,Užupio kavinė
1598453089,2026-09-01,4.3,"",Vilnius,Gran Cru Bruocsella Lambic Bio Saison (2022-2023),Lambic - Traditional,5.0,Brasserie Cantillon,Belgium,Naujamiestis
1598453365,2026-09-01,2.8,Bare savo,"",Amber City Dark Lager,Lager - Dark,5.0,Maxima LT,Lithuania,Šnekutis
1598454851,2026-09-01,3.0,"Volgende kroeg, volgende pot. Lokale IPA klinkt leuk maarja niet mijn bierstyle. Alsnog prima hoor. Werd naar binnen geroepen door de Heavy muziek en de ramen volgepakt met stickers. Vreemd zaakje, maar ben dr maar mooi geweest.","",Humulupu IPA,IPA - Session,5.0,Dundulis,Lithuania,Gringo Pub
1598458835,2026-09-01,4.0,"",Minsk,Goon Platoon,IPA - Imperial / Double New England / Hazy,8.0,Drekker Brewing Company,United States,Nisha Craft Capital
1598460181,2026-09-01,4.3,"","",Apple X Mango X Banana X Cinnamon Smoothie Sour Ale,Sour - Smoothie / Pastry,4.5,Ārpus Brewing Co.,Latvia,
1598460186,2026-09-01,4.3,"",Vilnius,Apple X Mango X Banana X Cinnamon Smoothie Sour Ale,Sour - Smoothie / Pastry,4.5,Ārpus Brewing Co.,Latvia,
1598460454,2026-09-01,4.0,"",Vilnius,Kaimiškas,Historical Beer - Keptinis,4.7,Ramūnas Čižas – Čižo Alus,Lithuania,
1598462469,2026-09-01,3.3,"Poah dikke vette dark ale, met een karbonkel als tap!! Woestwild. Wat minder wild is, ik kom de discotheken niet in.. dacht ga achter de studenten aan. Maar heb geen pas... kut zooi, voel me nog zo jong. Maarja dat krijg je als je bijna je diploma hebt!","",Varniukų Tamsus,Dark Ale,5.2,Davra Alaus Darykla,Lithuania,Republic No.4
1598462547,2026-09-01,3.8,"",Vilnius,Juodaragio Regyklos Kadaginė IPA,IPA - Farmhouse,5.0,Dundulis,Lithuania,
1598468297,2026-09-01,3.3,"","",Ekstra Draught,Lager - Dortmunder / Export,5.2,Švyturys,Lithuania,Downtown Forest
1598468992,2026-09-01,3.8,"",LTU,Mera IPA,IPA - American,6.5,Browar Artezan,Poland,Local Pub
1598471657,2026-09-01,3.0,"Chef heeft t voor elkaar, dr ging voor me een mokkeltje naar binnen die te jong was, dus dacht dan gooi ik me branie in de strijd en ben binnen. Snel door naar de kelder. Feesten. Biertje lokaal, uit Siauliai waar is geweest ben. Leuk snapte de barman nie","",Gubernija Sauvin-On IPA,IPA - Session,4.5,Gubernija Brewery,Lithuania,Drops
1598475639,2026-09-02,4.3,"",Vilnius,Nectar of Happiness 17,IPA - New England / Hazy,7.0,Pivovar ZICHOVEC,Czech Republic,Naujamiestis
1598476135,2026-09-02,4.3,"",LTU,Hop Series: Hazy IPA (Batch 12),IPA - New England / Hazy,5.5,Dūmų Brewery,Lithuania,Alaus kolonėlė
1598476655,2026-09-01,0.0,"",Vilnius,NEIPA,IPA - New England / Hazy,5.0,Volfas Engelman,Lithuania,Liv_in City
1598477993,2026-09-02,0.0,"",Vilnius,Pilsner Urquell,Pilsner - Czech / Bohemian,4.4,Plzeňský Prazdroj,Czech Republic,Liv_in City
1598520961,2026-09-02,3.5,"","",Scandinavian Clouds,IPA - New England / Hazy,4.9,Mikkeller,Denmark,
1598521968,2026-09-02,5.0,"",Tallinn,Senojo Pasvalio Tamsusis,Dark Ale,5.6,Alsteka,Lithuania,Šnekutis
1598521974,2026-09-02,5.0,"","Tallinn, Estonia",Jovarų alus su medumi,Honey Beer,5.6,A. Udrienes I.Į. Jovarų Alus,Lithuania,Šnekutis
1598522051,2026-09-02,5.0,"",Tallinn,Jovarų alus su medumi,Honey Beer,5.6,A. Udrienes I.Į. Jovarų Alus,Lithuania,Šnekutis
1598522886,2026-09-02,5.0,"",Tallinn,ŠVEIX,Pilsner - Other,4.0,Širvėnos bravoras DUNDULIS,Lithuania,Šnekutis
1598523308,2026-09-02,3.3,"","",Saku On Ice Hola,Lager - Mexican,4.5,Saku Õlletehas,Estonia,
1598525544,2026-09-02,5.0,"","",Humulupu IPA,IPA - Session,5.0,Dundulis,Lithuania,
1598525575,2026-09-02,3.5,"","",Juodaragio Regyklos Kadaginė IPA,IPA - Farmhouse,5.0,Dundulis,Lithuania,
1598525588,2026-09-02,3.8,"","",Medaus Mėnuo (Honeymoon),Honey Beer,4.9,Craft & Draft Brewpub & Whiskey,Lithuania,
1598526640,2026-09-02,5.0,"","Tallinn, Estonia",APA,Pale Ale - American,5.0,Būsi Trečias,Lithuania,Būsi Trečias
1598529118,2026-09-02,3.8,"Poah, trappen gelopen voor t leven. Ook n aantal onnodig, maar dan heb je ook wel prachtige uitzichten gezien. Mooi beeld van de stad. Ook al de nodige kerkjes in geweest, dus nu mezelf maar ff verwennen. Deze is zaling. Donker en lekker zoet. Dikverdiend","",Juodas,Lager - Dark,6.7,Būsi Trečias,Lithuania,Būsi Trečias
1598529659,2026-09-02,3.3,First time in Lithuania,London,Humulupu IPA,IPA - Session,5.0,Dundulis,Lithuania,Lokys
1598529719,2026-09-02,3.3,"",London,Humulupu IPA,IPA - Session,5.0,Dundulis,Lithuania,Lokys
1598529872,2026-09-02,3.3,"","",Ekstra,Lager - Dortmunder / Export,5.2,Švyturys,Lithuania,Klaipėda Old Town
1598530564,2026-09-02,3.0,"","",Kalnapilis Original,Lager - Pale,5.0,Kalnapilis Brewery,Lithuania,Plus Plus Plus
1598531177,2026-09-02,5.0,"",Tallinn,APA,Pale Ale - American,5.0,Būsi Trečias,Lithuania,Šnekutis
1598531271,2026-09-02,5.0,"",Tallinn,Šviesus,Lager - Pale,5.0,Būsi Trečias,Lithuania,Būsi Trečias
1598531450,2026-09-02,5.0,With my favourite Lithuanian cuisine! 🇱🇹🍺,"Tallinn, Estonia",Humulupu IPA,IPA - Session,5.0,Dundulis,Lithuania,Šnekutis
1598532006,2026-09-02,0.0,"","",Nuogas Ruonis (Naked Seal),Bière de Champagne / Bière Brut,5.8,Brick by Brick (Raudonų Plytų Alaus Dirbtuvės),Lithuania,
1598532141,2026-09-02,3.5,"Nos: słodowe!
Język mineralne, trochę goryczki, precelkowe; mokry karton;  mocno wysycone; lepsze niż polskie koncerniaki; całkiem, całkiem.","",Ekstra,Lager - Dortmunder / Export,5.2,Švyturys,Lithuania,Rotonda parko restoranas
1598532176,2026-09-02,3.3,"","Nicosia, Cyprus",Bere,Cider - Basque,6.0,Sidreria Bereziartua,Spain,Obuolys Ir Bite
1598532396,2026-09-02,0.0,"","",Rinktinis,Lager - Pale,5.2,Volfas Engelman,Lithuania,Amatininkų užeiga
1598533200,2026-09-02,3.8,"","",Hop Series Hazy IPA,IPA - Other,5.5,Sakiškės Brewery / Sakiškių Alus,Lithuania,
1598533607,2026-09-02,3.5,"Dat ik dit nog ooit zou doen, inchecken in de gevangenis. Niet perse Bucket list, maar wel foxwild. Ze hebben hier zelfs Poetin opgesloten, die gek liet me wel schrikken trouwens. Nouja hopen dat ik er straks nog wel uit kom. Bier is erg zoet, maar lekker","",Penki Mazgai,IPA - New England / Hazy,5.0,Brick by Brick (Raudonų Plytų Alaus Dirbtuvės),Lithuania,Lukiškių kalėjimas
1598533685,2026-09-02,3.5,"","Nicosia, Cyprus",Quincy Jo & Hops Edition,Cider - Hopped,4.5,BlakStoc,Austria,Obuolys Ir Bite
1598533724,2026-09-02,3.0,"","",Corn Lager,Corn Beer / Chicha de Jora,4.3,Sakiškės Brewery / Sakiškių Alus,Lithuania,
1598535256,2026-09-02,4.5,What a fabulous first choice in Lithuania!!,Wellingborough,Origin IPA,IPA - New England / Hazy,5.8,Basker Brewing Co.,Lithuania,Nisha Craft Capital
1598535830,2026-09-02,4.3,"","Nicosia, Cyprus",Serum: Cranberry Spruce,Mead - Session / Short,6.4,Brewlihan,United States,Obuolys Ir Bite
1598536749,2026-09-02,4.8,"","Nicosia, Cyprus",Bourbon Barrel Aged Black Agnes,Mead - Melomel,13.0,Schramm’s Mead,United States,Obuolys Ir Bite
1598536932,2026-09-02,5.0,Fabulous! A heap of banana and mango with a super sour finish!!,Wellingborough,"WILL IT FLOAT #24",Sour - Smoothie / Pastry,6.0,White Dog Brewery,Netherlands,Nisha Craft Capital
1598537155,2026-09-02,4.0,"Ff naar het water gelopen, zit daar gewoon een foxwilde bierkelder. Zalig, met veel huisdieren waaronder deze Irish stout. Smullen geblazen. Mooi sfeertje, alleen de mensen ontbreken. Achja nu ik hier binnen ben kan dat niet lang meer duren.","",Pekla,Stout - Irish Dry,4.2,Pilialaukis,Lithuania,Alaus Namai
1598537401,2026-09-02,3.8,"","",Birra Moretti L'Autentica / Ricetta Originale,Lager - Pale,4.6,Birra Moretti,Italy,Užupio Picerija
1598537820,2026-09-02,3.0,"","",Birra Dello Stretto,Lager - Pale,5.0,Birrificio Messina,Italy,
1598539048,2026-09-02,3.0,"Kan het niet laten, ze verdrinken hier nog in in het huisbier jeetje mina. Nou nog 1tje dan en dan moet ik echt door op mijn culturele wandeltocht. Biertje ditmaal een IPA, prima hoor, zoet en fruitig. En ook hier is het Pro Oekraïne, i Love It hahah","",Spyglys,IPA - Session,5.3,Pilialaukis,Lithuania,Alaus Namai
1598539937,2026-09-02,5.0,"",Tallinn,Senolių Senovinis,Traditional Ale,6.0,Su Puta,Lithuania,Alaus kolonėlė
1598539978,2026-09-02,5.0,"","Tallinn, Estonia",Senolių Senovinis,Traditional Ale,6.0,Su Puta,Lithuania,Alaus kolonėlė
1598540041,2026-09-02,5.0,"","Tallinn, Estonia",IPA,IPA - Other,5.6,Alsteka,Lithuania,Alaus kolonėlė
1598540598,2026-09-02,3.3,"Op aanraden van de barvrouw. Historisch honingbiertje zegt ze in haar beste Engels, en dat is goed genoeg om me te overtuigen om dr nog 1 te drinken. Zo echt gaan, voordat t hier gaat gieten. Geen zin om nat te worden, wel om dronken te worden.","",Paliūniškio Medutis,Honey Beer,5.5,Su Puta,Lithuania,Alaus Namai
1598540630,2026-09-02,4.0,"","",Pauwel Kwak,Pale Ale - Belgian,8.4,Brouwerij Bosteels,Belgium,
1598541153,2026-09-02,5.0,"",Tallinn,IPA,IPA - Other,5.6,Alsteka,Lithuania,Alaus kolonėlė
1598541177,2026-09-02,3.0,Nice enough - not a lot of flavour but still decent and fresh,Wellingborough,Volfas Engelman New England IPA,IPA - New England / Hazy,0.0,Volfas Engelman,Lithuania,Who Hit John
1598541325,2026-09-02,3.8,"","",Frank The Tank,Pale Ale - New England / Hazy,5.3,Warpigs Brewpub,Denmark,
1598541428,2026-09-02,5.0,"",Tallinn,Hop Series: Hazy IPA (Batch 12),IPA - New England / Hazy,5.5,Dūmų Brewery,Lithuania,Alaus kolonėlė
1598542011,2026-09-02,4.5,"","",Tripel Karmeliet,Belgian Tripel,8.4,Brouwerij Bosteels,Belgium,
1598542756,2026-09-02,2.5,"","",Kalnapilis Original,Lager - Pale,5.0,Kalnapilis Brewery,Lithuania,Plus Plus Plus
1598543209,2026-09-02,4.5,"","",Anarkist New England IPA,IPA - New England / Hazy,5.4,Theodor Schiøtz Brewing Company,Denmark,Plus Plus Plus
1598545541,2026-09-02,3.8,"",Holsbeek,Dubults IPA,IPA - American,7.2,Dundulis,Lithuania,Beer House
1598547310,2026-09-02,3.8,"","",Apynių Sodas ,Kölsch,5.2,Dundulis,Lithuania,
1598547787,2026-09-02,1.3,"Pfoe, fruitbier daar had ik ff niet op gerekend. Maarja... big brother is watching me, dus mot m toch opdrinken. Ff happie eten in dit te gekke aangeklede tentje. En dan het nachtleven maar weer eens in, ga rustiger aan doen dan gisteren. Poah, laveloos","",Porn Star,Fruit Beer,4.5,Genys Brewing Co.,Lithuania,Uncle Sam's American Pub
1598548695,2026-09-02,4.0,"Koks dar prieš, grynai palei","",PRIEŠ SROVĘ,Farmhouse Ale - Saison,4.7,Ežio Alus,Lithuania,Bacardi Penthouse
1598550136,2026-09-02,3.8,"","",Mera IPA,IPA - American,6.5,Browar Artezan,Poland,Local Pub
1598550606,2026-09-02,5.0,"",Tallinn,Širvenos,Spiced / Herbed Beer,6.0,Biržų Alus ,Lithuania,Alaus kolonėlė
1598550790,2026-09-02,5.0,"","Tallinn, Estonia",American IPA,IPA - American,6.0,Vilniaus Alus,Lithuania,Eat More Chinese
1598550917,2026-09-02,4.0,"","",Ekstra,Lager - Dortmunder / Export,5.2,Švyturys,Lithuania,Etno dvaras
1598551558,2026-09-02,4.0,"",Vilnius,Struna,IPA - American,6.1,Browar Cztery Ściany / Four Walls Brewery,Poland,Aquarius Brewery
1598551707,2026-09-02,3.3,"Eten gearresteerd, en ga dr van schansen alsof ik bij de KFC zit want nu al spijt dat ik een grote portie besteld heb... pilsie dr bij werkt trouwens prima. Goed pils weinig poespas, gewoon lekker. Ondertussen basketbal aan t kijken, reuze spannend. Alee","",Organic Tattoo Lager,Lager - Pale,4.0,Genys Brewing Co.,Lithuania,Uncle Sam's American Pub
1598553533,2026-09-02,3.8,A very decent IPA. Tasty and quite strong!! Only €5 here tonight!!,Wellingborough,Complot IPA,IPA - Other,6.6,Damm,Spain,Vijokliai Beer Garden
1598554133,2026-09-02,3.8,"","",Špunka Pils,Pilsner - Czech / Bohemian,4.8,Dundulis,Lithuania,
1598554932,2026-09-02,4.5,"","",Achel Tripel,Belgian Tripel,8.0,De Achelse Kluis,Belgium,
1598555900,2026-09-02,3.8,"","",X Years of Nisha,IPA - New England / Hazy,6.5,Browar Rockmill,Poland,Nisha Craft Capital
1598555927,2026-09-02,5.0,"",Tallinn,Victory Champagne,Historical Beer - Grodziskie / Grätzer,2.9,Browar Rockmill,Poland,Nisha Craft Capital
1598556128,2026-09-02,5.0,"",Tallinn,X Years of Nisha,IPA - New England / Hazy,6.5,Browar Rockmill,Poland,Nisha Craft Capital
1598556473,2026-09-02,5.0,"",Tallinn,Angry Rooster,Stout - Imperial / Double Pastry,11.0,Seven Island Brewery,Greece,Nisha Craft Capital
1598556545,2026-09-02,3.5,"","",Energibajer,Non-Alcoholic - Lager,0.3,Mikkeller,Denmark,
1598557227,2026-09-02,3.5,"","",Just Married,IPA - New Zealand,6.5,Les Intenables - Craft Beer,France,Def Enjoy
1598558367,2026-09-02,3.5,"","",Vyšnių Kriek,Fruit Beer,5.0,Vilkmerges Alus,Lithuania,Grill London
1598558739,2026-09-02,2.8,"","",Vilkmergės Premium Lager,Lager - Helles,5.0,Vilkmerges Alus,Lithuania,rabbit hole
1598560267,2026-09-02,4.0,"","",Overland,IPA - New England / Hazy,7.0,Outer Range Brewing Co.,United States,Def Enjoy
1598562115,2026-09-02,4.0,"","","Estrella Galicia 0,0%",Non-Alcoholic - Lager,0.0,Hijos de Rivera,Spain,
1598562487,2026-09-02,4.3,"",Minsk,Duvel,Belgian Strong Golden Ale,8.5,Duvel Moortgat,Belgium,
1598562825,2026-09-02,3.8,"","",Just Married,IPA - New Zealand,6.5,Les Intenables - Craft Beer,France,Def Enjoy
1598565031,2026-09-02,3.5,"","",Limoncello IPA,IPA - Fruited,5.5,Põhjala,Estonia,
1598565688,2026-09-02,4.0,"","",5 Knots,IPA - Session,4.4,Big Oyster Brewery,United States,Grill London
1598565715,2026-09-02,4.0,"","",World of Cats,IPA - Imperial / Double New England / Hazy,8.0,Les Intenables - Craft Beer,France,Def Enjoy
1598565931,2026-09-02,2.8,"Na toks lyg ir kvietinis. Lyg ir skanus. Pirkau tik todėl, jog dabar Norfose numetė kainą iki 0,99€!!!  O normaliai už ~ 2,50€ niekad gyvenime jo nepirkčiau. Neadekvatu VISIŠKAI 😁 Yra geresnių ir pigesnių kvietinių. Neblogas jis, bet max už 1€ 😂",Vilnius,Wheat,Wheat Beer - Other,4.6,Bear & Boar,Lithuania,Baltasis tiltas | White bridge (Baltasis tiltas)
1598566467,2026-09-02,3.8,Puikiai,"",The Curious Cherry Smoke,Sour - Berliner Weisse,3.5,Crazy Beer Editions,Lithuania,Bacardi Penthouse
1598566559,2026-09-02,4.3,Nu labai puikiai. Tik dūmo nelabai jaučiu.,Vilnius. Lithuania.,The Curious Cherry Smoke,Sour - Berliner Weisse,3.5,Crazy Beer Editions,Lithuania,Sodas: Sidro istorijos
1598566618,2026-09-02,4.0,"","","Boathouse #1",IPA - New England / Hazy,6.8,À La Dérive Brasserie Artisanale,Canada,Nisha Craft Capital
1598567065,2026-09-02,3.5,"","",ReAle,IPA - Red,6.4,Birra Del Borgo,Italy,
1598568839,2026-09-02,3.0,"","",Špikis,Non-Alcoholic - Other Beer,0.0,Širvėnos bravoras DUNDULIS,Lithuania,Etmonų Špunka
1598569335,2026-09-02,3.0,"","",Lime Combo,Wheat Beer - Fruited,5.0,Les Intenables - Craft Beer,France,Def Enjoy
1598570518,2026-09-02,3.8,"Прыемны, але чагось не хапае",Kyiv,"IN THE WOOD #4 Crème Noire - Barrel Aged Russian Imperial Stout with Coconut & Vanilla",Stout - Russian Imperial,8.0,Pivovar Vik,Czech Republic,Def Enjoy
1598572115,2026-09-02,3.5,"","",Česká Pinta Nefiltrované,Kellerbier / Zwickelbier - Kellerpils,5.0,Česká pinta,Czech Republic,
1598572245,2026-09-02,4.3,"","",Pyre,IPA - New England / Hazy,7.0,SOMA Beer,Spain,Def Enjoy
1598572336,2026-09-02,4.0,"","","Sploosh! Sour Ale With Mango, Apricots, Peaches, Lemons and Spirulina",Sour - Smoothie / Pastry,5.2,Clef Brewery,Slovenia,Def Enjoy
1598572389,2026-09-02,5.0,"",Tallinn,Pomegranate Lime Gose,Sour - Fruited Gose,4.8,Bear & Boar,Lithuania,Smagus Raugas beershop
1598572506,2026-09-02,3.5,"","","IN THE WOOD #4 Crème Noire - Barrel Aged Russian Imperial Stout with Coconut & Vanilla",Stout - Russian Imperial,8.0,Pivovar Vik,Czech Republic,Def Enjoy
1598573127,2026-09-02,4.5,"","","Sploosh! Sour Ale With Mango, Apricots, Peaches, Lemons and Spirulina",Sour - Smoothie / Pastry,5.2,Clef Brewery,Slovenia,Def Enjoy
1598573407,2026-09-02,3.8,"",Vilnius ,Sabrotage!,IPA - Farmhouse,5.1,Pivovar Raven,Czech Republic,Def Enjoy
1598574474,2026-09-02,3.8,"","",World of Cats,IPA - Imperial / Double New England / Hazy,8.0,Les Intenables - Craft Beer,France,Def Enjoy
1598574759,2026-09-02,4.0,"","",Ro-Coco,Sour - Smoothie / Pastry,6.5,Sáez & Son,Spain,Def Enjoy
1598575600,2026-09-02,0.0,"",Vilnius,Pilsner Urquell,Pilsner - Czech / Bohemian,4.4,Plzeňský Prazdroj,Czech Republic,Liv_in City
1598576669,2026-09-02,3.5,"Nos: słabo pachnie, trochę jabłkowo;
Język: gładkie, trochę kawy, karmelu; bardzo pijalne; wygląda kiepsko - błotniście","",Franken,Kellerbier / Zwickelbier,4.7,:Belike brewing,Lithuania,Local Pub
1598577442,2026-09-02,3.0,"",Minsk,Oyn Oy,Pilsner - Other,5.2,OY Brewing,Faroe Islands,
1598577627,2026-09-02,2.5,"","",Nealkoholinis,Non-Alcoholic - Lager,0.0,Kalnapilis Brewery,Lithuania,
1598577719,2026-09-02,3.0,"",Vilnius,Yantar (Янтар світле),Lager - Pale,4.4,AB InBev Efes Ukraine,Ukraine,Gintaro galerija | Amber Gallery
1598579427,2026-09-02,4.0,Crystal lake prideda 0.5.  tai subjektyvu. Bet gi poxuj.,Vilnius. Lithuania.,Penki Mazgai,IPA - New England / Hazy,5.0,Brick by Brick (Raudonų Plytų Alaus Dirbtuvės),Lithuania,Industry Files @ Lofas Fest
1598579469,2026-09-02,3.3,"Huisibier, jaja. Ze hebben hier trouwens genoeg keuze. Zalig hoor. Alleen een beetje duur vergeleken de rest van de stad. Achja daar smaakt hij niet minder om, wellicht nog 1tje proeven zo. Zit dr namelijk al weer lekker in. Wordt een stabiele drinker zo","",X Years of Nisha,IPA - New England / Hazy,6.5,Browar Rockmill,Poland,Nisha Craft Capital
1598579559,2026-09-02,3.5,"","",Weihenstephaner Hefeweissbier Alkoholfrei,Non-Alcoholic - Wheat,0.5,Bayerische Staatsbrauerei Weihenstephan,Germany,Etmonų Špunka
1598579565,2026-09-02,3.5,"","",World of Cats,IPA - Imperial / Double New England / Hazy,8.0,Les Intenables - Craft Beer,France,
1598579987,2026-09-02,5.0,"","Tallinn, Estonia",Natural Lager,Lager - Other,5.0,Neblögas,Lithuania,Dėvėti
1598580836,2026-09-02,5.0,"",Tallinn,Menabrea Premium Lager,Lager - Helles,4.8,G. Menabrea & Figli,Italy,Dėvėti
1598580842,2026-09-02,4.3,"","",Otherworldly (PULP • w. Ophiussa),Sour - Smoothie / Pastry,5.0,Elmeleven,Sweden,Def Enjoy
1598581288,2026-09-02,4.0,"",Minsk,Kloster-Gold Hell,Lager - Dortmunder / Export,5.4,Kloster-Brauerei Scheyern,Germany,
1598582190,2026-09-02,3.8,"","",Port Light,Lager - Pale,4.7,Rinkuškiai,Lithuania,
1598583018,2026-09-02,3.8,"","",Borovničev Štrudelj,Sour - Smoothie / Pastry,5.4,Clef Brewery,Slovenia,Def Enjoy
1598584792,2026-09-02,3.8,"","",Birra Messina,Lager - Pale,4.7,Heineken Italia,Italy,
1598585205,2026-09-02,2.8,"","",Baltijos,Märzen,5.8,Švyturys,Lithuania,
1598585366,2026-09-02,3.0,"","",Nefiltruotas,Kellerbier / Zwickelbier,5.0,Kauno Alus,Lithuania,
1598586535,2026-09-02,4.3,"","",Otherworldly (PULP • w. Ophiussa),Sour - Smoothie / Pastry,5.0,Elmeleven,Sweden,
1598587972,2026-09-02,3.8,"","",Lime Combo,Wheat Beer - Fruited,5.0,Les Intenables - Craft Beer,France,Def Enjoy
1598588209,2026-09-02,3.3,"",Vilnius,Lime Combo,Wheat Beer - Fruited,5.0,Les Intenables - Craft Beer,France,Def Enjoy
1598588253,2026-09-02,4.0,"","","Sploosh! Sour Ale With Mango, Apricots, Peaches, Lemons and Spirulina",Sour - Smoothie / Pastry,5.2,Clef Brewery,Slovenia,Def Enjoy
1598588596,2026-09-02,3.5,"","",Borovničev Štrudelj,Sour - Smoothie / Pastry,5.4,Clef Brewery,Slovenia,Def Enjoy
1598588687,2026-09-02,3.3,"",Minsk,Lime Combo,Wheat Beer - Fruited,5.0,Les Intenables - Craft Beer,France,Def Enjoy
1598588796,2026-09-02,4.0,"",Minsk,"Sploosh! Sour Ale With Mango, Apricots, Peaches, Lemons and Spirulina",Sour - Smoothie / Pastry,5.2,Clef Brewery,Slovenia,Def Enjoy
1598588810,2026-09-02,4.0,in the jungle,Vilnius,"Sploosh! Sour Ale With Mango, Apricots, Peaches, Lemons and Spirulina",Sour - Smoothie / Pastry,5.2,Clef Brewery,Slovenia,Def Enjoy
1598589439,2026-09-02,4.0,"",Vilnius ,World of Cats,IPA - Imperial / Double New England / Hazy,8.0,Les Intenables - Craft Beer,France,Def Enjoy
1598590310,2026-09-02,4.3,"","",Pyre,IPA - New England / Hazy,7.0,SOMA Beer,Spain,Def Enjoy
1598590423,2026-09-02,4.0,"",Vilnius,Benediktiner Festbier,Festbier,5.8,Benediktiner Weissbräu,Germany,
1598591279,2026-09-02,4.3,"","",The Beans,Stout - Imperial / Double Coffee,11.0,Salvador Brewing Co.,Brazil,Nisha Craft Capital
1598592711,2026-09-02,3.0,pxj visai nieko,vilnius,Kopparberg Naked Apple,Cider - Dry,4.5,Kopparbergs Bryggeri,Sweden,Alaus studija
1598592983,2026-09-02,4.0,"","",Lime Combo,Wheat Beer - Fruited,5.0,Les Intenables - Craft Beer,France,Def Enjoy
1598593375,2026-09-02,3.3,"","",Harvest Caramel Porter,Porter - English,5.9,Česká pinta,Czech Republic,
1598594007,2026-09-02,3.8,"",Minsk,"IN THE WOOD #4 Crème Noire - Barrel Aged Russian Imperial Stout with Coconut & Vanilla",Stout - Russian Imperial,8.0,Pivovar Vik,Czech Republic,Def Enjoy
1598595795,2026-09-02,0.5,nemegstu guinnesso labai overhyped “alus”,vilnius,Guinness Draught,Stout - Irish Dry,4.2,Guinness,Ireland,
1598597420,2026-09-02,0.0,"",Kaunas,Boarding: Buenos Aires,IPA - Imperial / Double,8.1,Funky Fluid,Poland,
1598597989,2026-09-02,3.5,"visiska klasika, seile varva vien ziurint",vilnius,1664 Blanc,Wheat Beer - Witbier / Blanche,5.0,Brasseries Kronenbourg,France,
1598598988,2026-09-02,3.0,"","Nicosia, Cyprus",Chicago's,Traditional Ale,5.6,Davra Alaus Darykla,Lithuania,Novotel Vilnius Centre
1598599435,2026-09-02,3.5,"Nog eentje dan, zit al een uur in gesprek met een vage gast van hier. Praat veel over bomen, en tegen Rusland. Hou van hem!! Mooie gast. Bier is zalig, goede irish stout hoor. Moet zo wel zien om van m af te komen, hij heeft mn nummer ook al, pff","",Bałtycki Dziad: Stout,Stout - Irish Dry,4.8,AleBrowar,Poland,Nisha Craft Capital
1598600343,2026-09-02,3.5,"","",Hazelnut Brown Ale,Brown Ale - English,6.0,Sakiškės Brewery / Sakiškių Alus,Lithuania,
1598601278,2026-09-02,4.3,Смачнюха!,Kyiv,Pyre,IPA - New England / Hazy,7.0,SOMA Beer,Spain,Def Enjoy
1598604710,2026-09-02,4.3,"","","Piknik, Sour Ale With Sour Cherries, Rosemary, Thyme And Mascarpone",Sour - Smoothie / Pastry,5.2,Clef Brewery,Slovenia,Def Enjoy
1598605498,2026-09-02,4.0,"","",Penki Mazgai,IPA - New England / Hazy,5.0,Brick by Brick (Raudonų Plytų Alaus Dirbtuvės),Lithuania,WOLF's Garage
1598605742,2026-09-02,4.3,"",Vilnius ,Pyre,IPA - New England / Hazy,7.0,SOMA Beer,Spain,Def Enjoy
1598606014,2026-09-02,3.0,"Ests (ja zoiets ja) biertje in Litouwen. Aanrader van de barman. Prima hoor maar niet wild, wel wild is deze kroeg of tja is dat het wel. Mensen spelen monopoly en stragego en lezen boeken. Bijna een bibliotheek. Achja biertje proeven is altijd goed hè","",Meetilk,Blonde / Golden Ale - Other,4.5,Humalakoda,Estonia,Alaus Biblioteka
1598606146,2026-09-02,4.0,"","","Thriller, Sour Ale With Passion Fruits, Peaches, Oranges And Mangos",Sour - Smoothie / Pastry,5.3,Clef Brewery,Slovenia,
1598606733,2026-09-02,3.5,"","",Smoked Helles,Rauchbier,4.8,Sakiškės Brewery / Sakiškių Alus,Lithuania,
1598608481,2026-09-02,4.3,"",LTU,Perfect Piece (15th Anniversary Other Half Collab),IPA - New England / Hazy,6.5,PINTA,Poland,Local Pub
1598608579,2026-09-02,4.3,"","",Zilgas Humpaliņa,Farmhouse Ale - Saison,6.3,Labietis. Pagan Brews,Latvia,Alaus Biblioteka
1598609097,2026-09-02,3.8,"","",Vaim,IPA - White / Wheat,6.5,Humalakoda,Estonia,Alaus Biblioteka
1598609689,2026-09-02,3.0,"",Joure,Ekstra,Lager - Dortmunder / Export,5.2,Švyturys,Lithuania,Kartlandas Vilnius
1598609907,2026-09-02,4.0,"","",Californication / Kalifornikacija,Pale Ale - American,4.5,Genys Brewing Co.,Lithuania,Sparta Bar
1598610602,2026-09-02,4.3,"Хтосьці працуе, асуджаю",Kyiv,Overland,IPA - New England / Hazy,7.0,Outer Range Brewing Co.,United States,Def Enjoy
1598610607,2026-09-02,3.5,Nu. Hipsteryns. Vienaragiai aplink.,Vilnius. Lithuania.,First Drop,IPA - Session,4.3,Shepherd Neame,England,Sparta Bar
1598611471,2026-09-02,4.5,"","",Chujovas Sombrero,IPA - Other,5.0,Rotten Egg,Lithuania,Bacardi Penthouse
1598611827,2026-09-02,3.3,"Deze moest ik gewoon ook even proberen. Een hazelnoot Brown ale. Klinkt zo foxwild, nouja zo wild als t klinkt is t niet. Heel lekker hoor, maar niet mega bijzonder. Wel nieuwe Untappd vrienden gemaakt, kwam ze al tegen in de vorige pub. Fowilde gasten!!","",Hazelnut Brown Ale,Brown Ale - English,6.0,Sakiškės Brewery / Sakiškių Alus,Lithuania,Alaus Biblioteka
1598612127,2026-09-02,4.0,"",Vilnius ,Overland,IPA - New England / Hazy,7.0,Outer Range Brewing Co.,United States,Def Enjoy
1598613134,2026-09-02,0.0,"",Vilnius,Pilsner Urquell,Pilsner - Czech / Bohemian,4.4,Plzeňský Prazdroj,Czech Republic,Liv_in City
1598613155,2026-09-02,0.0,"",Vilnius,Pilsner Urquell,Pilsner - Czech / Bohemian,4.4,Plzeňský Prazdroj,Czech Republic,Liv_in City
1598614497,2026-09-02,2.8,"Oj! Iš Bruklino tikrai geriau tikėjaus. Tipo kokybės skonis yr, arielkos poskonio nėr, bet... nu skystokas biški🤨","",Brooklyn Pilsner,Pilsner - Other,4.6,Brooklyn Brewery,United States,Menu fabrikas LOFTAS
1598615154,2026-09-03,3.8,Aš geresnis fotografas nei šliaupmurzis jubiljatas.,"",Penki Mazgai,IPA - New England / Hazy,5.0,Brick by Brick (Raudonų Plytų Alaus Dirbtuvės),Lithuania,Industry Files @ Lofas Fest
1598618487,2026-09-03,4.0,"","",Cactus Lychee,IPA - Milkshake,5.0,Bear & Boar,Lithuania,
1598667679,2026-09-03,3.5,"",Vilnius,Juodaragio Regyklos Kadaginė IPA,IPA - Farmhouse,5.0,Dundulis,Lithuania,laisvės namai
1598669475,2026-09-03,0.3,"","",Bavaria,Pilsner - Other,5.0,Royal Swinkels,Netherlands,
1598669497,2026-09-03,2.5,"","",Anarkist New England IPA,IPA - New England / Hazy,5.4,Theodor Schiøtz Brewing Company,Denmark,OlyBet Sporto baras ir grilis
1598671326,2026-09-03,3.3,"","",Blackcurrant Brut Ale,Bière de Champagne / Bière Brut,7.0,Sakiškės Brewery / Sakiškių Alus,Lithuania,
1598671529,2026-09-03,3.8,Цынамон перацягвае ўвагу,Kyiv,Borovničev Štrudelj,Sour - Smoothie / Pastry,5.4,Clef Brewery,Slovenia,Def Enjoy
1598672038,2026-09-03,4.5,Бананавая бомба,Kyiv,Otherworldly (PULP • w. Ophiussa),Sour - Smoothie / Pastry,5.0,Elmeleven,Sweden,Def Enjoy
1598672520,2026-09-03,3.0,"Tikrai, kad drumstas",Vilnius,Drumstas,Lager - Pale,6.0,Rinkuškiai,Lithuania,Nanto
1598672568,2026-09-03,4.0,Sodrus kaip radleris sakyčiau. Visai nesaldus ir toks labiau alus nei radleris. Patiko ✌️,"",Rinkuškiai Radler Yuzu & Pineapple 5%,Shandy / Radler,5.0,Rinkuškiai,Lithuania,Nanto
1598673051,2026-09-03,2.8,"","",Ekstra,Lager - Dortmunder / Export,5.2,Švyturys,Lithuania,Pilies KATPĖDĖLĖ
1598673685,2026-09-03,3.5,"","Nicosia, Cyprus",Anarkist New England IPA,IPA - New England / Hazy,5.4,Theodor Schiøtz Brewing Company,Denmark,MEATing ROOM
1598673889,2026-09-03,5.0,"",Tallinn,Californication / Kalifornikacija,Pale Ale - American,4.5,Genys Brewing Co.,Lithuania,Šnekutis
1598673915,2026-09-03,5.0,"","Tallinn, Estonia",Victory Champagne,Historical Beer - Grodziskie / Grätzer,2.9,Browar Rockmill,Poland,Nisha Craft Capital
1598673935,2026-09-03,5.0,"","Tallinn, Estonia",X Years of Nisha,IPA - New England / Hazy,6.5,Browar Rockmill,Poland,Nisha Craft Capital
1598673957,2026-09-03,5.0,"","Tallinn, Estonia",Angry Rooster,Stout - Imperial / Double Pastry,11.0,Seven Island Brewery,Greece,Nisha Craft Capital
1598674099,2026-09-03,5.0,"","Tallinn, Estonia",Moko Maukas 2024,Historical Beer - Steinbier,6.4,Dundulis,Lithuania,Smagus Raugas beershop
1598674152,2026-09-03,5.0,"","Tallinn, Estonia",Špunka Pils,Pilsner - Czech / Bohemian,4.8,Dundulis,Lithuania,Šnekutis
1598675439,2026-09-03,3.8,"",Holsbeek,Citra IPA,IPA - American,5.4,Bear & Boar,Lithuania,Paupio turgus
1598675491,2026-09-03,3.3,"Ik ben weer koning hoor. In de zon en een terras, heerlijke koude pot bier voor de neus. Lokale muziek van een straatmuzikant. Zalig!! Ook wel weer rust nodig, want al weer aardig wat gelopen. Nu snel genieten van deze lekkere donkere pot pils. I Love It","",Bohemijos Tamsusis,Lager - Tmavé (Czech Dark),4.2,Volfas Engelman,Lithuania,Amatininkų užeiga
1598675735,2026-09-03,3.0,"","",Daujotu Original,Lager - Dortmunder / Export,5.2,Davra Alaus Darykla,Lithuania,
1598676110,2026-09-03,2.8,"","",Ekstra,Lager - Dortmunder / Export,5.2,Švyturys,Lithuania,
1598676131,2026-09-03,3.8,"","",Baltas (White),Wheat Beer - Hefeweizen,5.0,Švyturys,Lithuania,
1598677714,2026-09-03,3.5,"Van 1 halve liter ga je scheef lopen, dus dan maar een 2e. Maar wacht dit is helemaal geen 0,5! Ze hebben hier weer wat nieuws bedacht hoor. 0,568L toe maar weer, grappig idee maar op deze manier tikt het hard aan. Zo snel weer ""cultuur""snuiven en door!!","",NEIPA,IPA - New England / Hazy,5.0,Volfas Engelman,Lithuania,Amatininkų užeiga
1598679305,2026-09-03,3.3,"Nos: słodowe;
Język: słodowe, lekko kukurydziane, mokry karton; bez goryczki, pijalne; do zapomnienia;","",Rinktinis,Lager - Pale,5.2,Volfas Engelman,Lithuania,Smash By Mama Sakė Paeis
1598679652,2026-09-03,3.8,"","",Keturi Vėjai (Four Winds),Kölsch,4.9,Brick by Brick (Raudonų Plytų Alaus Dirbtuvės),Lithuania,Piano Man Bar
1598679689,2026-09-03,3.8,"","",Penki Mazgai,IPA - New England / Hazy,5.0,Brick by Brick (Raudonų Plytų Alaus Dirbtuvės),Lithuania,Piano Man Bar
1598681429,2026-09-03,3.0,"","Vilnius, Lithuania",Småland,Pilsner - Czech / Bohemian,5.2,Åbro Bryggeri,Sweden,Pilaitės biblioteka
1598681763,2026-09-03,3.0,"Poah, een wijk die zo eigenwijs is dat ze gewoon een eigen republiek oprichten. Om zo zelf te bepalen wat wel en niet mag. Jezus dan ben je echt eigenwijs. Foxwild. Zou willen dat ik zo eigenwijs was. Ook mooie authentieke kroeg hier met huispils, geniete","",Špunka Pils,Pilsner - Czech / Bohemian,4.8,Dundulis,Lithuania,Špunka
1598682025,2026-09-03,4.0,"","Oslo, Norway",Organic Tattoo Lager,Lager - Pale,4.0,Genys Brewing Co.,Lithuania,Hotel PACAI
1598683595,2026-09-03,3.3,"","Oslo, Norway",Californication / Kalifornikacija,Pale Ale - American,4.5,Genys Brewing Co.,Lithuania,Hotel PACAI
1598684080,2026-09-03,3.5,"","",Ekstra,Lager - Dortmunder / Export,5.2,Švyturys,Lithuania,
1598684215,2026-09-03,3.8,"Nos: tropikalne, trochę kiszonki;
Język: kwaskowe, tropikalne - pomarańczowe, mandarynkowe; bardzo pijalne, orzeźwiające; udane;","",Origin IPA,IPA - New England / Hazy,5.8,Basker Brewing Co.,Lithuania,Nisha Craft Capital
1598684977,2026-09-03,3.8,"",Holsbeek,X Years of Nisha,IPA - New England / Hazy,6.5,Browar Rockmill,Poland,Nisha Craft Capital
1598686430,2026-09-03,4.5,"","",Humulupu IPA,IPA - Session,5.0,Dundulis,Lithuania,
1598686612,2026-09-03,4.3,"","",Avietė Melagė,Fruit Beer,4.2,Dundulis,Lithuania,
1598686638,2026-09-03,3.5,"","Nicosia, Cyprus","Midus ""Medkopio"" (Apple Bochet Session Mead)",Mead - Bochet,6.8,Šušvės Midus,Lithuania,Local Pub
1598686667,2026-09-03,4.3,"","",Debesainis,Wheat Beer - Hefeweizen,4.5,Širvėnos bravoras DUNDULIS,Lithuania,
1598686750,2026-09-03,4.5,"","",Juodaragio Regyklos Kadaginė IPA,IPA - Farmhouse,5.0,Dundulis,Lithuania,
1598688579,2026-09-03,3.3,"","",La 150° Bionda,Lager - Pale,4.8,G. Menabrea & Figli,Italy,
1598691008,2026-09-03,3.8,"","",Kuršių,Mead - Session / Short,6.1,Šušvės Midus,Lithuania,Local Pub
1598692362,2026-09-03,4.5,"",Holsbeek,Halo Hoop,Sour - Smoothie / Pastry,5.0,Marlobobo's Megabear,Norway,Nisha Craft Capital
1598692793,2026-09-03,3.3,"",Stockholm,Franken,Kellerbier / Zwickelbier,4.7,:Belike brewing,Lithuania,Local Pub
1598693843,2026-09-03,0.0,"","",Hazelnut Brown Ale,Brown Ale - English,6.0,Sakiškės Brewery / Sakiškių Alus,Lithuania,Alaus Biblioteka
1598694184,2026-09-03,3.0,"",Stockholm,Nida,Wheat Beer - Hefeweizen,4.5,:Belike brewing,Lithuania,Local Pub
1598694683,2026-09-03,2.5,"Eigenlijk niet van gediend, wil alleen lokaal drinken. Maar blijkbaar alles al uitgespeeld in deze tent en heb t eten al besteld. Dan dit pilsie maar ff kantelen, kan geen kwaad. Niet bijzonder niet speciaal, maar zeker goed te drinken. Op naar t eten!!","",Brooklyn Lager,Lager - Vienna,5.2,Brooklyn Brewery,United States,7 Fridays
1598694764,2026-09-03,3.0,"","",Baltijos,Märzen,5.8,Švyturys,Lithuania,Etno Dvaras
1598694775,2026-09-03,3.5,"","Nicosia, Cyprus",Smoked Helles,Rauchbier,4.8,Sakiškės Brewery / Sakiškių Alus,Lithuania,Beer House
1598694789,2026-09-03,3.8,"","",Rinktinis,Lager - Pale,5.2,Volfas Engelman,Lithuania,Piazza
1598694883,2026-09-03,3.0,"","",Baltijos,Märzen,5.8,Švyturys,Lithuania,Etno Dvaras
1598695642,2026-09-03,1.8,Not a fan - lovely place but quite a small selection,Wellingborough,IPUTĖ (Little IPA),IPA - American,5.1,Craft & Draft Brewpub & Whiskey,Lithuania,Craft & Draft
1598695765,2026-09-03,3.8,"","",Bitė Darže,Mead - Session / Short,9.4,Šušvės Midus,Lithuania,Local Pub
1598696257,2026-09-03,3.8,"","",Kirsiko,Sour - Fruited,4.7,Tuletorn Brewing,Estonia,Gero alaus parduotuvė
1598697723,2026-09-03,3.0,"",Stockholm,Oranje (Final Eight - Netherlands),IPA - Imperial / Double,8.0,Funky Fluid,Poland,Local Pub
1598698564,2026-09-03,4.3,"","",Grandeza,Sour - Fruited Gose,8.0,Public Access Liquids,United States,
1598698584,2026-09-03,4.0,"",Minsk,Mera IPA,IPA - American,6.5,Browar Artezan,Poland,Local Pub
1598699213,2026-09-03,4.0,"","",Penki Mazgai,IPA - New England / Hazy,5.0,Brick by Brick (Raudonų Plytų Alaus Dirbtuvės),Lithuania,Grill London
1598699502,2026-09-03,2.8,"","",Utenos Cherry,Fruit Beer,4.6,Utenos Alus,Lithuania,Fortuna Hostel Vilnius
1598699621,2026-09-03,3.0,"","",4 Luppoli Originale,Lager - Pale,5.0,Birrificio Angelo Poretti,Italy,Grill London
1598700028,2026-09-03,4.5,"","",Affligem Blonde,Belgian Blonde,6.7,Affligem Brouwerij,Belgium,
1598700579,2026-09-03,2.8,"Nice, smooth and a decent beer. Not bad for €4.50",Wellingborough,Humulupu IPA,IPA - Session,5.0,Dundulis,Lithuania,Tesla
1598701248,2026-09-03,4.3,"","",Oranje (Final Eight - Netherlands),IPA - Imperial / Double,8.0,Funky Fluid,Poland,
1598701697,2026-09-03,3.8,\m/,Vilnius,Beck's,Pilsner - German,4.9,Brauerei Beck,Germany,
1598702012,2026-09-03,4.0,"","",Lime Combo,Wheat Beer - Fruited,5.0,Les Intenables - Craft Beer,France,Def Enjoy
1598702032,2026-09-03,4.0,"","",Jagodinsko Pivo,Pilsner - Other,4.8,Valjevska Pivara,Serbia,
1598702128,2026-09-03,3.5,"","Nicosia, Cyprus",Seville Sunrise,Sour - Fruited Berliner Weisse,3.8,Eternal Night Brewing,Estonia,Alaus Biblioteka
1598702206,2026-09-03,3.8,"","",Meetilk,Blonde / Golden Ale - Other,4.5,Humalakoda,Estonia,Alaus Biblioteka
1598702351,2026-09-03,3.8,"","",Bière Pacifique,Pale Ale - Belgian,4.0,Eternal Night Brewing,Estonia,Alaus Biblioteka
1598702400,2026-09-03,3.5,"",Vilnius,Seville Sunrise,Sour - Fruited Berliner Weisse,3.8,Eternal Night Brewing,Estonia,Alaus Biblioteka
1598702457,2026-09-03,4.0,"","",Vaim,IPA - White / Wheat,6.5,Humalakoda,Estonia,Alaus Biblioteka
1598702573,2026-09-03,3.8,"","",Seville Sunrise,Sour - Fruited Berliner Weisse,3.8,Eternal Night Brewing,Estonia,Alaus Biblioteka
1598702717,2026-09-03,3.5,"",Vilnius,Bière Pacifique,Pale Ale - Belgian,4.0,Eternal Night Brewing,Estonia,Alaus Biblioteka
1598702773,2026-09-03,3.8,"","",Pigem Eil,Sour - Flanders Red Ale,7.0,Hiiumaa Pruulikoda,Estonia,Alaus Biblioteka
1598702822,2026-09-03,3.5,"",Stockholm,Citra IPA,IPA - American,5.4,Bear & Boar,Lithuania,Beer House
1598703093,2026-09-03,3.8,"",Vilnius,Meetilk,Blonde / Golden Ale - Other,4.5,Humalakoda,Estonia,Alaus Biblioteka
1598703379,2026-09-03,3.5,"",Vilnius,Vaim,IPA - White / Wheat,6.5,Humalakoda,Estonia,Alaus Biblioteka
1598703581,2026-09-03,3.5,"",Vilnius,Pigem Eil,Sour - Flanders Red Ale,7.0,Hiiumaa Pruulikoda,Estonia,Alaus Biblioteka
1598703753,2026-09-03,3.5,"","",Meetilk,Blonde / Golden Ale - Other,4.5,Humalakoda,Estonia,Alaus Biblioteka
1598704927,2026-09-03,2.8,"Eten in de pens, soort van snitzel maar dan wel een hele kleine. Nouja stukkie gestippeld en nog maar ff een lokaal biertje proeven. Nu kan het nog, gaan het laatste avondje in. Nog 1x misdragen in Vilnius. Biertje erg hoppig, sjeetje achja prima hoor!!","",Simkala APA,Pale Ale - American,5.0,Širvėnos bravoras DUNDULIS,Lithuania,Savičiaus Špunka
1598705079,2026-09-03,4.5,"","",Anarkist New England IPA,IPA - New England / Hazy,5.4,Theodor Schiøtz Brewing Company,Denmark,King & Mouse
1598705316,2026-09-03,3.8,"","",Pigem Eil,Sour - Flanders Red Ale,7.0,Hiiumaa Pruulikoda,Estonia,Alaus Biblioteka
1598705345,2026-09-03,3.5,"","",Mera IPA,IPA - American,6.5,Browar Artezan,Poland,Local Pub
1598705412,2026-09-03,3.8,"","",Firminis Gabi,Blonde / Golden Ale - Other,5.2,Restoranas GABI,Lithuania,Gabi
1598705763,2026-09-03,4.0,"Класны калаб. Ад Other Half больш, чым ад Пінты","",Perfect Piece (15th Anniversary Other Half Collab),IPA - New England / Hazy,6.5,PINTA,Poland,Local Pub
1598705776,2026-09-03,4.0,"Для Польшчы бомба канешне, відаць гэта той выпадак калі калаба хоць на нешта паўплывала","",Perfect Piece (15th Anniversary Other Half Collab),IPA - New England / Hazy,6.5,PINTA,Poland,Local Pub
1598706165,2026-09-03,2.0,"","",Porteris Black Beer,Porter - Baltic,6.0,Aukštaitijos Bravorai,Lithuania,
1598706470,2026-09-03,3.3,"","",Meetilk,Blonde / Golden Ale - Other,4.5,Humalakoda,Estonia,Alaus Biblioteka
1598706927,2026-09-03,2.0,"",Vilnius ,Erebuni (Эребуни),Lager - Pale,4.8,Kotayk Brewery,Armenia,Plento Grill&Wine
1598706965,2026-09-03,3.0,"","",Bière Pacifique,Pale Ale - Belgian,4.0,Eternal Night Brewing,Estonia,Alaus Biblioteka
1598706997,2026-09-03,3.8,"Звышкласіка, але чамусьці раней не піў","",Mera IPA,IPA - American,6.5,Browar Artezan,Poland,Local Pub
1598707020,2026-09-03,0.0,"","",Ekstra,Lager - Dortmunder / Export,5.2,Švyturys,Lithuania,7 Fridays Vingio Parkas
1598707106,2026-09-03,3.8,"",Stockholm,Californication / Kalifornikacija,Pale Ale - American,4.5,Genys Brewing Co.,Lithuania,Beer House
1598707944,2026-09-03,4.0,"","",Third Sunrise,IPA - Triple New England / Hazy,10.0,Mikkeller,Denmark,Def Enjoy
1598708336,2026-09-03,3.3,"","",Seville Sunrise,Sour - Fruited Berliner Weisse,3.8,Eternal Night Brewing,Estonia,Alaus Biblioteka
1598708535,2026-09-03,3.5,"",Vilnius,Meetilk,Blonde / Golden Ale - Other,4.5,Humalakoda,Estonia,Alaus Biblioteka
1598709375,2026-09-03,4.0,"","",Silence,Stout - Belgian,8.0,Eternal Night Brewing,Estonia,
1598709830,2026-09-03,3.0,"",Vilnius,Forever Brewery Infinity,IPA - Australian,6.5,Волинський бровар,Ukraine,
1598709875,2026-09-03,3.8,"",Vilnius,Silence,Stout - Belgian,8.0,Eternal Night Brewing,Estonia,Alaus Biblioteka
1598710616,2026-09-03,4.3,"","",Metsik Sauvage,Farmhouse Ale - Saison,9.0,Eternal Night Brewing,Estonia,
1598710864,2026-09-03,2.8,"","",Vaim,IPA - White / Wheat,6.5,Humalakoda,Estonia,Alaus Biblioteka
1598710925,2026-09-03,4.0,"",Vilnius,Metsik Sauvage,Farmhouse Ale - Saison,9.0,Eternal Night Brewing,Estonia,Alaus Biblioteka
1598711206,2026-09-03,4.0,"","",Cornelissen Luxury Lager,Lager - Pale,5.5,Brouwerij Cornelissen,Belgium,Brussels Mussels Centrum
1598711897,2026-09-03,3.5,"","",Bière Pacifique,Pale Ale - Belgian,4.0,Eternal Night Brewing,Estonia,Alaus Biblioteka
1598711928,2026-09-03,3.8,"",Vilnius,Vienna Style Lager,Lager - Vienna,4.7,Litra Brewing Company,Moldova,Aquarius Brewery
1598711969,2026-09-03,3.8,"",Vilnius,Bière Pacifique,Pale Ale - Belgian,4.0,Eternal Night Brewing,Estonia,Alaus Biblioteka
1598712173,2026-09-03,3.8,"","",Citra Pale Ale,Pale Ale - American,5.8,Odd Side Ales,United States,Smagus Raugas beershop
1598712883,2026-09-03,3.8,"","",Seville Sunrise,Sour - Fruited Berliner Weisse,3.8,Eternal Night Brewing,Estonia,Alaus Biblioteka
1598713029,2026-09-03,4.5,"","",Bourbon County Brand Stout (2019) 14.7%,Stout - Imperial / Double,14.7,Goose Island Beer Co.,United States,
1598713155,2026-09-03,2.5,"","",Meetilk,Blonde / Golden Ale - Other,4.5,Humalakoda,Estonia,Alaus Biblioteka
1598713204,2026-09-03,3.5,"",Vilnius,Seville Sunrise,Sour - Fruited Berliner Weisse,3.8,Eternal Night Brewing,Estonia,Alaus Biblioteka
1598713230,2026-09-03,4.0,"","",Vaim,IPA - White / Wheat,6.5,Humalakoda,Estonia,Alaus Biblioteka
1598713332,2026-09-03,3.0,"","",Bière Pacifique,Pale Ale - Belgian,4.0,Eternal Night Brewing,Estonia,Alaus Biblioteka
1598713575,2026-09-03,4.0,"","",Pigem Eil,Sour - Flanders Red Ale,7.0,Hiiumaa Pruulikoda,Estonia,Alaus Biblioteka
1598713588,2026-09-03,1.5,"","",Seville Sunrise,Sour - Fruited Berliner Weisse,3.8,Eternal Night Brewing,Estonia,Alaus Biblioteka
1598713727,2026-09-03,2.5,"","",Vaim,IPA - White / Wheat,6.5,Humalakoda,Estonia,Alaus Biblioteka
1598713825,2026-09-03,0.3,"","",Pigem Eil,Sour - Flanders Red Ale,7.0,Hiiumaa Pruulikoda,Estonia,Alaus Biblioteka
1598713898,2026-09-03,2.0,"","",Plaukia Pusiau Sausas,Bière de Champagne / Bière Brut,5.5,Brick by Brick (Raudonų Plytų Alaus Dirbtuvės),Lithuania,Alaus studija
1598713992,2026-09-03,4.0,"","",Metsik Sauvage,Farmhouse Ale - Saison,9.0,Eternal Night Brewing,Estonia,
1598714332,2026-09-03,3.0,"","Nicosia, Cyprus",Ekstra,Lager - Dortmunder / Export,5.2,Švyturys,Lithuania,Winestone
1598714703,2026-09-03,3.0,"Begin aardig sikker te worden van al die halve Leo's. Maar vertik het om een kleine te bestellen. Nog even 1 avond pieken. Volgende pubje ook weer wild, al zit iedereen buiten. Ook er tegenover wild pubje leuk allemaal hoor. Lekker bruin en vies, zalig!","",Debesainis,Wheat Beer - Hefeweizen,4.5,Širvėnos bravoras DUNDULIS,Lithuania,Etmonų Špunka
1598714773,2026-09-03,3.0,"","","Midus ""Bičiulių"" (Strawberry & Elderflower Session Mead)",Mead - Session / Short,7.2,Šušvės Midus,Lithuania,Local Pub
1598715315,2026-09-03,4.0,"","",Metsik Sauvage,Farmhouse Ale - Saison,9.0,Eternal Night Brewing,Estonia,Alaus Biblioteka
1598715841,2026-09-03,3.5,"","",Steenbrugge Dubbel Bruin,Belgian Dubbel,6.5,Brouwerij Palm,Belgium,Sparta Bar
1598716388,2026-09-03,3.8,"","",Kuršių,Mead - Session / Short,6.1,Šušvės Midus,Lithuania,Local Pub
1598716414,2026-09-03,3.8,Клубніцы знянацку някепска заходзяць,"","Midus ""Bičiulių"" (Strawberry & Elderflower Session Mead)",Mead - Session / Short,7.2,Šušvės Midus,Lithuania,Local Pub
1598716629,2026-09-03,4.3,"",Vilnius,"Midus ""Medkopio"" (Apple Bochet Session Mead)",Mead - Bochet,6.8,Šušvės Midus,Lithuania,Local Pub
1598717002,2026-09-03,3.5,"","",Pigem Eil,Sour - Flanders Red Ale,7.0,Hiiumaa Pruulikoda,Estonia,Alaus Biblioteka
1598717160,2026-09-03,2.8,"",Vilnius,TWELVE Triple Jungle Coco IPA,IPA - Triple New England / Hazy,8.0,Волинський бровар,Ukraine,
1598717732,2026-09-03,4.0,"",Vilnius,Metsik Sauvage,Farmhouse Ale - Saison,9.0,Eternal Night Brewing,Estonia,Alaus Biblioteka
1598718080,2026-09-03,3.8,"",Vilnius,Vaim,IPA - White / Wheat,6.5,Humalakoda,Estonia,Alaus Biblioteka
1598719060,2026-09-03,3.5,lehet siman,"",SABROTAGE / Session NEIPA - Citra & Sabro & Mosaic & Amarillo,IPA - New England / Hazy,5.1,Pivovar Vik,Czech Republic,Def Enjoy
1598719147,2026-09-03,4.0,Ахраненны мёд. Ведаць бы яшчэ з чым ён,"",Kuršių,Mead - Session / Short,6.1,Šušvės Midus,Lithuania,Local Pub
1598719340,2026-09-03,3.0,"","",Jovarų alus su medumi,Honey Beer,5.6,A. Udrienes I.Į. Jovarų Alus,Lithuania,Senoji Trobelė
1598720174,2026-09-03,4.5,"","",Kasteel Rubus Framboise,Fruit Beer,7.0,Kasteel Brouwerij Vanhonsebrouck,Belgium,
1598721187,2026-09-03,4.0,"","",La Chouffe Blonde,Belgian Strong Golden Ale,8.0,Brasserie d'Achouffe,Belgium,
1598721202,2026-09-03,0.0,"","",Grimbergen Double Ambrée,Belgian Dubbel,6.5,Brasseries Kronenbourg,France,
1598722612,2026-09-03,4.0,It Knows,"",Pyre,IPA - New England / Hazy,7.0,SOMA Beer,Spain,Def Enjoy
1598722613,2026-09-03,4.5,"","",Banana X Passionfruit X Guava X Mango X Ice Cream Smoothie Sour Ale,Sour - Smoothie / Pastry,4.5,Ārpus Brewing Co.,Latvia,
1598722842,2026-09-03,4.3,"",Vilnius,QDH Riwaka X Citra Cryo X Mosaic Cryo X Nectaron TIPA,IPA - Triple New England / Hazy,10.3,Ārpus Brewing Co.,Latvia,Nisha Craft Capital
1598722918,2026-09-03,4.0,"","",QDH Riwaka X Citra Cryo X Mosaic Cryo X Nectaron TIPA,IPA - Triple New England / Hazy,10.3,Ārpus Brewing Co.,Latvia,
1598723007,2026-09-03,3.5,"Stukkie door de ""gewone mensenwijk"" mooi zo al die lokalen. Leuke kroegen ook, ga hier straks wel ff terug. In deze kroeg ook gewoon een caramel malty dark van het huis. Deze gasten weten wag lekker is. Wat n helden, wat een volle bak. Wilde bende","",Varniukai,Lager - Amber / Red,5.6,Snekutis,Lithuania,Šnekutis
1598723671,2026-09-03,4.3,"",Vilnius,Banana X Passionfruit X Guava X Mango X Ice Cream Smoothie Sour Ale,Sour - Smoothie / Pastry,4.5,Ārpus Brewing Co.,Latvia,Nisha Craft Capital
1598724038,2026-09-03,3.5,"","",X Years of Nisha,IPA - New England / Hazy,6.5,Browar Rockmill,Poland,Nisha Craft Capital
1598724368,2026-09-03,2.8,"","",Tabula Rasa,Pale Ale - Other,5.0,Brasserie de la Senne,Belgium,Nisha Craft Capital
1598724752,2026-09-03,3.8,"",Vilnius,Pigem Eil,Sour - Flanders Red Ale,7.0,Hiiumaa Pruulikoda,Estonia,Alaus Biblioteka
1598725579,2026-09-03,3.8,"","",Atblāzma (Glow),Sour - Fruited Berliner Weisse,3.5,Labietis. Pagan Brews,Latvia,Alaus Biblioteka
1598725877,2026-09-03,3.3,"","",Seville Sunrise,Sour - Fruited Berliner Weisse,3.8,Eternal Night Brewing,Estonia,Alaus Biblioteka
1598725878,2026-09-03,3.0,"Ну гэта кашмар, а не фландэрс","",Pigem Eil,Sour - Flanders Red Ale,7.0,Hiiumaa Pruulikoda,Estonia,Alaus Biblioteka
1598726203,2026-09-03,2.5,"","",Zilgas Humpaliņa,Farmhouse Ale - Saison,6.3,Labietis. Pagan Brews,Latvia,Alaus Biblioteka
1598726660,2026-09-03,2.5,"","",Meetilk,Blonde / Golden Ale - Other,4.5,Humalakoda,Estonia,Alaus Biblioteka
1598726710,2026-09-03,3.3,Ну гэта вельмі кепска,"",Zilgas Humpaliņa,Farmhouse Ale - Saison,6.3,Labietis. Pagan Brews,Latvia,Alaus Biblioteka
1598727466,2026-09-03,3.0,"Піць можа, і мінімальныя ноткі фландэрса такі прысутнічаюць","",Pigem Eil,Sour - Flanders Red Ale,7.0,Hiiumaa Pruulikoda,Estonia,Alaus Biblioteka
1598727479,2026-09-03,3.8,"Калі б не арэгана, то было б таксама кепска","",Atblāzma (Glow),Sour - Fruited Berliner Weisse,3.5,Labietis. Pagan Brews,Latvia,Alaus Biblioteka
1598728138,2026-09-03,3.8,"","",SUPER 8 IPA,IPA - Belgian,6.0,Brouwerij Haacht Brasserie,Belgium,Užupis
1598728301,2026-09-03,3.3,Навошта гэта кудысьці экспартаваць?,"",Seville Sunrise,Sour - Fruited Berliner Weisse,3.8,Eternal Night Brewing,Estonia,Alaus Biblioteka
1598729032,2026-09-03,3.8,"","",Dank Orbit,IPA - American,7.0,Outer Range Brewing Co.,United States,Def Enjoy
1598729188,2026-09-03,3.0,Не хадзіў сюды і хадзіць не буду,"",Meetilk,Blonde / Golden Ale - Other,4.5,Humalakoda,Estonia,Alaus Biblioteka
1598729267,2026-09-03,2.8,"","",Rinktinis,Lager - Pale,5.2,Volfas Engelman,Lithuania,Skybar
1598729704,2026-09-03,3.0,"","","Duvel 6,66%",Belgian Blonde,6.7,Duvel Moortgat,Belgium,
1598730418,2026-09-03,3.3,"",Stockholm,Humulupu IPA,IPA - Session,5.0,Dundulis,Lithuania,Beer House
1598732095,2026-09-03,2.5,"","",Šviesus,Lager - Pale,5.0,Būsi Trečias,Lithuania,Būsi Trečias
1598732231,2026-09-03,3.8,"","",VD-10!,Pale Ale - XPA (Extra Pale),5.0,Basker Brewing Co.,Lithuania,laiptine
1598732395,2026-09-03,3.8,"","",Orange Drank,Sour - Fruited,7.8,The Brewing Projekt,United States,
1598733697,2026-09-03,3.5,"","",Rubber Duck,IPA - New England / Hazy,6.8,Sofia Electric Brewing ,Bulgaria,Alaus Biblioteka
1598735428,2026-09-03,3.5,"","",Juodas,Lager - Dark,6.7,Būsi Trečias,Lithuania,Būsi Trečias
1598735536,2026-09-03,3.5,"","",Pineapple Breeze,IPA - Milkshake,5.5,Bear & Boar,Lithuania,
1598735663,2026-09-03,4.0,"","",Pomegranate Lime Gose,Sour - Fruited Gose,4.8,Bear & Boar,Lithuania,
1598735830,2026-09-03,2.3,"","Nicosia, Cyprus",Gubernijos Nealkoholinis Tamsusis Elis / Naked Brown Ale,Non-Alcoholic - Brown Ale,0.0,Gubernija Brewery,Lithuania,Novotel Vilnius Centre
1598735887,2026-09-03,2.5,"","",Framboise (2019),Sour - Fruited,7.4,Alesong Brewing & Blending,United States,
1598736259,2026-09-03,3.5,"","",Spaten Münchner Hell / Premium Lager,Lager - Helles,5.2,Spaten-Franziskaner-Löwenbräu-Gruppe,Germany,Republic No.4
1598737692,2026-09-03,3.8,Узровень: крыху вышэй за стандартны ўзровень палякаў,"",Rubber Duck,IPA - New England / Hazy,6.8,Sofia Electric Brewing ,Bulgaria,Alaus Biblioteka
1598738018,2026-09-03,2.5,Very average,Wellingborough,SUPER 8 IPA,IPA - Belgian,6.0,Brouwerij Haacht Brasserie,Belgium,Beer House
1598739464,2026-09-03,2.8,"","",Kaltenberg Royal Lager,Lager - Helles,5.1,König Ludwig Schlossbrauerei Kaltenberg,Germany,
1598740347,2026-09-03,3.5,"","",Pivo světlý ležák,Lager - Pale,5.2,Česká pinta,Czech Republic,
1598741336,2026-09-03,4.0,"",Vilnius,Dubults IPA,IPA - American,7.2,Dundulis,Lithuania,Liv_in City
1598743443,2026-09-03,3.8,En spännande upplevelse olikt någonting annat. Smakar som om malt och lager fick en avkomma. Inbillar jag mig en hint av enbär?,"",Dark Forest / Tamsus Miškas,Porter - Baltic,6.0,Genys Brewing Co.,Lithuania,Genys Beer Garden
1598743659,2026-09-03,3.8,"",Minsk,Lucky You,IPA - American,6.5,PINTA,Poland,Local Pub
1598743950,2026-09-03,3.5,"","",Bière Pacifique,Pale Ale - Belgian,4.0,Eternal Night Brewing,Estonia,Alaus Biblioteka
1598745323,2026-09-03,3.5,"",Vilnius,Sidra El Gaitero,Cider - Traditional / Apfelwein,4.1,El Gaitero,Spain,La Boheme Terasa
1598745632,2026-09-03,3.8,"",Kaunas,Crank the Spring 2026,IPA - New England / Hazy,5.5,Moersleutel Craft Brewery,Netherlands,Crank
1598745778,2026-09-03,2.5,"","",Tamsi Praeitis (Dark Past),Lager - Dark,4.9,Craft & Draft Brewpub & Whiskey,Lithuania,Craft & Draft
1598745916,2026-09-03,3.5,"",Vilnius,Nida,Wheat Beer - Hefeweizen,4.5,:Belike brewing,Lithuania,Local Pub
1598746304,2026-09-03,2.5,"",Kaunas,Tuborg Guld/Gold,Lager - Pale,5.6,Carlsberg Group,Denmark,Gold Hong Kong
1598746642,2026-09-03,3.8,"","",Blueberry Bun,Sour - Smoothie / Pastry,4.3,Browar Stu Mostów,Poland,Nisha Craft Capital
1598747291,2026-09-03,3.5,"","","Boathouse #1",IPA - New England / Hazy,6.8,À La Dérive Brasserie Artisanale,Canada,Nisha Craft Capital
1598747645,2026-09-03,3.3,"","",Grynas,Lager - Pale,5.0,Širvėnos bravoras DUNDULIS,Lithuania,Etmonų Špunka
1598748453,2026-09-03,3.0,"Bier met heel veel glazen. Zit in een bar met een Nederlandse eigenaar, blijkbaar. Erg gaaf. Erg vriendelijk ook allemaal. Maar vooral heel harde muziek. Karaoke avond of zoiets, in ieder geval heel hard en heel vals, en nog geen nummer tot t einde.","",Senolių Senovinis,Traditional Ale,6.0,Su Puta,Lithuania,Baltas Ūsas
1598751700,2026-09-03,2.0,"","",Česká Pinta №1 Monastyrske,Lager - Strong,5.9,Česká pinta,Czech Republic,
1598756146,2026-09-03,3.5,"","",Tabula Rasa,Pale Ale - Other,5.0,Brasserie de la Senne,Belgium,Nisha Craft Capital
1598756173,2026-09-03,3.5,"Ik had deze in willen checken met een filmpje. Deze pubquizavond is geniaal, ik versta dr niks van maar de tent staat op zo kop. En ik zit er middenin. Wat een gekkigheid. En wat een fanatisme. Hopen op een paar Engelse knallers zo. Bier is zoetig, zalig!","",Mango Milkshake APA,Pale Ale - Milkshake,5.2,Green Monster Brewery,Lithuania,Baltas Ūsas
1598757814,2026-09-03,4.3,"Очень необычно. Вино, квас, вишня, жженый сахар…","","Midus ""Medkopio"" (Apple Bochet Session Mead)",Mead - Bochet,6.8,Šušvės Midus,Lithuania,
1598757929,2026-09-03,3.8,Неіпка са смакам Нішы,"","Boathouse #1",IPA - New England / Hazy,6.8,À La Dérive Brasserie Artisanale,Canada,Nisha Craft Capital
1598759150,2026-09-03,4.0,Апошняе! Max B. Дзяк,Minsk,Perfect Piece (15th Anniversary Other Half Collab),IPA - New England / Hazy,6.5,PINTA,Poland,Local Pub
1598760173,2026-09-03,4.0,"","",HyperBoost: Citra,IPA - Imperial / Double New England / Hazy,8.1,Funky Fluid,Poland,Local Pub
1598761098,2026-09-03,4.0,"Салодка, але ок","",Blueberry Bun,Sour - Smoothie / Pastry,4.3,Browar Stu Mostów,Poland,Nisha Craft Capital
1598762310,2026-09-03,3.8,"","",RAFA,IPA - Sour,6.8,Fehér Nyúl,Hungary,
1598762455,2026-09-03,3.8,"Sour Ipa, tikrai cute",Kaunas,RAFA,IPA - Sour,6.8,Fehér Nyúl,Hungary,
1598762827,2026-09-03,4.0,"","","Midus ""Medkopio"" (Apple Bochet Session Mead)",Mead - Bochet,6.8,Šušvės Midus,Lithuania,Local Pub
1598763309,2026-09-03,2.8,"","",Walter Tradicinis,Lager - Amber / Red,6.0,Rimi Lietuva ,Lithuania,
1598763384,2026-09-03,3.8,"","",Denver,IPA - Imperial / Double New England / Hazy,9.2,Omnipollo,Sweden,Nisha Craft Capital
1598765999,2026-09-03,3.3,"","",Monks' Bread,Bock - Doppelbock,7.1,Fehér Nyúl,Hungary,
1598766691,2026-09-03,3.8,"",Vilnius,Humulupu IPA,IPA - Session,5.0,Dundulis,Lithuania,Liv_in City
1598766881,2026-09-03,3.5,toks duoniškas porteris,Kaunas,Monks' Bread,Bock - Doppelbock,7.1,Fehér Nyúl,Hungary,
1598767278,2026-09-03,3.8,Pretty nice. Bitter one.,Vilnius,Pilsener-Bier,Pilsner - German,4.9,Störtebeker Braumanufaktur,Germany,
1598768883,2026-09-03,4.0,"Nos: cytrusowe, lekka kiszonka;
Język: chmielowe, cytrusowe, delikatne, kwiatowe, pijalne, całkiem treściwe; udane;","",Slow IPA,IPA - Session,5.0,Basker Brewing Co.,Lithuania,Nisha Craft Capital
1598769726,2026-09-03,3.3,"Pub op aanraden van de vorige kastelein. Foxwilde hardrock pub. Wordt gewoon met 100tjes betaald en pinnen mag nieteens. Zalig, hier hou ik van. De eerste vent is al omgevallen, zo sikker zijn ze hier. Wat een helden, wat een mafketels. Zit je dan hahah","",Baltas (White),Wheat Beer - Hefeweizen,5.0,Švyturys,Lithuania,BIX Baras
1598769859,2026-09-03,2.5,"","",Bush Ambrée Triple,Belgian Strong Golden Ale,12.0,Brasserie Dubuisson,Belgium,
1598770478,2026-09-03,3.3,"","",Turbid,IPA - New England / Hazy,5.8,Fehér Nyúl,Hungary,
1598771046,2026-09-03,4.3,"","",Kuršių,Mead - Session / Short,6.1,Šušvės Midus,Lithuania,Local Pub
1598771351,2026-09-03,3.8,švelnesnis anarchistas,Kaunas,Turbid,IPA - New England / Hazy,5.8,Fehér Nyúl,Hungary,
1598771630,2026-09-03,3.0,"","",Steenbrugge Blond,Belgian Blonde,6.5,Brouwerij Palm,Belgium,
1598771692,2026-09-03,3.8,"",Vilnius,IPA,IPA - American,6.2,Lagunitas Brewing Company,United States,7 Fridays Reformatu
1598773143,2026-09-03,2.5,"","",Maredsous Brune / Bruin,Belgian Dubbel,8.0,Abbaye de Maredsous,Belgium,
1598775150,2026-09-03,4.5,"A guide to terroir farmhouses.

By: Robertas Žmogus","Vilnius, Lithuania",Metsik Sauvage,Farmhouse Ale - Saison,9.0,Eternal Night Brewing,Estonia,Alaus Biblioteka
1598777376,2026-09-03,4.0,Нікола Ёкіч – МВП!,"",Denver,IPA - Imperial / Double New England / Hazy,9.2,Omnipollo,Sweden,Nisha Craft Capital
1598780200,2026-09-03,3.8,"",Vilnius,Simkala APA,Pale Ale - American,5.0,Širvėnos bravoras DUNDULIS,Lithuania,Liv_in City
1598780644,2026-09-03,3.3,"Pfoe op de valreep, laatste ronde nog meepakken in t bierhuis. Want ja daar moet ik wel zijn geweest. Zo de lokale wijken achter me laten en richting de strip. Wie weet wat daar nog gebeuren gaat. Dit bier in ieder geval achter de kiezen. Donker en fijn!!","",Double Horn Juodasis Alus,Dark Ale,4.0,Alsteka,Lithuania,Beer House
1598781664,2026-09-03,4.0,"",LTU,Kuršių,Mead - Session / Short,6.1,Šušvės Midus,Lithuania,Local Pub
1598782672,2026-09-03,3.5,Simple. Drinkable.,Vilnius,Schultheiss Pilsener,Pilsner - German,5.0,Berliner-Kindl-Schultheiss-Brauerei,Germany,
1598784933,2026-09-04,3.5,"","",Bitė Darže,Mead - Session / Short,9.4,Šušvės Midus,Lithuania,Local Pub
1598788450,2026-09-04,3.0,Mmm gott med vanlig lager efter banan- och enbärsölsschabraket.,"",Vilniaus Nefiltruotas Šviesusis,Kellerbier / Zwickelbier,5.2,Vilniaus Alus,Lithuania,Who Hit John Outside
1598789698,2026-09-04,2.8,"Beetje moeite om binnen te komen, bleek te dronken te zijn. Kan kloppen maar was het er niet mee eens. Toch binnen, regel ik weer hè, huisbiertje weinig bijzonders. Pils en dat is het. Karaoke avond ook hier. Ze zingt nog goed ook. Genieten is dit hoor!!","",La Birra Blonde,Blonde / Golden Ale - Other,0.0,La Birra Pub,Lithuania,La Birra
1598790482,2026-09-04,4.0,"",LTU,"Midus ""Medkopio"" (Apple Bochet Session Mead)",Mead - Bochet,6.8,Šušvės Midus,Lithuania,Local Pub
1598796554,2026-09-04,3.3,"Laatste omdat het zo'n feest is in de kelder. Dan ga ik echt naar de keet. Mooigeweest na 9 dagen. Poah. Maar deze pak ik nog even mee. Fijn biertje fijn karaoke feestje hier. Ik geniet er van. Snel de dansvloer op, halleluja wat een leven heb ik toch","",La Birra Dubbel,Brown Ale - Belgian,5.0,La Birra Pub,Lithuania,La Birra
1598851240,2026-09-04,3.5,"","",Brooklyn Lager,Lager - Vienna,5.2,Brooklyn Brewery,United States,Botanist Kiemelis
1598858664,2026-09-04,3.5,En av de godare lagrarna man druckit.,"",Rinktinis,Lager - Pale,5.2,Volfas Engelman,Lithuania,Televizijos bokštas | Vilnius TV tower (Televizijos bokštas)
1598859512,2026-09-04,5.0,"",Tallinn,Craft Sidras,Cider - Traditional / Apfelwein,5.4,Vilkmerges Alus,Lithuania,Šnekutis
1598859521,2026-09-04,3.0,"","Nicosia, Cyprus",Bistrampolio Dvaro Šviesusis / Bistrampolio Dvaro Light / Muižas Gaišais Alus,Lager - Pale,5.0,Aukštaitijos Bravorai,Lithuania,Etno dvaras
1598859530,2026-09-04,5.0,"","Tallinn, Estonia",Daydream Witbier,Wheat Beer - Witbier / Blanche,5.0,Basker Brewing Co.,Lithuania,Šnekutis
1598859587,2026-09-04,5.0,"",Tallinn,Nida,Wheat Beer - Hefeweizen,4.5,:Belike brewing,Lithuania,Local Pub
1598859591,2026-09-04,5.0,"","Tallinn, Estonia",Franken,Kellerbier / Zwickelbier,4.7,:Belike brewing,Lithuania,Local Pub
1598859659,2026-09-04,5.0,"",Tallinn,Hoppy Lager,Lager - Other,5.4,Bear & Boar,Lithuania,Šernas pub
1598859703,2026-09-04,5.0,A really beautiful pub!,"Tallinn, Estonia",Citra IPA,IPA - American,5.4,Bear & Boar,Lithuania,Šernas pub
1598859760,2026-09-04,5.0,"",Tallinn,Geuze Mariage Parfait (2020),Lambic - Gueuze,8.0,Brouwerij Boon,Belgium,Alaus Biblioteka
1598859793,2026-09-04,3.0,"","Nicosia, Cyprus",Ekstra,Lager - Dortmunder / Export,5.2,Švyturys,Lithuania,Etno dvaras
1598859822,2026-09-04,5.0,"","Tallinn, Estonia",Metsik Sauvage,Farmhouse Ale - Saison,9.0,Eternal Night Brewing,Estonia,Alaus Biblioteka
1598859866,2026-09-04,5.0,"",Tallinn,Aecht Schlenkerla Weichsel – Rotbier,Rauchbier,4.6,"Schlenkerla (""Heller-Bräu"" Trum)",Germany,Alaus Biblioteka
1598859869,2026-09-04,5.0,"","Tallinn, Estonia",Geuze Mariage Parfait (2020),Lambic - Gueuze,8.0,Brouwerij Boon,Belgium,Alaus Biblioteka
1598859921,2026-09-04,5.0,"",Tallinn,Ellipsis,IPA - American,5.6,Sofia Electric Brewing ,Bulgaria,Alaus Biblioteka
1598859953,2026-09-04,5.0,"","Tallinn, Estonia",Pils,Pilsner - German,4.9,Brauerei Wagner Merkendorf,Germany,Alaus Biblioteka
1598859992,2026-09-04,5.0,"",Tallinn,Pils,Pilsner - German,4.9,Brauerei Wagner Merkendorf,Germany,Alaus Biblioteka
1598860095,2026-09-04,5.0,"",Tallinn,Lagerbier Ungespundet,Kellerbier / Zwickelbier,5.3,Brauerei Wagner Merkendorf,Germany,Alaus Biblioteka
1598860142,2026-09-04,3.3,"","Nicosia, Cyprus",Baltas (White),Wheat Beer - Hefeweizen,5.0,Švyturys,Lithuania,Etno dvaras
1598860242,2026-09-04,5.0,"",Tallinn,Metsik Sauvage,Farmhouse Ale - Saison,9.0,Eternal Night Brewing,Estonia,Alaus Biblioteka
1598860243,2026-09-04,5.0,"","Tallinn, Estonia",Lagerbier Ungespundet,Kellerbier / Zwickelbier,5.3,Brauerei Wagner Merkendorf,Germany,Alaus Biblioteka
1598860275,2026-09-04,5.0,"",Tallinn,Duivelsbier Wild,Brett Beer,6.3,Brouwerij Boon,Belgium,Alaus Biblioteka
1598860345,2026-09-04,5.0,"",Tallinn,Bamberger Herren Pils,Pilsner - German,4.8,Keesmann Bräu,Germany,Alaus Biblioteka
1598860398,2026-09-04,5.0,Who wants a collab between two bearded jerks making a NEIPA. THIS is the kinda collab I can get behind!,"Tallinn, Estonia",Duivelsbier Wild,Brett Beer,6.3,Brouwerij Boon,Belgium,Alaus Biblioteka
1598860455,2026-09-04,5.0,Who is Bosun and why should I care for his Moustache?,"Tallinn, Estonia",Bocmano Ūsai (Bosun’s Moustache),IPA - American,6.0,Brick by Brick (Raudonų Plytų Alaus Dirbtuvės),Lithuania,Who Hit John
1598860463,2026-09-04,5.0,"",Tallinn,Braurausch Kellerbier Kaltgehopft,Kellerbier / Zwickelbier - Dunkel,5.2,Wagner Bräu Kemmern,Germany,Alaus Biblioteka
1598860525,2026-09-04,5.0,"","Tallinn, Estonia",Bėganti Kopa (Running Dune),Wheat Beer - Witbier / Blanche,4.5,Brick by Brick (Raudonų Plytų Alaus Dirbtuvės),Lithuania,Who Hit John
1598860529,2026-09-04,3.5,"","Nicosia, Cyprus",Baltijos,Märzen,5.8,Švyturys,Lithuania,Etno dvaras
1598860537,2026-09-04,5.0,"",Tallinn,Guinness Draught,Stout - Irish Dry,4.2,Guinness,Ireland,King & Mouse
1598860582,2026-09-04,5.0,🚅Train station beers. Bound for Kaunas!,"Tallinn, Estonia",Kalnapilis Original,Lager - Pale,5.0,Kalnapilis Brewery,Lithuania,Čeburekinė
1598860619,2026-09-04,5.0,"",Tallinn,Bocmano Ūsai (Bosun’s Moustache),IPA - American,6.0,Brick by Brick (Raudonų Plytų Alaus Dirbtuvės),Lithuania,Who Hit John
1598860757,2026-09-04,3.0,"","",Ekstra,Lager - Dortmunder / Export,5.2,Švyturys,Lithuania,Rotonda parko restoranas
1598860783,2026-09-04,3.5,Interesting and unusual beer for a burger place!! Nice enough though,Wellingborough,Mango Milkshake,Pale Ale - Milkshake,5.6,Volfas Engelman,Lithuania,Smash By Mama Sakė Paeis
1598861888,2026-09-04,2.5,"","",Daydream Witbier,Wheat Beer - Witbier / Blanche,5.0,Basker Brewing Co.,Lithuania,Šnekutis
1598861920,2026-09-04,2.5,"","",Birra Moretti L'Autentica / Ricetta Originale,Lager - Pale,4.6,Birra Moretti,Italy,Lalimentari
1598861966,2026-09-04,2.3,"","",Leader Stiprusis,Lager - Strong,7.5,Kalnapilis Brewery,Lithuania,
1598861974,2026-09-04,2.8,"","",Varniukai,Lager - Amber / Red,5.6,Snekutis,Lithuania,Šnekutis
1598862010,2026-09-04,3.0,"","",Varniukai,Lager - Amber / Red,5.6,Snekutis,Lithuania,Šnekutis
1598862044,2026-09-04,2.5,"","",Daydream Witbier,Wheat Beer - Witbier / Blanche,5.0,Basker Brewing Co.,Lithuania,Šnekutis
1598862196,2026-09-04,2.5,"","",Ventės,Lager - Helles,5.0,Švyturys,Lithuania,
1598862778,2026-09-04,3.3,"","",APA,Pale Ale - American,5.0,Būsi Trečias,Lithuania,
1598864269,2026-09-04,3.3,"","",Rink's Anniversary Lager,Lager - Pale,5.2,Rinkuškiai,Lithuania,Snekutis
1598864638,2026-09-04,3.5,"","",APA,Pale Ale - American,5.0,Būsi Trečias,Lithuania,Būsi Trečias
1598864854,2026-09-04,3.5,"","",Juodas,Lager - Dark,6.7,Būsi Trečias,Lithuania,Būsi Trečias
1598864877,2026-09-04,5.0,"Очень вкусно. Мед, вереск, хмель…","",Viržinis (2018),Historical Beer - Gruit / Ancient Herbed Ale,5.6,Dundulis,Lithuania,
1598865892,2026-09-04,3.5,"","",Juodas,Lager - Dark,6.7,Būsi Trečias,Lithuania,Būsi Trečias
1598866422,2026-09-04,3.8,Трохи водянисто. Зато питко. Идея в целом -Ок),"",Juodaragio Sartasis '23,Historical Beer - Gruit / Ancient Herbed Ale,5.0,Dundulis,Lithuania,
1598866795,2026-09-04,0.0,First one in Vilnius,"",Vilniaus Nefiltruotas Šviesusis,Kellerbier / Zwickelbier,5.2,Vilniaus Alus,Lithuania,Žilvino restoranas
1598868602,2026-09-04,3.8,"","",Šviesus,Lager - Pale,5.0,Būsi Trečias,Lithuania,Būsi Trečias
1598869418,2026-09-04,3.0,Lager på lager,"",Ekstra,Lager - Dortmunder / Export,5.2,Švyturys,Lithuania,Užupio kavinė
1598871721,2026-09-04,5.0,Second time and just as fabulous!,Wellingborough,"WILL IT FLOAT #24",Sour - Smoothie / Pastry,6.0,White Dog Brewery,Netherlands,Nisha Craft Capital
1598872185,2026-09-04,3.8,"","",Nelson Sauvin X Simcoe X Superdelic West Coast IPA,IPA - American,6.2,Ārpus Brewing Co.,Latvia,Nisha Craft Capital
1598872577,2026-09-04,3.5,"","",Nelson Sauvin X Simcoe X Superdelic West Coast IPA,IPA - American,6.2,Ārpus Brewing Co.,Latvia,Nisha Craft Capital
1598872910,2026-09-04,3.3,"",Stockholm,IPA,IPA - Other,5.5,Kauno Alus,Lithuania,Narvesen
1598876247,2026-09-04,3.5,"",Stockholm,Origin IPA,IPA - New England / Hazy,5.8,Basker Brewing Co.,Lithuania,Nisha Craft Capital
1598878414,2026-09-04,4.0,"","",Alone In Space,IPA - New England / Hazy,6.0,TankBusters.Co,Poland,Nisha Craft Capital
1598878533,2026-09-04,4.0,"","","Boathouse #1",IPA - New England / Hazy,6.8,À La Dérive Brasserie Artisanale,Canada,Nisha Craft Capital
1598879681,2026-09-04,4.0,"","","Beauty Extreme - Carrot, Pineapple, Calamansi & Ginger",Sour - Smoothie / Pastry,4.6,Magic Road,Poland,Local Pub
1598880005,2026-09-04,3.3,"",Stockholm,Nelson Sauvin X Simcoe X Superdelic West Coast IPA,IPA - American,6.2,Ārpus Brewing Co.,Latvia,Nisha Craft Capital
1598880247,2026-09-04,3.5,"","",Pécsi Prémium Lager,Lager - Helles,5.0,Pécsi Sörfőzde,Hungary,
1598880893,2026-09-04,0.0,"","",Bitė Darže,Mead - Session / Short,9.4,Šušvės Midus,Lithuania,Obuolys Ir Bite
1598881642,2026-09-04,3.0,"",Vilnius,Pilla Av Snar,Pilsner - Other,4.4,OY Brewing,Faroe Islands,
1598882399,2026-09-04,0.0,"","",Serum: Cranberry Spruce,Mead - Session / Short,6.4,Brewlihan,United States,Obuolys Ir Bite
1598883508,2026-09-04,3.5,"","",Citra IPA,IPA - American,5.4,Bear & Boar,Lithuania,Local Pub
1598884422,2026-09-04,4.0,"",Casa di Alex,Alone In Space,IPA - New England / Hazy,6.0,TankBusters.Co,Poland,Nisha Craft Capital
1598884617,2026-09-04,4.0,"","Vilnius, Lithuania",Citra IPA,IPA - American,5.4,Bear & Boar,Lithuania,Pilaitės biblioteka
1598884902,2026-09-04,3.0,"",Stockholm,IPUTĖ (Little IPA),IPA - American,5.1,Craft & Draft Brewpub & Whiskey,Lithuania,Craft & Draft
1598885084,2026-09-04,2.3,Toothpaste,Stockholm,Mint,Pale Ale - Other,0.0,Craft & Draft Brewpub & Whiskey,Lithuania,Craft & Draft
1598885795,2026-09-04,3.5,"","",English Porter,Porter - English,5.4,Bear & Boar,Lithuania,Local Pub
1598885807,2026-09-04,4.3,"",UK,Session IPA,IPA - Session,4.5,Grupo Mahou-San Miguel,Spain,
1598886041,2026-09-04,0.0,"",Vilnius,Tamsi Praeitis (Dark Past),Lager - Dark,4.9,Craft & Draft Brewpub & Whiskey,Lithuania,Craft & Draft
1598886142,2026-09-04,0.0,"",Vilnius,Pusele Sviesus Lageris,Lager - Pale,5.2,Craft & Draft Brewpub & Whiskey,Lithuania,Craft & Draft
1598887534,2026-09-04,0.0,"","",Bocmano Ūsai (Bosun’s Moustache),IPA - American,6.0,Brick by Brick (Raudonų Plytų Alaus Dirbtuvės),Lithuania,Dogma Pub
1598887641,2026-09-04,3.0,A decent beer! Didn't know it was a wheat beer but is much more like a strong IPA. Full bodied and interesting,Wellingborough,Kita Pusė,IPA - White / Wheat,5.5,Dundulis,Lithuania,
1598888177,2026-09-04,4.0,"","",Alone In Space,IPA - New England / Hazy,6.0,TankBusters.Co,Poland,Nisha Craft Capital
1598888698,2026-09-04,4.3,"",UK,Aurum Session IPA,IPA - Session,4.7,Cervezas Arriaca,Spain,
1598889671,2026-09-04,0.8,"","",Mango Passion,Non-Alcoholic - Kombucha,0.0,Genys Brewing Co.,Lithuania,
1598890048,2026-09-04,4.0,"","",Birra Messina Cristalli di Sale,Lager - Pale,5.0,Heineken Italia,Italy,
1598891213,2026-09-04,3.0,"","",Slupp Öl,Lager - Amber / Red,5.8,Föroya Bjór,Faroe Islands,Justės ir Bruknės urvelis
1598891767,2026-09-04,3.3,"",Kaunas,Premium Pilsener / German Pilsener,Pilsner - German,4.8,Warsteiner,Germany,Fabai
1598892288,2026-09-04,3.8,"","",Rinktinis,Lager - Pale,5.2,Volfas Engelman,Lithuania,Who Hit John
1598892348,2026-09-04,3.5,"",Stockholm,APA,Pale Ale - American,5.0,Būsi Trečias,Lithuania,Būsi Trečias
1598892909,2026-09-04,3.5,"","",Californication / Kalifornikacija,Pale Ale - American,4.5,Genys Brewing Co.,Lithuania,Piano Man Bar
1598894107,2026-09-04,0.0,"",Vilnius,IPUTĖ (Little IPA),IPA - American,5.1,Craft & Draft Brewpub & Whiskey,Lithuania,Craft & Draft
1598894959,2026-09-04,3.8,"","",Mera IPA,IPA - American,6.5,Browar Artezan,Poland,Local Pub
1598895093,2026-09-04,3.0,"","",Franken,Kellerbier / Zwickelbier,4.7,:Belike brewing,Lithuania,Local Pub
1598895095,2026-09-04,3.8,"","",Double Horn,Lager - Dark,4.0,Alsteka,Lithuania,
1598895525,2026-09-04,3.5,"","",Franken,Kellerbier / Zwickelbier,4.7,:Belike brewing,Lithuania,Local Pub
1598895622,2026-09-04,3.8,"","",It's Coming Home (Final Eight - England),IPA - New England / Hazy,6.2,Funky Fluid,Poland,Local Pub
1598895740,2026-09-04,3.8,"",Holsbeek,Baltijos,Märzen,5.8,Švyturys,Lithuania,Comfort Hotel LT
1598895888,2026-09-04,3.3,"","",Nida,Wheat Beer - Hefeweizen,4.5,:Belike brewing,Lithuania,Local Pub
1598896117,2026-09-04,3.8,"","",It's Coming Home (Final Eight - England),IPA - New England / Hazy,6.2,Funky Fluid,Poland,Local Pub
1598896157,2026-09-04,3.8,"","",Juicy Sour: Mango X Passion Fruit,Sour - Fruited,5.0,AleBrowar,Poland,
1598896235,2026-09-04,3.8,"","",Alone In Space,IPA - New England / Hazy,6.0,TankBusters.Co,Poland,Nisha Craft Capital
1598896260,2026-09-04,3.8,"","","Midus ""Bičiulių"" (Strawberry & Elderflower Session Mead)",Mead - Session / Short,7.2,Šušvės Midus,Lithuania,Local Pub
1598896498,2026-09-04,4.0,"","",Daujotų Kvietinis,Wheat Beer - Hefeweizen,5.1,Davra Alaus Darykla,Lithuania,Baltas Tiltas Food Hall
1598896512,2026-09-04,3.8,"","",Bevvy Podlaski Wiśniowy,Cider - Dry,0.0,Selmar Marcin Seliwoniuk,Poland,Nisha Craft Capital
1598896576,2026-09-04,3.8,"","",English Porter,Porter - English,5.4,Bear & Boar,Lithuania,Local Pub
1598896667,2026-09-04,3.5,"","",Bitė Darže,Mead - Session / Short,9.4,Šušvės Midus,Lithuania,Local Pub
1598896970,2026-09-04,3.3,"","",Pomegranate Lime Gose,Sour - Fruited Gose,4.8,Bear & Boar,Lithuania,Local Pub
1598897004,2026-09-04,3.8,"","","Midus ""Bičiulių"" (Strawberry & Elderflower Session Mead)",Mead - Session / Short,7.2,Šušvės Midus,Lithuania,Local Pub
1598897252,2026-09-04,3.3,"","",Kuršių,Mead - Session / Short,6.1,Šušvės Midus,Lithuania,Local Pub
1598897525,2026-09-04,3.8,"","","Midus ""Medkopio"" (Apple Bochet Session Mead)",Mead - Bochet,6.8,Šušvės Midus,Lithuania,Local Pub
1598897659,2026-09-04,3.5,"","",Bitė Darže,Mead - Session / Short,9.4,Šušvės Midus,Lithuania,Local Pub
1598898224,2026-09-04,2.0,"","",Zähringer German Beer Premium,Lager - Helles,4.8,Privatbrauerei Eichbaum,Germany,
1598898626,2026-09-04,3.3,"","",Pomegranate Lime Gose,Sour - Fruited Gose,4.8,Bear & Boar,Lithuania,Local Pub
1598898629,2026-09-04,4.0,"",Tau,Rinktinis,Lager - Pale,5.2,Volfas Engelman,Lithuania,kalnapilis
1598900254,2026-09-04,4.0,"",Casa di Alex,Catnip,IPA - New England / Hazy,7.5,Noctem Artisans Brasseurs,Canada,Nisha Craft Capital
1598900323,2026-09-04,3.8,Хороший ipa),"",Tasmanijos Vilko IPA,IPA - Other,5.7,UAB Joalda,Lithuania,
1598901335,2026-09-04,4.0,"","",Bocmano Ūsai (Bosun’s Moustache),IPA - American,6.0,Brick by Brick (Raudonų Plytų Alaus Dirbtuvės),Lithuania,
1598901465,2026-09-04,4.0,"","",Anarchist Alchemist,IPA - Triple,16.5,BrewDog,Scotland,
1598901515,2026-09-04,4.0,"","",Catnip,IPA - New England / Hazy,7.5,Noctem Artisans Brasseurs,Canada,Nisha Craft Capital
1598901528,2026-09-04,3.5,"","","Midus ""Medkopio"" (Apple Bochet Session Mead)",Mead - Bochet,6.8,Šušvės Midus,Lithuania,Local Pub
1598901684,2026-09-04,3.8,"","",SABROTAGE / Session NEIPA - Citra & Sabro & Mosaic & Amarillo,IPA - New England / Hazy,5.1,Pivovar Vik,Czech Republic,Def Enjoy
1598902078,2026-09-04,4.0,"","",Mera IPA,IPA - American,6.5,Browar Artezan,Poland,Local Pub
1598903641,2026-09-04,3.5,"","",Valmiermuiža Tumšais Alus (Dark Lager),Lager - Dark,5.8,SIA Valmiermuižas Alus,Latvia,
1598903646,2026-09-04,4.3,"","",Denver,IPA - Imperial / Double New England / Hazy,9.2,Omnipollo,Sweden,
1598904192,2026-09-04,3.5,"","",Kuršių,Mead - Session / Short,6.1,Šušvės Midus,Lithuania,Local Pub
1598906825,2026-09-04,3.5,"","",Alone In Space,IPA - New England / Hazy,6.0,TankBusters.Co,Poland,Nisha Craft Capital
1598906922,2026-09-04,0.0,"",Vilnius,Tamsi Praeitis (Dark Past),Lager - Dark,4.9,Craft & Draft Brewpub & Whiskey,Lithuania,Craft & Draft
1598907545,2026-09-04,3.5,"","",Tehniķis,Lager - Pale,4.7,Brūzis Manufaktūra,Latvia,
1598907961,2026-09-04,2.3,"","",Žarijos Tamsusis Lageris,Lager - Dark,4.5,Smuklė Žarija,Lithuania,
1598908054,2026-09-04,4.3,"","",Pyre,IPA - New England / Hazy,7.0,SOMA Beer,Spain,Def Enjoy
1598909171,2026-09-04,4.0,"","",Kuršių,Mead - Session / Short,6.1,Šušvės Midus,Lithuania,Local Pub
1598909278,2026-09-04,4.0,"","",Catnip,IPA - New England / Hazy,7.5,Noctem Artisans Brasseurs,Canada,Nisha Craft Capital
1598910668,2026-09-04,4.0,"","","Midus ""Medkopio"" (Apple Bochet Session Mead)",Mead - Bochet,6.8,Šušvės Midus,Lithuania,Local Pub
1598912361,2026-09-04,2.5,"",Vilnius,Gaišais,Lager - Pale,5.0,Aldaris,Latvia,Rimi Express
1598912517,2026-09-04,3.8,"",Vilnius,Lime Combo,Wheat Beer - Fruited,5.0,Les Intenables - Craft Beer,France,Def Enjoy
1598915341,2026-09-04,3.5,"","",Citra IPA,IPA - American,5.4,Bear & Boar,Lithuania,Alaus Biblioteka
1598915764,2026-09-04,0.0,"","",Citra IPA,IPA - American,5.4,Bear & Boar,Lithuania,
1598916367,2026-09-04,4.0,"","",Vaim,IPA - White / Wheat,6.5,Humalakoda,Estonia,Alaus Biblioteka
1598918205,2026-09-04,3.0,"","",Ekstra,Lager - Dortmunder / Export,5.2,Švyturys,Lithuania,Grill London
1598918358,2026-09-04,3.5,"","",Meat Lovers Lager,Lager - American,0.0,Rinkuškiai,Lithuania,Meat Lovers Pub
1598919025,2026-09-04,3.8,"",Kaunas,Hefeweizen Dunkel,Wheat Beer - Dunkelweizen,5.1,Privat-Brauerei Zötler,Germany,
1598919196,2026-09-04,2.0,"","",Originalusis,Lager - Amber / Red,5.0,Švyturys,Lithuania,
1598919487,2026-09-04,3.3,"",Casa di Alex,Origin IPA,IPA - New England / Hazy,5.8,Basker Brewing Co.,Lithuania,Nisha Craft Capital
1598919530,2026-09-04,3.5,"","",Oerbier,Belgian Strong Dark Ale,9.0,Brouwerij De Dolle Brouwers,Belgium,Nisha Craft Capital
1598920335,2026-09-04,3.5,"","",Dank Orbit,IPA - American,7.0,Outer Range Brewing Co.,United States,Def Enjoy
1598920731,2026-09-04,0.0,"","",Californication / Kalifornikacija,Pale Ale - American,4.5,Genys Brewing Co.,Lithuania,Alaus Biblioteka
1598921817,2026-09-04,4.0,"","",Chills DDH,IPA - New England / Hazy,6.8,Outer Range Brewing Co.,United States,Def Enjoy
1598921907,2026-09-04,3.8,"",Ottawa,Prieš Vėją,Pale Ale - Other,5.3,Davra Alaus Darykla,Lithuania,
1598923013,2026-09-04,4.0,"","",Kuršių,Mead - Session / Short,6.1,Šušvės Midus,Lithuania,Local Pub
1598923811,2026-09-04,3.5,"","",Bitė Darže,Mead - Session / Short,9.4,Šušvės Midus,Lithuania,Local Pub
1598923985,2026-09-04,4.3,Pałyn,"",Chills DDH,IPA - New England / Hazy,6.8,Outer Range Brewing Co.,United States,Def Enjoy
1598924109,2026-09-04,4.5,"","",Angry Rooster,Stout - Imperial / Double Pastry,11.0,Seven Island Brewery,Greece,
1598924186,2026-09-04,3.8,"",Vilnius,Nelson Sauvin X Simcoe X Superdelic West Coast IPA,IPA - American,6.2,Ārpus Brewing Co.,Latvia,Nisha Craft Capital
1598924499,2026-09-04,4.3,Atgaiva,Vilnius,Denver,IPA - Imperial / Double New England / Hazy,9.2,Omnipollo,Sweden,Nisha Craft Capital
1598924887,2026-09-04,2.0,"",Vilnius,Диканські Вечори,Lager - Dark,5.5,Полтавпиво (Poltavpyvo),Ukraine,Def Enjoy
1598925443,2026-09-04,3.3,"","",Po Godzinach Tropical IPA,IPA - Other,5.5,Browar Amber,Poland,
1598925555,2026-09-04,2.0,"","",Диканські Вечори,Lager - Dark,5.5,Полтавпиво (Poltavpyvo),Ukraine,Def Enjoy
1598926379,2026-09-04,2.3,"","",Диканські Вечори,Lager - Dark,5.5,Полтавпиво (Poltavpyvo),Ukraine,Def Enjoy
1598926609,2026-09-04,2.5,"","",Plaukia Pusiau Sausas,Bière de Champagne / Bière Brut,5.5,Brick by Brick (Raudonų Plytų Alaus Dirbtuvės),Lithuania,
1598926932,2026-09-04,4.0,"",Vilnius,Chills DDH,IPA - New England / Hazy,6.8,Outer Range Brewing Co.,United States,Def Enjoy
1598927206,2026-09-04,1.8,"","",Диканські Вечори,Lager - Dark,5.5,Полтавпиво (Poltavpyvo),Ukraine,Def Enjoy
1598927229,2026-09-04,4.5,"",Vilnius,VD-10!,Pale Ale - XPA (Extra Pale),5.0,Basker Brewing Co.,Lithuania,Aquarius Brewery
1598928434,2026-09-04,4.0,"","",Nelson Sauvin X Simcoe X Superdelic West Coast IPA,IPA - American,6.2,Ārpus Brewing Co.,Latvia,Nisha Craft Capital
1598928671,2026-09-04,0.0,"","",Vaim,IPA - White / Wheat,6.5,Humalakoda,Estonia,Alaus Biblioteka
1598929143,2026-09-04,4.3,Уго,"",Alexander,Sour - Flanders Red Ale,5.6,Brouwerij Rodenbach,Belgium,Brussels Mussels Centrum
1598929519,2026-09-04,4.0,"","","WILL IT FLOAT #24",Sour - Smoothie / Pastry,6.0,White Dog Brewery,Netherlands,Nisha Craft Capital
1598929692,2026-09-04,4.3,"","",7 Year Anniversary Bloody Mary Smoothie Sour Ale,Sour - Smoothie / Pastry,6.0,Ārpus Brewing Co.,Latvia,Nisha Craft Capital
1598930039,2026-09-04,2.8,"","",Bière Pacifique,Pale Ale - Belgian,4.0,Eternal Night Brewing,Estonia,Alaus Biblioteka
1598930441,2026-09-04,3.5,"","",Orval,Pale Ale - Belgian,6.2,Brasserie d'Orval,Belgium,Brussels Mussels Centrum
1598931620,2026-09-04,3.3,"","",Hazelnut Brown Ale,Brown Ale - English,6.0,Sakiškės Brewery / Sakiškių Alus,Lithuania,Alaus Biblioteka
1598931756,2026-09-04,3.5,"",Kaunas,Schlotfegerla,Rauchbier,4.9,Brauhaus am Kreuzberg,Germany,
1598932040,2026-09-04,3.5,"","",Pineapple Breeze,IPA - Milkshake,5.5,Bear & Boar,Lithuania,Alaus Biblioteka
1598932792,2026-09-04,3.8,"",Vilnius,Penki Mazgai,IPA - New England / Hazy,5.0,Brick by Brick (Raudonų Plytų Alaus Dirbtuvės),Lithuania,Liv_in City
1598933056,2026-09-04,4.0,Neblogas normalus sakyciau patenkina troskuli,"",Seth & Riley's Garage Hard Lemon Non-Alcoholic Drink,Non-Alcoholic - Shandy / Radler,0.5,Baltika Breweries (Балтика),Russia,Begemoto Sapnas
1598933114,2026-09-04,3.0,"","",Canis Lupus,Lager - Pale,4.6,Vilniaus Alus,Lithuania,Po Bačka
1598933562,2026-09-04,4.3,"","",Tripel d'Anvers,Belgian Tripel,8.0,Brouwerij De Koninck,Belgium,
1598933961,2026-09-04,5.0,"","",Mezcal Infused Imperial Blonde Ale,Blonde / Golden Ale - Other,10.2,Sakiškės Brewery / Sakiškių Alus,Lithuania,
1598934212,2026-09-04,4.5,"","",Asahi Super Dry,Lager - Japanese Rice,5.0,Asahi Breweries,Japan,Piano Man Bar
1598934552,2026-09-04,3.0,"","",Sakura,Fruit Beer,5.0,Bear & Boar,Lithuania,Alaus Biblioteka
1598935170,2026-09-04,3.3,"",Stockholm,Corona Extra,Lager - Mexican,4.5,Grupo Modelo,Mexico,Casa Peligrosa
1598935296,2026-09-04,2.3,"Blemba! Nu kažkaip iš belgiško man norisi to tokio arielkiško apkabinimo, to tokio būčinuko (žinot, ką turiu omeny?). Nu ir va šitam jis toks jau labaiiiiiiiiiiiiii silpnas. Jaučiuosi vienišas ir nepamylėtas (kaip tas jūreivis iš Mamontovo dainos)","",Steenbrugge Dubbel Bruin,Belgian Dubbel,6.5,Brouwerij Palm,Belgium,Piano Man Bar
1598935473,2026-09-04,3.3,"","",5 Knots,IPA - Session,4.4,Big Oyster Brewery,United States,Grill London
1598935545,2026-09-04,3.8,"","",Cornelissen Luxury Lager,Lager - Pale,5.5,Brouwerij Cornelissen,Belgium,
1598936051,2026-09-04,4.0,"","",Alone In Space,IPA - New England / Hazy,6.0,TankBusters.Co,Poland,Nisha Craft Capital
1598936280,2026-09-04,4.0,"","",Book of Hops vol.12: Krush & Rakau,IPA - New England / Hazy,6.4,TankBusters.Co,Poland,Local Pub
1598936885,2026-09-04,3.5,"Ne nu bl. Kam gadinti gerą daiktą su visokiomis žievelėmis ir kalendromis. Tai jei jau kvietinis alus, tai būtinai dedame belgiškam kvietiniui būdingus prieskonius? Visiškas nosensas.  Mielės normalios parinktos. O vat tie prieskoniai... Eina naxuj.",Vilnius. Lithuania.,WHITESIDE,IPA - White / Wheat,6.0,Hopalaa,Latvia,Satyrikon'o Būdelė
1598937076,2026-09-04,4.0,"","",Alone In Space,IPA - New England / Hazy,6.0,TankBusters.Co,Poland,Nisha Craft Capital
1598937104,2026-09-04,4.0,"",Ottawa,VD-10!,Pale Ale - XPA (Extra Pale),5.0,Basker Brewing Co.,Lithuania,laiptine
1598937415,2026-09-04,3.0,"","",Hazelnut Brown Ale,Brown Ale - English,6.0,Sakiškės Brewery / Sakiškių Alus,Lithuania,Alaus Biblioteka
1598937722,2026-09-04,3.8,"","",Kramplauzis,Red Ale - American Amber / Red,5.1,Malduguns,Latvia,
1598938539,2026-09-04,3.5,"",Vilnius,Dank Orbit,IPA - American,7.0,Outer Range Brewing Co.,United States,Def Enjoy
1598938593,2026-09-04,3.3,"","",Hazelnut Brown Ale,Brown Ale - English,6.0,Sakiškės Brewery / Sakiškių Alus,Lithuania,Alaus Biblioteka
1598939751,2026-09-04,4.5,"",Vilnius,Mc Chouffe,Brown Ale - Belgian,8.0,Brasserie d'Achouffe,Belgium,Brussels Mussels Centrum
1598939969,2026-09-04,2.0,"","",Ячмінний Колос,Lager - Pale,4.9,Полтавпиво (Poltavpyvo),Ukraine,Def Enjoy
1598940728,2026-09-04,3.8,Simple and nice.,Vilnius,Berliner Pilsner,Pilsner - German,5.0,Berliner-Kindl-Schultheiss-Brauerei,Germany,
1598940799,2026-09-04,3.0,"Norfa prieš kelis mėnesius stumdė po 0,89€. Paskui pakėlė iki gėdingų 1,50€. Dabar vėl numetė iki 0,89€. Ir kągi - visai skanu. Paėmiau dviejų skirtingų išpilstymų. Tikrai yr skirtumas ir abu skanūs (kaip už tokią kainą) 🤠",Vilnius,Faxe Premium,Lager - Pale,5.0,Royal Unibrew,Denmark,Vikingų St.
1598940861,2026-09-04,1.8,"",Vilnius,Ячмінний Колос,Lager - Pale,4.9,Полтавпиво (Poltavpyvo),Ukraine,Def Enjoy
1598941077,2026-09-04,1.0,"","",Ячмінний Колос,Lager - Pale,4.9,Полтавпиво (Poltavpyvo),Ukraine,Def Enjoy
1598942880,2026-09-04,0.0,"You should keep this in a cellar for at least a year, maybe three. Too alcoholic atm.","",Alaus Biblioteka | 400 (Bourbon Barrel Aged 2024),Stout - Imperial / Double Milk,11.5,Alaus Biblioteka ,Lithuania,Alaus Biblioteka
1598943449,2026-09-04,4.5,"","",Serum: Cranberry Spruce,Mead - Session / Short,6.4,Brewlihan,United States,Obuolys Ir Bite
1598944332,2026-09-04,4.5,"","",Serum: Cranberry Spruce,Mead - Session / Short,6.4,Brewlihan,United States,Obuolys Ir Bite
1598944512,2026-09-04,4.5,"","",Serum: Cranberry Spruce,Mead - Session / Short,6.4,Brewlihan,United States,Obuolys Ir Bite
1598944643,2026-09-04,3.5,"","",Apyniuotas Sidras,Cider - Hopped,6.3,Sodo sidrinė,Lithuania,Obuolys Ir Bite
1598944942,2026-09-04,0.0,"","",1664 Blanc,Wheat Beer - Witbier / Blanche,5.0,Brasseries Kronenbourg,France,La Birra
1598945157,2026-09-04,1.3,"","",Ячмінний Колос,Lager - Pale,4.9,Полтавпиво (Poltavpyvo),Ukraine,Def Enjoy
1598945362,2026-09-04,4.0,"","",Nord Mead Cherry,Mead - Session / Short,6.5,De Noordelijke Mederij,Netherlands,Obuolys Ir Bite
1598945464,2026-09-04,3.8,"","",Nord Mead Cherry,Mead - Session / Short,6.5,De Noordelijke Mederij,Netherlands,Obuolys Ir Bite
1598945561,2026-09-04,3.3,"","",Apyniuotas Sidras,Cider - Hopped,6.3,Sodo sidrinė,Lithuania,Obuolys Ir Bite
1598946482,2026-09-04,4.3,"","",Serum: Cranberry Spruce,Mead - Session / Short,6.4,Brewlihan,United States,Obuolys Ir Bite
1598946746,2026-09-04,4.0,"",Vilnius,"Cosmeadpolitan, Honey!",Mead - Melomel,6.0,Malmö Meadery,Sweden,
1598946861,2026-09-04,4.0,"","",Catnip,IPA - New England / Hazy,7.5,Noctem Artisans Brasseurs,Canada,
1598947711,2026-09-04,4.0,"","","Cosmeadpolitan, Honey!",Mead - Melomel,6.0,Malmö Meadery,Sweden,Obuolys Ir Bite
1598949008,2026-09-04,4.0,"","","Boathouse #1",IPA - New England / Hazy,6.8,À La Dérive Brasserie Artisanale,Canada,Nisha Craft Capital
1598950957,2026-09-04,3.8,"",Vilnius,Penki Mazgai,IPA - New England / Hazy,5.0,Brick by Brick (Raudonų Plytų Alaus Dirbtuvės),Lithuania,Liv_in City
1598950990,2026-09-04,3.0,"",vilnius,Perła Chmielowa,Lager - Pale,6.0,Perła - Browary Lubelskie S.A.,Poland,
1598951057,2026-09-04,4.0,"Good, but not 14 euros for a pint","",Catnip,IPA - New England / Hazy,7.5,Noctem Artisans Brasseurs,Canada,Nisha Craft Capital
1598951226,2026-09-04,3.5,"","",Nelson Sauvin X Simcoe X Superdelic West Coast IPA,IPA - American,6.2,Ārpus Brewing Co.,Latvia,Nisha Craft Capital
1598951650,2026-09-04,3.3,"","",Ekstra,Lager - Dortmunder / Export,5.2,Švyturys,Lithuania,Sanatorija
1598951718,2026-09-04,3.8,"","",Belgian Style Tripel,Belgian Tripel,9.0,Litra Brewing Company,Moldova,
1598953552,2026-09-04,3.5,"","",Oberbräu Hell,Lager - Helles,5.0,Holzkirchner Oberbräu,Germany,3 Staliukai ir Telikas
1598953827,2026-09-04,3.8,"","",Chills DDH,IPA - New England / Hazy,6.8,Outer Range Brewing Co.,United States,Def Enjoy
1598954465,2026-09-04,2.8,"",vilnius,Łomża Pils,Pilsner - Other,6.0,Browar Łomża,Poland,
1598955196,2026-09-04,4.0,"","",Citra IPA,IPA - American,5.4,Bear & Boar,Lithuania,Alaus Biblioteka
1598955624,2026-09-04,3.0,"",Kaunas,Forever Brewing Passion,Fruit Beer,4.5,Волинський бровар,Ukraine,PASSIONS Šokių Studija
1598955659,2026-09-04,4.3,"",Minsk,"Boathouse #1",IPA - New England / Hazy,6.8,À La Dérive Brasserie Artisanale,Canada,Nisha Craft Capital
1598955985,2026-09-04,3.5,"",Kaunas,Paulaner Oktoberfest Bier,Festbier,6.0,Paulaner Brauerei,Germany,
1598956523,2026-09-04,4.5,"",Vilnius,Blueberry Bun,Sour - Smoothie / Pastry,4.3,Browar Stu Mostów,Poland,Nisha Craft Capital
1598956867,2026-09-04,4.3,"","",Blueberry Bun,Sour - Smoothie / Pastry,4.3,Browar Stu Mostów,Poland,Nisha Craft Capital
1598957039,2026-09-04,4.0,"",Vilnius,"Boathouse #1",IPA - New England / Hazy,6.8,À La Dérive Brasserie Artisanale,Canada,Nisha Craft Capital
1598957495,2026-09-04,4.0,"","",Origin IPA,IPA - New England / Hazy,5.8,Basker Brewing Co.,Lithuania,Alaus kolonėlė
1598957716,2026-09-04,4.3,"",Minsk,Oerbier,Belgian Strong Dark Ale,9.0,Brouwerij De Dolle Brouwers,Belgium,Nisha Craft Capital
1598959803,2026-09-04,1.3,Spirituotas triperis,"",Leffe Blonde / Blond,Belgian Blonde,6.6,Abbaye de Leffe,Belgium,
1598959880,2026-09-04,2.0,"",Minsk,Tyskie Gronie,Lager - Pale,5.2,Tyskie Browary Książęce,Poland,
1598960278,2026-09-04,4.3,"",Vilnius,Oude Kriek,Lambic - Kriek,6.0,Brouwerij 3 Fonteinen,Belgium,Brussels Mussels Centrum
1598960816,2026-09-04,0.0,"","","Midus ""Medkopio"" (Apple Bochet Session Mead)",Mead - Bochet,6.8,Šušvės Midus,Lithuania,Local Pub
1598961982,2026-09-04,4.0,"","",Sakura,Fruit Beer,5.0,Bear & Boar,Lithuania,Alaus Biblioteka
1598962010,2026-09-04,0.0,"","",Doughnut,Stout - Imperial / Double Milk,7.5,Funky Fluid,Poland,
1598962846,2026-09-04,4.0,"","",Volfas Engelman BMI Alumni Special Edition Gelato Blueberry Ale,Fruit Beer,0.0,Volfas Engelman,Lithuania,Baltas Tiltas Food Hall
1598963058,2026-09-04,3.5,"","",Busy Bee,Kölsch,4.7,Little House Brewing Company,United States,Vasaros Terasa - Vilniaus mokytojų namų kiemelis
1598963079,2026-09-04,0.0,"","",Royal Cookie: Blueberry Maple Chocolate Cheesecake,Stout - Imperial / Double Pastry,12.0,Funky Fluid,Poland,
1598963338,2026-09-04,4.3,"",Vilnius,Terroir VII,Lambic - Fruit,6.8,DUST Blending,Belgium,Def Enjoy
1598963692,2026-09-04,2.5,"","",Bitė Darže,Mead - Session / Short,9.4,Šušvės Midus,Lithuania,Local Pub
1598963735,2026-09-04,3.3,"","","Midus ""Bičiulių"" (Strawberry & Elderflower Session Mead)",Mead - Session / Short,7.2,Šušvės Midus,Lithuania,Local Pub
1598964254,2026-09-04,4.0,Уксусно,"",Terroir VII,Lambic - Fruit,6.8,DUST Blending,Belgium,Def Enjoy
1598964409,2026-09-04,2.5,"","",Bitė Darže,Mead - Session / Short,9.4,Šušvės Midus,Lithuania,Local Pub
1598964499,2026-09-04,2.5,"","","Midus ""Bičiulių"" (Strawberry & Elderflower Session Mead)",Mead - Session / Short,7.2,Šušvės Midus,Lithuania,Local Pub
1598965189,2026-09-04,4.0,"","",Terroir VII,Lambic - Fruit,6.8,DUST Blending,Belgium,Def Enjoy
1598965211,2026-09-04,4.5,Dziak🤝,"",Terroir VII,Lambic - Fruit,6.8,DUST Blending,Belgium,Def Enjoy
1598965386,2026-09-04,3.5,"","",Vaim,IPA - White / Wheat,6.5,Humalakoda,Estonia,Alaus Biblioteka
1598965979,2026-09-04,0.0,"","",Nuogas Ruonis (Naked Seal),Bière de Champagne / Bière Brut,5.8,Brick by Brick (Raudonų Plytų Alaus Dirbtuvės),Lithuania,Vasaros Terasa - Vilniaus mokytojų namų kiemelis
1598966873,2026-09-04,3.0,"",UK,Medaus Mėnuo (Honeymoon),Honey Beer,4.9,Craft & Draft Brewpub & Whiskey,Lithuania,Craft & Draft
1598966906,2026-09-04,0.0,"","",Hornet's Honey,Honey Beer,9.0,Little House Brewing Company,United States,Vasaros Terasa - Vilniaus mokytojų namų kiemelis
1598967886,2026-09-04,4.5,"","",Blueberry Bun,Sour - Smoothie / Pastry,4.3,Browar Stu Mostów,Poland,Nisha Craft Capital
1598968252,2026-09-04,3.0,"","","Nastro Azzurro 0,0% Senza Alcol",Non-Alcoholic - Lager,0.0,Birra Peroni,Italy,
1598969383,2026-09-04,3.5,"Насыпалі “солодовой” горечы ) 
Хто ведае той ведае …",Vilnius,Gran Riserva Doppio Malto,Bock - Hell / Maibock / Lentebock,6.6,Birra Peroni,Italy,
1598969514,2026-09-04,2.0,"","",Диканські Вечори,Lager - Dark,5.5,Полтавпиво (Poltavpyvo),Ukraine,Def Enjoy
1598969585,2026-09-04,4.0,"","",Maestra,Farmhouse Ale - Saison,5.4,is/was brewing,United States,Nisha Craft Capital
1598970083,2026-09-04,3.8,"","",Barrel Aged Stout,Stout - Other,7.0,Genys Brewing Co.,Lithuania,
1598970453,2026-09-04,2.0,"","",Ячмінний Колос,Lager - Pale,4.9,Полтавпиво (Poltavpyvo),Ukraine,Def Enjoy
1598970902,2026-09-04,1.5,"","",Диканські Вечори,Lager - Dark,5.5,Полтавпиво (Poltavpyvo),Ukraine,Def Enjoy
1598970997,2026-09-04,2.8,"Visai ne teminis, brolis atvare į Vilnių sakem normaliai pas dede Semą nusemsim po vieną. Draugas šalia sako geras tipo 4 davęs, šiandien nei 3 neduociau nors pusantro mėnesio nei lašo neradęs.","",Spaten Münchner Hell / Premium Lager,Lager - Helles,5.2,Spaten-Franziskaner-Löwenbräu-Gruppe,Germany,
1598971107,2026-09-04,5.0,"Smells like mould, tastes like heaven!","",Catnip,IPA - New England / Hazy,7.5,Noctem Artisans Brasseurs,Canada,Nisha Craft Capital
1598971209,2026-09-04,3.8,"","",Dank Orbit,IPA - American,7.0,Outer Range Brewing Co.,United States,Def Enjoy
1598971519,2026-09-04,3.8,"","",Chills DDH,IPA - New England / Hazy,6.8,Outer Range Brewing Co.,United States,Def Enjoy
1598971696,2026-09-04,3.3,"","",Pineapple Breeze,IPA - Milkshake,5.5,Bear & Boar,Lithuania,Alaus Biblioteka
1598971808,2026-09-04,4.3,"","",Terroir VII,Lambic - Fruit,6.8,DUST Blending,Belgium,Def Enjoy
1598972315,2026-09-04,4.0,"",UK,IPUTĖ (Little IPA),IPA - American,5.1,Craft & Draft Brewpub & Whiskey,Lithuania,Craft & Draft
1598972364,2026-09-04,3.8,"",Minsk,Citra IPA,IPA - American,5.4,Bear & Boar,Lithuania,
1598972720,2026-09-04,4.3,"","",Blueberry Bun,Sour - Smoothie / Pastry,4.3,Browar Stu Mostów,Poland,Nisha Craft Capital
1598973111,2026-09-04,1.0,Не ну в принципе полная хуйня,"",Ячмінний Колос,Lager - Pale,4.9,Полтавпиво (Poltavpyvo),Ukraine,Def Enjoy
1598974576,2026-09-04,3.8,"",Vilnius,Penki Mazgai,IPA - New England / Hazy,5.0,Brick by Brick (Raudonų Plytų Alaus Dirbtuvės),Lithuania,Liv_in City
1598974834,2026-09-04,4.5,"","",Tynt Meadow,Strong Ale - English,7.4,Mount Saint Bernard Abbey,England,Brussels Mussels Centrum
1598975358,2026-09-04,3.8,"","",HyperBoost: Citra,IPA - Imperial / Double New England / Hazy,8.1,Funky Fluid,Poland,Local Pub
1598975491,2026-09-04,4.0,"",UK,IPUTĖ (Little IPA),IPA - American,5.1,Craft & Draft Brewpub & Whiskey,Lithuania,Craft & Draft
1598975691,2026-09-04,3.0,"","",Rinktinis,Lager - Pale,5.2,Volfas Engelman,Lithuania,Bernelių Užeiga
1598976044,2026-09-04,4.0,"","",Free Gelato: Mango Sticky Rice,Non-Alcoholic - Sour,0.5,Funky Fluid,Poland,Local Pub
1598976131,2026-09-04,4.0,"","",Zbicień Radziwiłłowski,Mead - Session / Short,7.0,Augustowska Miodosytnia,Poland,Obuolys Ir Bite
1598976442,2026-09-04,4.5,"","",Kaimiškas,Historical Beer - Keptinis,4.7,Ramūnas Čižas – Čižo Alus,Lithuania,3 Staliukai ir Telikas
1598976480,2026-09-04,4.0,"",Vilnius,Infiniment Nectaron (2026),IPA - Imperial / Double New England / Hazy,8.0,Sparkle ✨,France,Nisha Craft Capital
1598977269,2026-09-04,3.8,"",Vilnius,SLUSHY Slim: Mango Tango,Fruit Beer,4.5,450 North Brewing Company,United States,Nisha Craft Capital
1598977592,2026-09-04,4.0,"","",Chills DDH,IPA - New England / Hazy,6.8,Outer Range Brewing Co.,United States,Def Enjoy
1598977613,2026-09-04,2.8,"",Minsk,Диканські Вечори,Lager - Dark,5.5,Полтавпиво (Poltavpyvo),Ukraine,Def Enjoy
1598977718,2026-09-04,4.0,"",Vilnius,Pyre,IPA - New England / Hazy,7.0,SOMA Beer,Spain,Def Enjoy
1598977901,2026-09-04,3.0,"",UK,Šviesi Ateitis (Bright Future),Lager - Pale,4.8,Craft & Draft Brewpub & Whiskey,Lithuania,Craft & Draft
1598978633,2026-09-04,4.0,"",UK,IPUTĖ (Little IPA),IPA - American,5.1,Craft & Draft Brewpub & Whiskey,Lithuania,Craft & Draft
1598978647,2026-09-04,3.8,"","",SLUSHY Slim: Mango Tango,Fruit Beer,4.5,450 North Brewing Company,United States,
1598978941,2026-09-04,4.0,"","",Infiniment Nectaron (2026),IPA - Imperial / Double New England / Hazy,8.0,Sparkle ✨,France,Nisha Craft Capital
1598979356,2026-09-04,4.3,"","",High On Smoothie,Sour - Smoothie / Pastry,6.5,Cervejaria Escafandrista,Brazil,Nisha Craft Capital
1598979389,2026-09-04,4.3,"",Vilnius,High On Smoothie,Sour - Smoothie / Pastry,6.5,Cervejaria Escafandrista,Brazil,Nisha Craft Capital
1598979973,2026-09-04,4.3,"",Casa di Alex,Denver,IPA - Imperial / Double New England / Hazy,9.2,Omnipollo,Sweden,Nisha Craft Capital
1598980600,2026-09-04,3.5,"",Vilnius,Oerbier,Belgian Strong Dark Ale,9.0,Brouwerij De Dolle Brouwers,Belgium,Nisha Craft Capital
1598980614,2026-09-04,3.5,"","",Oerbier,Belgian Strong Dark Ale,9.0,Brouwerij De Dolle Brouwers,Belgium,Nisha Craft Capital
1598981635,2026-09-04,2.3,"",Minsk,Ячмінний Колос,Lager - Pale,4.9,Полтавпиво (Poltavpyvo),Ukraine,Def Enjoy
1598983235,2026-09-04,3.5,"","",Italian Style Sour Ale,Sour - Berliner Weisse,4.5,Genys Brewing Co.,Lithuania,Baras Kernagis
1598984074,2026-09-04,3.3,"","",Victory Champagne,Historical Beer - Grodziskie / Grätzer,2.9,Browar Rockmill,Poland,Nisha Craft Capital
1598984982,2026-09-04,3.8,"",Minsk,Californication / Kalifornikacija,Pale Ale - American,4.5,Genys Brewing Co.,Lithuania,
1598986693,2026-09-04,4.0,"","",Chills DDH,IPA - New England / Hazy,6.8,Outer Range Brewing Co.,United States,Def Enjoy
1598986895,2026-09-04,4.5,"","",Vyšnių Kriek,Fruit Beer,5.0,Vilkmerges Alus,Lithuania,OlyBet Sporto baras ir grilis
1598987252,2026-09-04,4.0,"",Vilnius,Pyre,IPA - New England / Hazy,7.0,SOMA Beer,Spain,Def Enjoy
1598988046,2026-09-04,4.3,"","",Anarkist New England IPA,IPA - New England / Hazy,5.4,Theodor Schiøtz Brewing Company,Denmark,OlyBet Sporto baras ir grilis
1598991660,2026-09-04,3.0,"","",Nida,Wheat Beer - Hefeweizen,4.5,:Belike brewing,Lithuania,Local Pub
1598992132,2026-09-04,4.5,"","","Coastal Sunset (v4) Pineapple, Tart Cherry, Cinnamon, Brown Sugar, Vanilla Beans",Sour - Fruited,6.0,Humble Forager Brewery,United States,Nisha Craft Capital
1598992703,2026-09-04,3.5,"","",It's Coming Home (Final Eight - England),IPA - New England / Hazy,6.2,Funky Fluid,Poland,Local Pub
1598992823,2026-09-04,4.0,"","",Kasteel Rouge 0.0,Non-Alcoholic - Fruit Beer,0.0,Kasteel Brouwerij Vanhonsebrouck,Belgium,Saint Malo
1598993026,2026-09-04,3.5,"",Vilnius,Schultenbräu Export,Lager - Dortmunder / Export,5.4,ALDI Nord Deutschland,Germany,
1598993531,2026-09-04,4.3,"","","Coastal Sunset (v4) Pineapple, Tart Cherry, Cinnamon, Brown Sugar, Vanilla Beans",Sour - Fruited,6.0,Humble Forager Brewery,United States,Nisha Craft Capital
1598993620,2026-09-04,3.5,"","",Kuršių,Mead - Session / Short,6.1,Šušvės Midus,Lithuania,Local Pub
1598993650,2026-09-04,4.3,"",Vilnius,"Coastal Sunset (v4) Pineapple, Tart Cherry, Cinnamon, Brown Sugar, Vanilla Beans",Sour - Fruited,6.0,Humble Forager Brewery,United States,Nisha Craft Capital
1598994651,2026-09-04,3.3,"",Stockholm,Meetilk,Blonde / Golden Ale - Other,4.5,Humalakoda,Estonia,Alaus Biblioteka
1598994833,2026-09-04,4.0,"","",Pyre,IPA - New England / Hazy,7.0,SOMA Beer,Spain,Def Enjoy
1598994937,2026-09-04,4.3,"",Vilnius,Infiniment Nectaron (2025),IPA - Imperial / Double New England / Hazy,8.0,Sparkle ✨,France,Nisha Craft Capital
1598995328,2026-09-04,4.0,"","","Sploosh! Sour Ale With Mango, Apricots, Peaches, Lemons and Spirulina",Sour - Smoothie / Pastry,5.2,Clef Brewery,Slovenia,Def Enjoy
1598995967,2026-09-04,3.5,"","",Kuršių,Mead - Session / Short,6.1,Šušvės Midus,Lithuania,Local Pub
1598996016,2026-09-04,3.3,"","",Maestra,Farmhouse Ale - Saison,5.4,is/was brewing,United States,
1598996389,2026-09-04,4.3,"",Vilnius,Dust Dryhop Magnolia,Lambic - Other,0.0,DUST Blending,Belgium,Def Enjoy
1598996498,2026-09-04,3.8,"","",It's Coming Home (Final Eight - England),IPA - New England / Hazy,6.2,Funky Fluid,Poland,Local Pub
1598997152,2026-09-04,3.8,"","",Humulupu IPA,IPA - Session,5.0,Dundulis,Lithuania,Smagus Raugas beershop
1598997474,2026-09-04,4.0,Ебало в точку,"",Dust Dryhop Magnolia,Lambic - Other,0.0,DUST Blending,Belgium,Def Enjoy
1598997522,2026-09-04,4.3,🤝🤝,"",Dust Dryhop Magnolia,Lambic - Other,0.0,DUST Blending,Belgium,Def Enjoy
1598997730,2026-09-04,3.3,"","",Smoked Rye Honey Ale,Honey Beer,5.7,Sakiškės Brewery / Sakiškių Alus,Lithuania,Smagus Raugas beershop
1598998287,2026-09-04,3.0,"","",Gubernija Ekstra / Extra Lager,Lager - Helles,5.2,Gubernija Brewery,Lithuania,Žemaičių Ąsotis
1598998928,2026-09-04,4.3,"",Minsk,Chills DDH,IPA - New England / Hazy,6.8,Outer Range Brewing Co.,United States,Def Enjoy
1599000795,2026-09-04,3.5,Saldus mutalas. Kurwa kurwa. Kalēja alus nuvylė. Kas jums yra? Blwd? Arpuso pėdsakais sekate? Saldu=gaidys.,Vilnius. Lithuania.,JUNGALAA,IPA - Imperial / Double New England / Hazy,8.0,Hopalaa,Latvia,
1599001474,2026-09-04,4.0,Уксусно,"",Dust Dryhop Magnolia,Lambic - Other,0.0,DUST Blending,Belgium,Def Enjoy
1599001504,2026-09-04,3.8,"",Vilnius,Simkala APA,Pale Ale - American,5.0,Širvėnos bravoras DUNDULIS,Lithuania,Liv_in City
1599002714,2026-09-04,3.8,"","",Chills DDH,IPA - New England / Hazy,6.8,Outer Range Brewing Co.,United States,Def Enjoy
1599004738,2026-09-04,4.0,"","",Just Married,IPA - New Zealand,6.5,Les Intenables - Craft Beer,France,Def Enjoy
1599005756,2026-09-04,3.0,"",Minsk,Kalnapilis Original,Lager - Pale,5.0,Kalnapilis Brewery,Lithuania,
1599005859,2026-09-04,4.3,"",Minsk,Dust Dryhop Magnolia,Lambic - Other,0.0,DUST Blending,Belgium,Def Enjoy
1599005895,2026-09-04,3.8,"",Vilnius,SABROTAGE / Session NEIPA - Citra & Sabro & Mosaic & Amarillo,IPA - New England / Hazy,5.1,Pivovar Vik,Czech Republic,Def Enjoy
1599006344,2026-09-04,3.3,"",Vilnius,Berliner Kindl Jubiläums Pilsener,Pilsner - German,5.1,Berliner-Kindl-Schultheiss-Brauerei,Germany,
1599006451,2026-09-04,3.8,"Не мое, но интересно. Особенно с учетом того, что это традиционное литовское пиво","",Kaimiškas,Historical Beer - Keptinis,4.7,Ramūnas Čižas – Čižo Alus,Lithuania,
1599008402,2026-09-04,3.0,"",Vilnius,Mikki Brew Mister Durbecalo,Old / Stock Ale,8.5,Волинський бровар,Ukraine,mister pub
1599009012,2026-09-04,4.3,"","",Pèche Solaris,Lambic - Fruit,6.8,DUST Blending,Belgium,Def Enjoy
1599009164,2026-09-04,3.5,okayish,Vilnius,St. Pierre Blond,Belgian Blonde,6.0,Brouwerij Palm,Belgium,Kavuko ir Aliuko būstė
1599009213,2026-09-04,4.0,"","",Strawberry Margarita,Sour - Fruited,7.2,Funky Fluid,Poland,Local Pub
1599009529,2026-09-04,4.0,"",Minsk,Pyre,IPA - New England / Hazy,7.0,SOMA Beer,Spain,Def Enjoy
1599009658,2026-09-04,4.3,"","",Dust Dryhop Magnolia,Lambic - Other,0.0,DUST Blending,Belgium,Def Enjoy
1599009929,2026-09-04,0.0,"","",Senolių Senovinis,Traditional Ale,6.0,Su Puta,Lithuania,
1599010194,2026-09-04,3.5,"","",Strawberry Margarita,Sour - Fruited,7.2,Funky Fluid,Poland,Local Pub
1599012647,2026-09-04,4.0,Необычно. По мне так хорошо. Необычно. Стоит попробовать это столетнее пиво),"",Senolių Senovinis,Traditional Ale,6.0,Su Puta,Lithuania,
1599012666,2026-09-04,0.0,"",UK,Kyivske Draft,Lager - Pale,5.0,Obolon (Оболонь),Ukraine,IKI
1599012818,2026-09-04,4.0,"",Minsk,Sidras Brut & Wild,Cider - Traditional / Apfelwein,6.5,Sodo,Lithuania,Etmonų Špunka
1599014887,2026-09-04,3.8,"","",Mera IPA,IPA - American,6.5,Browar Artezan,Poland,Local Pub
1599018700,2026-09-04,0.0,"","",Guinness Draught,Stout - Irish Dry,4.2,Guinness,Ireland,Beer House
1599020568,2026-09-04,4.0,"","",Gelato: Green,Sour - Smoothie / Pastry,5.5,Funky Fluid,Poland,Local Pub
1599020715,2026-09-04,3.5,"","",Aušrinis: Superdelic x Motueka,IPA - Cold,5.6,Dundulis,Lithuania,Smagus Raugas beershop
1599021369,2026-09-04,4.3,"","",Chimay Dorée (Gold),Belgian Enkel / Patersbier,4.8,Bières de Chimay,Belgium,
1599021926,2026-09-04,4.0,"","",Serum: Cranberry Spruce,Mead - Session / Short,6.4,Brewlihan,United States,Obuolys Ir Bite
1599021961,2026-09-04,3.3,"",UK,Klikkhaze,IPA - New England / Hazy,5.0,OY Brewing,Faroe Islands,Aibė
1599024578,2026-09-04,4.0,"","",Ambar Especial,Gluten-Free,5.2,La Zaragozana,Spain,
1599024740,2026-09-04,3.0,"","",IPUTĖ (Little IPA),IPA - American,5.1,Craft & Draft Brewpub & Whiskey,Lithuania,Craft & Draft
1599027561,2026-09-04,3.0,"","",Ekstra,Lager - Dortmunder / Export,5.2,Švyturys,Lithuania,BIX Baras
1599028764,2026-09-04,4.3,"","",Ro-Coco,Sour - Smoothie / Pastry,6.5,Sáez & Son,Spain,Def Enjoy
1599029990,2026-09-04,0.0,"","",Bėganti Kopa (Running Dune),Wheat Beer - Witbier / Blanche,4.5,Brick by Brick (Raudonų Plytų Alaus Dirbtuvės),Lithuania,
1599030929,2026-09-04,3.5,"","",Porn Star,Fruit Beer,4.5,Genys Brewing Co.,Lithuania,Smagus Raugas beershop
1599031058,2026-09-04,3.8,"","",Blueberry Bun,Sour - Smoothie / Pastry,4.3,Browar Stu Mostów,Poland,Nisha Craft Capital
1599031932,2026-09-04,3.3,"","",Simkala APA,Pale Ale - American,5.0,Širvėnos bravoras DUNDULIS,Lithuania,Smagus Raugas beershop
1599032433,2026-09-04,4.3,"",Minsk,Chills DDH,IPA - New England / Hazy,6.8,Outer Range Brewing Co.,United States,Def Enjoy
1599032675,2026-09-04,3.5,"","",Achel Tripel,Belgian Tripel,8.0,De Achelse Kluis,Belgium,Figaro
1599033454,2026-09-04,2.5,"","",Czech Inn Lager,Lager - Světlé (Czech Pale),4.7,3B Solutions,Lithuania,Beer House
1599033693,2026-09-04,4.0,"",Minsk,Super Muffin,Sour - Smoothie / Pastry,6.7,Les Intenables - Craft Beer,France,Def Enjoy
1599033753,2026-09-04,4.0,"",Casa di Alex,Monster Toybox,IPA - Other,7.4,Strange Toys,Ukraine,Nisha Craft Capital
1599034053,2026-09-04,0.0,"","",Monster Toybox,IPA - Other,7.4,Strange Toys,Ukraine,Nisha Craft Capital
1599034162,2026-09-04,4.0,"","",Super Muffin,Sour - Smoothie / Pastry,6.7,Les Intenables - Craft Beer,France,Def Enjoy
1599034855,2026-09-04,3.5,"",Vilnius,Reloaded,IPA - Session,5.8,Tanker Brewery,Estonia,Liv_in City
1599035274,2026-09-04,3.5,"","",Porn Star,Fruit Beer,4.5,Genys Brewing Co.,Lithuania,Smagus Raugas beershop
1599035301,2026-09-04,4.0,"","",Super Muffin,Sour - Smoothie / Pastry,6.7,Les Intenables - Craft Beer,France,Def Enjoy
1599038039,2026-09-04,0.0,"","",Rye Hipster Brunch Stout,Stout - Imperial / Double Coffee,11.0,Odd Side Ales,United States,Nisha Craft Capital
1599038231,2026-09-04,2.8,Nah.,Vilnius,Schultenbräu Helles,Lager - Helles,4.7,ALDI Nord Deutschland,Germany,
1599038783,2026-09-04,2.8,"","",Chimay Grande Réserve (Blue),Belgian Strong Dark Ale,9.0,Bières de Chimay,Belgium,Brussels Mussels Centrum
1599038974,2026-09-04,3.8,"","",Humulupu IPA,IPA - Session,5.0,Dundulis,Lithuania,BIX Baras
1599045339,2026-09-04,3.5,"",Minsk,Nastro Azzurro,Lager - Pale,5.1,Birra Peroni,Italy,
1599047846,2026-09-04,3.3,"","",Tērvetes,Lager - Pale,5.3,Tērvetes Alus,Latvia,
1599049022,2026-09-04,4.0,"",Vilnius,Achel Tripel,Belgian Tripel,8.0,De Achelse Kluis,Belgium,Brussels Mussels Centrum
1599050277,2026-09-04,2.5,"",UK,Craft Beer Near Me Open Now,Gluten-Free,6.0,Genys Brewing Co.,Lithuania,
1599053641,2026-09-04,3.5,"","",Monster Toybox,IPA - Other,7.4,Strange Toys,Ukraine,Nisha Craft Capital
1599054786,2026-09-04,4.0,"","",7 Year Anniversary Bloody Mary Smoothie Sour Ale,Sour - Smoothie / Pastry,6.0,Ārpus Brewing Co.,Latvia,Nisha Craft Capital
1599055956,2026-09-04,4.0,"",Vilnius,Mont des Cats,Belgian Dubbel,7.6,Abbaye du Mont des Cats,France,Brussels Mussels Centrum
1599062788,2026-09-04,0.0,"","",Ventės,Lager - Helles,5.0,Švyturys,Lithuania,
1599063800,2026-09-04,3.3,"","",Vilniaus Nefiltruotas Šviesusis,Kellerbier / Zwickelbier,5.2,Vilniaus Alus,Lithuania,BIX Baras
1599069806,2026-09-04,4.5,"",Vilnius,Alexander,Sour - Flanders Red Ale,5.6,Brouwerij Rodenbach,Belgium,Brussels Mussels Centrum
1599070088,2026-09-04,3.5,"",Holsbeek,Penki Mazgai,IPA - New England / Hazy,5.0,Brick by Brick (Raudonų Plytų Alaus Dirbtuvės),Lithuania,Grill London
1599079418,2026-09-05,4.0,"","",Sněžka Summer Ale,Pale Ale - American,4.2,Pecký pivovar,Czech Republic,
1599084296,2026-09-05,3.8,"","",Lime Combo,Wheat Beer - Fruited,5.0,Les Intenables - Craft Beer,France,Def Enjoy
1599087401,2026-09-05,3.5,"","",Book of Hops vol.12: Krush & Rakau,IPA - New England / Hazy,6.4,TankBusters.Co,Poland,Šernas pub
1599087753,2026-09-05,3.8,Адская кіслата канешне,"",Dust Dryhop Magnolia,Lambic - Other,0.0,DUST Blending,Belgium,Def Enjoy
1599088211,2026-09-05,3.8,"","","Thriller, Sour Ale With Passion Fruits, Peaches, Oranges And Mangos",Sour - Smoothie / Pastry,5.3,Clef Brewery,Slovenia,Def Enjoy
1599093862,2026-09-05,3.5,"",Vilnius,Oua,Bock - Doppelbock,7.0,La Superba,Italy,Naujamiestis
1599094915,2026-09-05,3.8,"",Vilnius,Kiwi Lime Gose,Sour - Fruited Gose,4.5,CRAK Brewery,Italy,Naujamiestis
1599095635,2026-09-05,4.0,"",Vilnius,Guerrilla® ,IPA - American,5.8,CRAK Brewery,Italy,Naujamiestis
1599096402,2026-09-05,4.0,"",Vilnius,Baltic Porter,Porter - Baltic,9.5,Sakiškės Brewery / Sakiškių Alus,Lithuania,Naujamiestis
1599179457,2026-09-05,3.8,リトアニアのスーパーで購入したビール。ホームブリュー感満載なやつ。たっぷりパイントサイズ。,Tokyo,IPA,IPA - Other,6.0,Volfas Engelman,Lithuania,Alexa Old Town Hotel/Viesbutis
1599180040,2026-09-05,4.0,ホテル近くのマーケット内にあったサンドウィッチスタンドにて、リトアニアのブルワリーのIPA。素朴。ここのフォカッチャが絶品すぎた。,Tokyo,Gubernija Sauvin-On IPA,IPA - Session,4.5,Gubernija Brewery,Lithuania,Savore Sandwich Lab
1599191857,2026-09-05,4.3,"","",Dulle Teve,Belgian Tripel,10.0,Brouwerij De Dolle Brouwers,Belgium,
1599191895,2026-09-05,4.0,"","",Arabier,Belgian Strong Golden Ale,8.0,Brouwerij De Dolle Brouwers,Belgium,
1599191917,2026-09-05,4.0,"","",Boskeun,Belgian Strong Golden Ale,9.0,Brouwerij De Dolle Brouwers,Belgium,
1599195832,2026-09-05,2.5,"","",Ekstra Draught,Lager - Dortmunder / Export,5.2,Švyturys,Lithuania,Vilniaus choraline Sinagoga
1599196841,2026-09-05,3.5,"","",Avietė Melagė,Fruit Beer,4.2,Dundulis,Lithuania,Šnekutis
1599200014,2026-09-05,3.3,"","",Utenos Cherry,Fruit Beer,4.6,Utenos Alus,Lithuania,Vilniaus choraline Sinagoga
1599201006,2026-09-05,2.5,"","",West Coast IPA,IPA - American,6.0,Litra Brewing Company,Moldova,Alynas (CUP)
1599201038,2026-09-05,3.3,"","",Ekstra,Lager - Dortmunder / Export,5.2,Švyturys,Lithuania,Etno Dvaras
1599204273,2026-09-05,4.8,"",UK,Origin IPA,IPA - New England / Hazy,5.8,Basker Brewing Co.,Lithuania,Snekutis
1599204297,2026-09-05,3.3,"","",Jahrhundert Bier,Lager - Dortmunder / Export,5.5,Ayinger Privatbrauerei,Germany,Ugruzina by Azerai
1599205063,2026-09-05,0.0,"",UK,Varniuku Farmhouse Ale,Farmhouse Ale - Other,5.6,Davra Alaus Darykla,Lithuania,Šnekutis
1599207977,2026-09-05,4.5,"",UK,Green Monster IPA,IPA - American,6.0,Green Monster Brewery,Lithuania,Šnekutis
1599209264,2026-09-05,0.0,"","",Polar Beer,Lager - Other,4.5,Ölgerðin Egill Skallagrímsson,Iceland,
1599209396,2026-09-05,0.0,"","",Víking Rökkr,Lager - Vienna,4.6,Viking Brewery ,Iceland,
1599209579,2026-09-05,0.0,"","",Bud Light,Lager - American Light,4.2,Anheuser-Busch,United States,
1599209812,2026-09-05,0.0,"","",Hazy Day,IPA - Session New England / Hazy,4.3,Greene King,England,
1599210136,2026-09-05,3.0,"","",Kurkas Keptinis,Historical Beer - Keptinis,5.3,Dundulis,Lithuania,Lokys
1599210141,2026-09-05,3.8,"","",Mönchsambacher Festbier,Festbier,5.8,Brauerei Zehendner,Germany,Justės ir Bruknės urvelis
1599210175,2026-09-05,0.0,"","",Atlantic,Pale Ale - English,4.2,Sharp's Brewery,England,
1599210268,2026-09-05,0.0,"","",Offshore,Pilsner - Czech / Bohemian,4.8,Sharp's Brewery,England,
1599210391,2026-09-05,3.5,The rich malty depth that you'd expect from a baked loaf of malt 😂,Dalston,Kurkas Keptinis,Historical Beer - Keptinis,5.3,Dundulis,Lithuania,Šnekutis
1599211079,2026-09-05,4.8,"",UK,Origin IPA,IPA - New England / Hazy,5.8,Basker Brewing Co.,Lithuania,Šnekutis
1599211111,2026-09-05,4.0,"","",Dirty Duck Cardamom,Spiced / Herbed Beer,5.6,Biržų Alus ,Lithuania,
1599211250,2026-09-05,4.5,"","",Smooth Criminal,Bock - Doppelbock,12.0,Anderson's Brewery,Estonia,
1599211469,2026-09-05,2.8,"","",Birra Italiana Premium,Lager - Pale,4.8,Birrificio Angelo Poretti,Italy,Lukiškių kalėjimas
1599213331,2026-09-05,3.8,"","",Humulupu IPA,IPA - Session,5.0,Dundulis,Lithuania,Lokys
1599213868,2026-09-05,2.5,"","",Baltas (White),Wheat Beer - Hefeweizen,5.0,Švyturys,Lithuania,RoseHip Vegan Bistro
1599213930,2026-09-05,0.8,"","",Seville Sunrise,Sour - Fruited Berliner Weisse,3.8,Eternal Night Brewing,Estonia,
1599214219,2026-09-05,3.5,"","",Arhitekts,Pale Ale - American,5.3,Brūzis Manufaktūra,Latvia,
1599214222,2026-09-05,2.5,"","",Baltas,Wheat Beer - Hefeweizen,5.2,Vilkmerges Alus,Lithuania,RoseHip Vegan Bistro
1599215225,2026-09-05,1.0,"","",Hawaiin,Fruit Beer,0.0,Hackney Church Brew Co.,England,
1599215510,2026-09-05,1.0,"","",Renaissance,Pale Ale - American,4.5,Hackney Church Brew Co.,England,
1599218398,2026-09-05,3.3,"","",Hitachino Nest Red Rice Ale,Specialty Grain,7.0,Kiuchi Brewery,Japan,Sakai Ramen Bar
1599218542,2026-09-05,2.8,"","",DaiDai IPA(だいだいIPA),IPA - Farmhouse,5.5,Beer Kobo Zero Labo,Japan,Sakai Ramen Bar
1599218692,2026-09-05,3.0,"","",DaiDai IPA(だいだいIPA),IPA - Farmhouse,5.5,Beer Kobo Zero Labo,Japan,Sakai Ramen Bar
1599218717,2026-09-05,2.8,"","",Hitachino Nest Red Rice Ale,Specialty Grain,7.0,Kiuchi Brewery,Japan,Sakai Ramen Bar
1599220582,2026-09-05,3.0,"","",Žalia Bitė,Mead - Braggot,6.2,Širvėnos bravoras DUNDULIS,Lithuania,Šnekutis
1599220967,2026-09-05,3.8,"","",Špunka Pils,Pilsner - Czech / Bohemian,4.8,Dundulis,Lithuania,Halės Smokehouse
1599221782,2026-09-05,0.8,"","",Duch Puszczy,Porter - Baltic,9.5,Przełom,Poland,
1599222032,2026-09-05,1.0,"","",Leśny Owoc - Pigwa i Marakuja,Sour - Fruited,5.2,Przełom,Poland,
1599222847,2026-09-05,3.8,"",Minsk,Blond,Blonde / Golden Ale - Other,4.7,Bear & Boar,Lithuania,
1599223348,2026-09-05,0.8,"","",Bière Pacifique,Pale Ale - Belgian,4.0,Eternal Night Brewing,Estonia,
1599224506,2026-09-05,3.5,"","",Pelėda,Stout - Milk / Sweet,4.6,Dundulis,Lithuania,Šnekutis
1599225127,2026-09-05,3.5,"","",Bałtycki Dziad: Stout,Stout - Irish Dry,4.8,AleBrowar,Poland,Nisha Craft Capital
1599225729,2026-09-05,2.8,"","",Life's a Beach,IPA - Session,4.5,Jopen,Netherlands,Nisha Craft Capital
1599225831,2026-09-05,3.8,"","",Kriek,Lambic - Kriek,4.8,Davra Alaus Darykla,Lithuania,Baltasis tiltas | White bridge (Baltasis tiltas)
1599226118,2026-09-05,3.5,"","",Future Depends,IPA - New England / Hazy,6.0,BRØL,Denmark,Third Place
1599226590,2026-09-05,3.5,"","",Breakfast Pilsner,Pilsner - Other,4.7,BRØL,Denmark,Third Place
1599228560,2026-09-05,1.8,"",Minsk,Zubr Gold,Pilsner - Czech / Bohemian,4.6,Pivovar Zubr,Czech Republic,
1599228648,2026-09-05,2.5,"","",Reptilian Picnic,IPA - New England / Hazy,6.3,Hackney Church Brew Co.,England,
1599229495,2026-09-05,3.8,"","",7 Year Anniversary Bloody Mary Smoothie Sour Ale,Sour - Smoothie / Pastry,6.0,Ārpus Brewing Co.,Latvia,Nisha Craft Capital
1599229564,2026-09-05,1.3,"","",Pucker Up,Sour - Fruited,5.0,Hackney Church Brew Co.,England,
1599229696,2026-09-05,4.0,"","",POP!,IPA - New England / Hazy,6.5,Blech.Brut,Germany,
1599230107,2026-09-05,0.0,"",Kaunas,Bière Pacifique,Pale Ale - Belgian,4.0,Eternal Night Brewing,Estonia,
1599230387,2026-09-05,0.0,"",Kaunas,Silence,Stout - Belgian,8.0,Eternal Night Brewing,Estonia,
1599231331,2026-09-05,4.5,"","",Trifling Matters,Sour - Smoothie / Pastry,6.0,Hop Hooligans,Romania,
1599234721,2026-09-05,3.5,"","",Špunka Pils,Pilsner - Czech / Bohemian,4.8,Dundulis,Lithuania,Špunka
1599234976,2026-09-05,1.0,"","",SZLAK,IPA - American,6.3,Browar Cztery Ściany / Four Walls Brewery,Poland,
1599235567,2026-09-05,3.5,"","",Simkala APA,Pale Ale - American,5.0,Širvėnos bravoras DUNDULIS,Lithuania,Špunka
1599240554,2026-09-05,3.8,"",Casa di Alex,Humulupu IPA,IPA - Session,5.0,Dundulis,Lithuania,Špunka
1599240672,2026-09-05,3.3,"",Dalston,Grynas,Lager - Pale,5.0,Širvėnos bravoras DUNDULIS,Lithuania,Bromas
1599240700,2026-09-05,3.8,"",Vilnius,Brooklyn Special Effects Hoppy Lager,Non-Alcoholic - Lager,0.4,Brooklyn Brewery,United States,WOLF's Garage
1599241163,2026-09-05,3.5,祭りやってたので。雨が降ったり止んだり安定しない。,Tokyo,Galaxy Šviesusis/Lager,Lager - Pale,5.0,Volfas Engelman,Lithuania,Vilniaus Festivaliai | Vilnius Festivals
1599243698,2026-09-05,4.0,"","",Humulupu IPA,IPA - Session,5.0,Dundulis,Lithuania,Nisha Craft Capital
1599244601,2026-09-05,3.5,"",Holsbeek,Grynas,Lager - Pale,5.0,Širvėnos bravoras DUNDULIS,Lithuania,Comfort Hotel LT
1599245189,2026-09-05,0.0,"",Kaunas,Metsik Sauvage,Farmhouse Ale - Saison,9.0,Eternal Night Brewing,Estonia,
1599245877,2026-09-05,3.3,"","",Imperial Porteris,Porter - Baltic,6.0,Volfas Engelman,Lithuania,universiteto vaistinė
1599246147,2026-09-05,1.5,"","",Bison Grass,Pilsner - Other,5.0,Browar inBRAND,Poland,
1599246683,2026-09-05,4.0,Lekker,Netherlands,Blanc,Wheat Beer - Witbier / Blanche,5.0,Volfas Engelman,Lithuania,Fork The System Bbq
1599247025,2026-09-05,3.5,"","",Blanc,Wheat Beer - Witbier / Blanche,5.0,Volfas Engelman,Lithuania,Fork The System Bbq
1599249147,2026-09-05,3.5,"",Stockholm,IPA,IPA - Other,5.6,Alsteka,Lithuania,Beer House
1599251014,2026-09-05,3.8,"","",ABRAKADABRA [ Drumstasis IPA ],IPA - New England / Hazy,5.4,Dundulis,Lithuania,Špunka
1599251745,2026-09-05,3.8,"",Minsk,Mežs (Forest),Spiced / Herbed Beer,5.5,Labietis. Pagan Brews,Latvia,
1599253168,2026-09-05,3.8,"",Kaunas,Punk IPA,IPA - American,5.2,BrewDog,Scotland,
1599253759,2026-09-05,4.5,"",UK,Normalipa,IPA - American,5.8,Basker Brewing Co.,Lithuania,Vinoteka
1599254231,2026-09-05,4.3,"",Deutschland ,Rinktinis,Lager - Pale,5.2,Volfas Engelman,Lithuania,Nostrum Vilnius
1599254260,2026-09-05,0.0,"",Kaunas,Black Sea Tsunami Second Wave,IPA - New England / Hazy,6.7,Tetrapod Brewery,Bulgaria,
1599255897,2026-09-05,1.0,"","",Virsaitis (Chief),IPA - American,6.0,Labietis. Pagan Brews,Latvia,
1599257088,2026-09-05,4.3,"","",TENTAPOD,IPA - New England / Hazy,6.4,Blech.Brut,Germany,Justės ir Bruknės urvelis
1599258248,2026-09-05,4.0,"",Bia?ystok,Blueberry Bun,Sour - Smoothie / Pastry,4.3,Browar Stu Mostów,Poland,Nisha Craft Capital
1599258823,2026-09-05,0.0,"",Kaunas,Fangalactic Supergoria,Sour - Smoothie / Pastry,6.0,Metalhead,Bulgaria,
1599258978,2026-09-05,2.8,"","",Porn Star,Fruit Beer,4.5,Genys Brewing Co.,Lithuania,
1599259547,2026-09-05,0.0,"",UK,Mežs (Forest),Spiced / Herbed Beer,5.5,Labietis. Pagan Brews,Latvia,Vinoteka
1599259574,2026-09-05,3.3,"","",Hop House 13 Lager,Lager - Pale,4.1,Guinness,Ireland,
1599259709,2026-09-05,4.0,"","",IPA,IPA - American,6.2,Lagunitas Brewing Company,United States,
1599259878,2026-09-05,0.0,"","",Life's a Beach,IPA - Session,4.5,Jopen,Netherlands,Nisha Craft Capital
1599260213,2026-09-05,3.0,LCI,Casa di Alex,Argo Blue (არგო ლაგერი),Lager - Pale,4.8,Argo Brewing Company,Georgia,Mr. Pub
1599260283,2026-09-05,4.5,"",Bia?ystok,Angry Rooster,Stout - Imperial / Double Pastry,11.0,Seven Island Brewery,Greece,Nisha Craft Capital
1599260750,2026-09-05,3.3,"","",Argo Blue (არგო ლაგერი),Lager - Pale,4.8,Argo Brewing Company,Georgia,Mr. Pub
1599260768,2026-09-05,3.0,"","",Medaus Mėnuo (Honeymoon),Honey Beer,4.9,Craft & Draft Brewpub & Whiskey,Lithuania,Craft & Draft
1599261523,2026-09-05,3.8,Lekker,Netherlands,Medaus Mėnuo (Honeymoon),Honey Beer,4.9,Craft & Draft Brewpub & Whiskey,Lithuania,Craft & Draft
1599261798,2026-09-05,3.5,"","",Birra Messina Note Di Melograno,Lager - Fruited  ,5.0,Heineken Italia,Italy,
1599262427,2026-09-05,4.0,"",Vilnius,Alone In Space,IPA - New England / Hazy,6.0,TankBusters.Co,Poland,Nisha Craft Capital
1599262623,2026-09-05,3.5,"","",APA,Pale Ale - American,5.0,Būsi Trečias,Lithuania,Būsi Trečias
1599264025,2026-09-05,1.3,"","",Impossible Mountain,Sour - Fruited,5.0,Hop Hooligans,Romania,
1599264346,2026-09-05,3.8,"","",Tamsi Praeitis (Dark Past),Lager - Dark,4.9,Craft & Draft Brewpub & Whiskey,Lithuania,Craft & Draft
1599264466,2026-09-05,4.0,За атмосферу и верность традициям)),"",Jovarų Šnekutis,Farmhouse Ale - Other,6.0,A. Udrienes I.Į. Jovarų Alus,Lithuania,
1599264910,2026-09-05,3.5,Lekker,Netherlands,Tamsi Praeitis (Dark Past),Lager - Dark,4.9,Craft & Draft Brewpub & Whiskey,Lithuania,Craft & Draft
1599265551,2026-09-05,4.3,"","",Grape X Red Currant X Strawberry X Peanut Butter Fruited Gose,Sour - Fruited Gose,4.5,Ārpus Brewing Co.,Latvia,Nisha Craft Capital
1599265873,2026-09-05,4.0,"",Vilnius,"Midus ""Medkopio"" (Apple Bochet Session Mead)",Mead - Bochet,6.8,Šušvės Midus,Lithuania,Local Pub
1599266410,2026-09-05,2.0,"","",Šviesi Ateitis (Bright Future),Lager - Pale,4.8,Craft & Draft Brewpub & Whiskey,Lithuania,
1599266829,2026-09-05,1.5,"","",Teatras,Pale Ale - New England / Hazy,5.2,Genys Brewing Co.,Lithuania,
1599266872,2026-09-05,3.5,"",UK,Citra IPA,IPA - American,5.4,Bear & Boar,Lithuania,Vinoteka
1599267178,2026-09-05,2.8,"",Minsk,Estrella de Levante,Pilsner - Other,4.8,Estrella de Levante,Spain,
1599268569,2026-09-05,4.0,"Superb, smooth, a little smokey, a bit of peat, real surprise",Dalston,Moko Maukas Akmeninis,Historical Beer - Steinbier,6.4,Dundulis,Lithuania,Špunka
1599268619,2026-09-05,2.5,Mwa,Netherlands,Šviesi Ateitis (Bright Future),Lager - Pale,4.8,Craft & Draft Brewpub & Whiskey,Lithuania,Craft & Draft
1599268905,2026-09-05,4.0,"",Vilnius,Paulaner Oktoberfest Bier,Festbier,6.0,Paulaner Brauerei,Germany,
1599269122,2026-09-05,3.3,"","",KIPšAs,IPA - American,5.5,Craft & Draft Brewpub & Whiskey,Lithuania,Craft & Draft
1599270483,2026-09-05,2.8,"",Kaunas,Bitburger Premium Pils,Pilsner - German,4.8,Bitburger Brauerei,Germany,
1599270996,2026-09-05,3.0,"",Kaunas,Paulaner Salvator,Bock - Doppelbock,7.9,Paulaner Brauerei,Germany,
1599271833,2026-09-05,2.8,"","",Aventinus Eisbock (TAP09),Bock - Eisbock,12.0,Schneider Weisse G. Schneider & Sohn,Germany,Nisha Craft Capital
1599272022,2026-09-05,0.0,"",Kaunas,Gazpacho From Hell,Sour - Tomato / Vegetable Gose,5.0,Hackney Church Brew Co.,England,
1599272090,2026-09-05,2.3,"","",Mint,Pale Ale - Other,0.0,Craft & Draft Brewpub & Whiskey,Lithuania,Craft & Draft
1599272309,2026-09-05,3.0,Strange taste but okay,"",Aventinus Eisbock (TAP09),Bock - Eisbock,12.0,Schneider Weisse G. Schneider & Sohn,Germany,Nisha Craft Capital
1599272889,2026-09-05,4.0,Finished too quick :-))),"",Alone In Space,IPA - New England / Hazy,6.0,TankBusters.Co,Poland,Nisha Craft Capital
1599272981,2026-09-05,3.0,"","",Pie Strings Theory 2026,Sour - Smoothie / Pastry,6.0,Sofia Electric Brewing ,Bulgaria,
1599274010,2026-09-05,2.0,"","",4 Luppoli Originale,Lager - Pale,5.0,Birrificio Angelo Poretti,Italy,Vasaros Terasa - Vilniaus mokytojų namų kiemelis
1599274922,2026-09-05,3.3,"",Casa di Alex,ABRAKADABRA [ Drumstasis IPA ],IPA - New England / Hazy,5.4,Dundulis,Lithuania,Špunka
1599275407,2026-09-05,3.3,"",Dalston,ABRAKADABRA [ Drumstasis IPA ],IPA - New England / Hazy,5.4,Dundulis,Lithuania,Špunka
1599275495,2026-09-05,2.3,"","",Tara’s Salted Caramel Brown,Brown Ale - American,5.0,Black Sky Brewery,United States,
1599275852,2026-09-05,3.0,"","",Seasonal Ale (Ginger Pale Lager),Spiced / Herbed Beer,4.9,Craft & Draft Brewpub & Whiskey,Lithuania,Craft & Draft
1599276394,2026-09-05,0.0,"",Vilnius,Zero Sugar Ultra,Non-Alcoholic - Energy Drink,0.0,Monster Energy,United States,Liv_in City
1599276604,2026-09-05,2.3,"","",Black Sea Tsunami,IPA - New England / Hazy,6.5,Tetrapod Brewery,Bulgaria,
1599276740,2026-09-05,4.3,"Light easy drink, isotonic after run :-)","",Life's a Beach,IPA - Session,4.5,Jopen,Netherlands,Nisha Craft Capital
1599277022,2026-09-05,0.0,"","",Alone In Space,IPA - New England / Hazy,6.0,TankBusters.Co,Poland,Nisha Craft Capital
1599277327,2026-09-05,1.3,"","",Drzwi Do Lasu,IPA - Black / Cascadian Dark Ale,5.7,Przełom,Poland,
1599277845,2026-09-05,4.0,"","",7 Year Anniversary Bloody Mary Smoothie Sour Ale,Sour - Smoothie / Pastry,6.0,Ārpus Brewing Co.,Latvia,Nisha Craft Capital
1599278007,2026-09-05,4.0,"","",Green Monster IPA,IPA - American,6.0,Green Monster Brewery,Lithuania,Šnekutis
1599278057,2026-09-05,2.8,"","",Chocolate Stout Nitro,Stout - Milk / Sweet,5.7,Browar Stu Mostów,Poland,Nisha Craft Capital
1599279126,2026-09-05,4.0,Goeie,Netherlands,KIPšAs,IPA - American,5.5,Craft & Draft Brewpub & Whiskey,Lithuania,Craft & Draft
1599279786,2026-09-05,3.3,"","",Bocmano Ūsai (Bosun’s Moustache),IPA - American,6.0,Brick by Brick (Raudonų Plytų Alaus Dirbtuvės),Lithuania,Lukiškių kalėjimas
1599279860,2026-09-05,2.8,"",Minsk,Birra Italiana Premium,Lager - Pale,4.8,Birrificio Angelo Poretti,Italy,
1599280601,2026-09-05,3.5,Oke,Netherlands,Mint,Pale Ale - Other,0.0,Craft & Draft Brewpub & Whiskey,Lithuania,Craft & Draft
1599280673,2026-09-05,4.3,"",Vilnius,Chocolate Stout Nitro,Stout - Milk / Sweet,5.7,Browar Stu Mostów,Poland,Nisha Craft Capital
1599280834,2026-09-05,1.8,"","",Spring Night Adventure / Nuotykis Pavasario Naktį,Pale Ale - Other,4.5,Genys Brewing Co.,Lithuania,
1599283506,2026-09-05,4.0,"",Vilnius,It's Coming Home (Final Eight - England),IPA - New England / Hazy,6.2,Funky Fluid,Poland,Local Pub
1599284382,2026-09-05,3.8,"","",SPITSBERGEN - PALE ALE,Pale Ale - American,4.7,Svalbard Bryggeri,Norway,
1599284792,2026-09-05,3.5,Піва са смакам піва,Bia?ystok,SPITSBERGEN - PALE ALE,Pale Ale - American,4.7,Svalbard Bryggeri,Norway,Nisha Craft Capital
1599284912,2026-09-05,3.3,"","",SPITSBERGEN - PALE ALE,Pale Ale - American,4.7,Svalbard Bryggeri,Norway,Nisha Craft Capital
1599285005,2026-09-05,3.5,"",Vilnius,SPITSBERGEN - PALE ALE,Pale Ale - American,4.7,Svalbard Bryggeri,Norway,Nisha Craft Capital
1599285466,2026-09-05,2.5,"","",SPITSBERGEN - NÅIPA,IPA - New England / Hazy,7.0,Svalbard Bryggeri,Norway,
1599285603,2026-09-05,3.8,"","",SPITSBERGEN - NÅIPA,IPA - New England / Hazy,7.0,Svalbard Bryggeri,Norway,
1599286040,2026-09-05,3.5,Не надта адрозніваецца ад папярэдняга,Bia?ystok,SPITSBERGEN - NÅIPA,IPA - New England / Hazy,7.0,Svalbard Bryggeri,Norway,Nisha Craft Capital
1599286109,2026-09-05,4.0,"",Vilnius,SPITSBERGEN - NÅIPA,IPA - New England / Hazy,7.0,Svalbard Bryggeri,Norway,Nisha Craft Capital
1599286842,2026-09-05,3.0,"","",Повна Діжка Оксамитове,Lager - Munich Dunkel,4.2,AB InBev Efes Ukraine,Ukraine,
1599287176,2026-09-05,3.8,"","",Debesainis,Wheat Beer - Hefeweizen,4.5,Širvėnos bravoras DUNDULIS,Lithuania,Špunka
1599287228,2026-09-05,2.5,"","",SPITSBERGEN - PALE ALE,Pale Ale - American,4.7,Svalbard Bryggeri,Norway,
1599288748,2026-09-05,1.0,"","",Blackened Sunrise,Stout - Imperial / Double Pastry,12.0,Metalhead,Bulgaria,
1599289097,2026-09-05,3.5,"",Casa di Alex,Debesainis,Wheat Beer - Hefeweizen,4.5,Širvėnos bravoras DUNDULIS,Lithuania,Špunka
1599289864,2026-09-05,0.0,"","",Vilkmergės Premium Lager,Lager - Helles,5.0,Vilkmerges Alus,Lithuania,Blusynė
1599290279,2026-09-05,0.0,"",Kaunas,Duch Puszczy,Porter - Baltic,9.5,Przełom,Poland,
1599291393,2026-09-05,0.0,"",Kaunas,Drzwi Do Lasu,IPA - Black / Cascadian Dark Ale,5.7,Przełom,Poland,
1599293024,2026-09-05,4.0,"",Holsbeek,The Doorway Effect,IPA - Imperial / Double New England / Hazy,8.0,Verdant Brewing Co,England,Nisha Craft Capital
1599293081,2026-09-05,3.5,"",Vilnius,Sezoninis Alus,Farmhouse Ale - Saison,0.0,Craft & Draft Brewpub & Whiskey,Lithuania,Craft & Draft
1599293776,2026-09-05,1.3,"","",St Clements Wheat,Wheat Beer - Witbier / Blanche,5.0,Brew Wharf,England,
1599293874,2026-09-05,4.0,"","",Life's a Beach,IPA - Session,4.5,Jopen,Netherlands,Nisha Craft Capital
1599294170,2026-09-05,3.5,"","",Alone In Space,IPA - New England / Hazy,6.0,TankBusters.Co,Poland,Nisha Craft Capital
1599294727,2026-09-05,3.8,"","",Complot IPA,IPA - Other,6.6,Damm,Spain,Vijokliai Beer Garden
1599294821,2026-09-05,4.0,"","",Lager,Lager - Mexican,4.5,Bear & Boar,Lithuania,Beer House
1599294927,2026-09-05,4.0,"","",Lager,Lager - Mexican,4.5,Bear & Boar,Lithuania,
1599295307,2026-09-05,3.0,"","",Salitos Original,Shandy / Radler,5.9,MBG International Premium Brands,Germany,
1599297563,2026-09-05,0.0,"",Kaunas,Belle of the Ball,Sour - Smoothie / Pastry,6.0,Hop Hooligans,Romania,
1599300208,2026-09-05,3.5,"","",Brownie Bowl - Lava Cake,Stout - Milk / Sweet,4.8,Nepo Brewing,Poland,Local Pub
1599300395,2026-09-05,4.5,"",Deutschland ,Gutstoutas,Stout - Oatmeal,5.0,Širvėnos bravoras DUNDULIS,Lithuania,Haze Pub
1599300869,2026-09-05,0.0,"",Kaunas,TITANIC CAVE,Belgian Quadrupel,11.0,Clandestin Beer,Romania,
1599302227,2026-09-05,4.8,"",Deutschland ,Lime Combo,Wheat Beer - Fruited,5.0,Les Intenables - Craft Beer,France,Def Enjoy
1599304717,2026-09-05,3.5,"",Vilnius,IPUTĖ (Little IPA),IPA - American,5.1,Craft & Draft Brewpub & Whiskey,Lithuania,Craft & Draft
1599304819,2026-09-05,3.5,"",Kaunas,Draught Cider,Cider - Traditional / Apfelwein,4.5,Hogan's Cider,England,
1599305547,2026-09-05,3.8,"",Kaunas,Cidre Artisanal Ponpon,Cider - Traditional / Apfelwein,4.5,Cidrerie de la Brique,France,
1599305860,2026-09-05,4.5,Хорошо. Приятное. Хмель. Травы….,"",Kilkim Žaibu (2022),Traditional Ale,4.9,Širvėnos bravoras DUNDULIS,Lithuania,
1599306777,2026-09-05,3.5,Crisp wheat beer. Very nice!,"",Bėganti Kopa (Running Dune),Wheat Beer - Witbier / Blanche,4.5,Brick by Brick (Raudonų Plytų Alaus Dirbtuvės),Lithuania,Stebuklai bistro
1599307816,2026-09-05,3.8,"","",Dank Orbit,IPA - American,7.0,Outer Range Brewing Co.,United States,Def Enjoy
1599308067,2026-09-05,4.0,"","",Hop Series Hazy IPA,IPA - Other,5.5,Sakiškės Brewery / Sakiškių Alus,Lithuania,Sakiškės Brewery (Sakiškių Alus)
1599309365,2026-09-05,2.0,Крэпкое… и горькое),Vilnius,Oerbier,Belgian Strong Dark Ale,9.0,Brouwerij De Dolle Brouwers,Belgium,
1599310553,2026-09-05,2.3,"",Klaipeda,Kalnapilis 7.30,Lager - Strong,7.3,Kalnapilis Brewery,Lithuania,
1599310651,2026-09-05,0.0,"",Kaunas,Pļava (Meadow),Spiced / Herbed Beer,6.3,Labietis. Pagan Brews,Latvia,
1599311136,2026-09-05,2.5,"","",Benediktiner Hell,Lager - Helles,5.0,Benediktiner Weissbräu,Germany,
1599311466,2026-09-05,0.0,"",Kaunas,Virsaitis (Chief),IPA - American,6.0,Labietis. Pagan Brews,Latvia,
1599312496,2026-09-05,3.8,"","",SABROTAGE / Session NEIPA - Citra & Sabro & Mosaic & Amarillo,IPA - New England / Hazy,5.1,Pivovar Vik,Czech Republic,Def Enjoy
1599312889,2026-09-05,4.0,"","",Vyšnių Kriek,Fruit Beer,5.0,Vilkmerges Alus,Lithuania,Bistro 18
1599313132,2026-09-05,4.3,"","",Swing,IPA - New England / Hazy,6.5,SOMA Beer,Spain,Def Enjoy
1599313219,2026-09-05,4.8,"",Deutschland ,"Sploosh! Sour Ale With Mango, Apricots, Peaches, Lemons and Spirulina",Sour - Smoothie / Pastry,5.2,Clef Brewery,Slovenia,Def Enjoy
1599314377,2026-09-05,3.8,"",Dalston,It's Coming Home (Final Eight - England),IPA - New England / Hazy,6.2,Funky Fluid,Poland,Local Pub
1599317237,2026-09-05,0.8,"","",Тайната на Пепи / Pepi’s Secret,IPA - Session,3.8,Tetrapod Brewery,Bulgaria,
1599318060,2026-09-05,2.0,"","",Rinktinis,Lager - Pale,5.2,Volfas Engelman,Lithuania,
1599318365,2026-09-05,5.0,"",Deutschland ,Ro-Coco,Sour - Smoothie / Pastry,6.5,Sáez & Son,Spain,Def Enjoy
1599321279,2026-09-05,0.0,"","",Bicep Barbie,IPA - Triple,10.0,Hop Hooligans,Romania,
1599321690,2026-09-05,5.0,"","",SABROTAGE / Session NEIPA - Citra & Sabro & Mosaic & Amarillo,IPA - New England / Hazy,5.1,Pivovar Vik,Czech Republic,
1599322047,2026-09-05,0.0,"",Kaunas,Two Winters Only,Barleywine - Other,13.0,Metalhead,Bulgaria,
1599322063,2026-09-05,4.3,"","",Free Hazy IPA,Non-Alcoholic - IPA,0.0,Pivovar Vik,Czech Republic,
1599322083,2026-09-05,1.5,"","",Bicep Barbie,IPA - Triple,10.0,Hop Hooligans,Romania,
1599322488,2026-09-05,4.3,"","",Lime Combo,Wheat Beer - Fruited,5.0,Les Intenables - Craft Beer,France,
1599322597,2026-09-05,0.0,"",Kaunas,Overloaded Amplifier,Stout - Imperial / Double Pastry,11.6,Sofia Electric Brewing ,Bulgaria,
1599323240,2026-09-05,3.8,"","",Passion Krush,Non-Alcoholic - Hop Water,0.0,Les Intenables - Craft Beer,France,
1599325019,2026-09-05,4.0,"","",Swing,IPA - New England / Hazy,6.5,SOMA Beer,Spain,Def Enjoy
1599325653,2026-09-05,4.0,"","",Swing,IPA - New England / Hazy,6.5,SOMA Beer,Spain,Def Enjoy
1599326375,2026-09-05,3.3,"","",Joniškėlio Lager Šviesusis,Lager - Pale,5.2,UAB Joalda,Lithuania,Baltas Tiltas Food Hall
1599328053,2026-09-05,4.3,"","",Swing,IPA - New England / Hazy,6.5,SOMA Beer,Spain,Def Enjoy
1599328811,2026-09-05,4.3,"",Holsbeek,Devil's Trill XXXI: Trilocybin,IPA - Imperial / Double New England / Hazy,8.5,Blood Brothers Brewing,Canada,Nisha Craft Capital
1599329363,2026-09-05,4.0,"",Deutschland ,Freshly Squeezed: Banana + Strawberry + Vanilla,Sour - Smoothie / Pastry,7.0,Glass Pyramid Project,Finland,Def Enjoy
1599329461,2026-09-05,3.3,"","",Gubernija Nefiltruotas / Unfiltered,Kellerbier / Zwickelbier,5.0,Gubernija Brewery,Lithuania,
1599329796,2026-09-05,3.0,"","",Argus Lager,Lager - Pale,4.9,Lidl Deutschland / Germany,Germany,
1599340079,2026-09-05,4.0,"","",Baltic Stout,Stout - Imperial / Double,7.5,Rügener Insel-Brauerei,Germany,
1599340645,2026-09-05,3.3,"","",Firminis Gabi,Blonde / Golden Ale - Other,5.2,Restoranas GABI,Lithuania,
1599340887,2026-09-05,3.0,"","",Karavas Forever,Lager - Amber / Red,5.4,Rinkuškiai,Lithuania,Lokys
1599341631,2026-09-05,4.0,"","",Swing,IPA - New England / Hazy,6.5,SOMA Beer,Spain,Def Enjoy
1599342109,2026-09-05,4.0,"",Casa di Alex,Karavas Forever,Lager - Amber / Red,5.4,Rinkuškiai,Lithuania,Lokys
1599342435,2026-09-05,3.3,"",Vilnius,E033,Farmhouse Ale - Other,4.2,Labietis. Pagan Brews,Latvia,Begemoto Sapnas
1599342821,2026-09-05,0.0,"",Kaunas,Kamper,IPA - American,6.4,Browar Cztery Ściany / Four Walls Brewery,Poland,
1599342949,2026-09-05,4.3,"","",The Doorway Effect,IPA - Imperial / Double New England / Hazy,8.0,Verdant Brewing Co,England,Nisha Craft Capital
1599343345,2026-09-05,3.8,"","",Fruity MEAD - Cherry,Mead - Melomel,6.1,ODU Brewery,Latvia,Def Enjoy
1599343502,2026-09-05,3.5,"","",Fruity MEAD - Cherry,Mead - Melomel,6.1,ODU Brewery,Latvia,Def Enjoy
1599348449,2026-09-05,3.5,"","",Spring Night Adventure / Nuotykis Pavasario Naktį,Pale Ale - Other,4.5,Genys Brewing Co.,Lithuania,Garden
1599349371,2026-09-05,3.8,"","",Ekstra,Lager - Dortmunder / Export,5.2,Švyturys,Lithuania,
1599349921,2026-09-05,3.8,This is how all mead should be 😁,Dalston,"Midus ""Medkopio"" (Apple Bochet Session Mead)",Mead - Bochet,6.8,Šušvės Midus,Lithuania,Local Pub
1599350823,2026-09-05,3.0,"",Kaunas,Gubernija Sauvin-On IPA,IPA - Session,4.5,Gubernija Brewery,Lithuania,
1599355300,2026-09-05,3.5,"","",TDH Single Hop Series HBC 1183 IPA,IPA - New England / Hazy,6.5,Ārpus Brewing Co.,Latvia,Def Enjoy
1599355385,2026-09-05,3.5,"","",TDH Single Hop Series HBC 1183 IPA,IPA - New England / Hazy,6.5,Ārpus Brewing Co.,Latvia,Def Enjoy
1599355460,2026-09-05,2.8,"","",Gubernija Ekstra / Extra Lager,Lager - Helles,5.2,Gubernija Brewery,Lithuania,
1599356438,2026-09-05,3.5,"","",Varniukų Tamsus,Dark Ale,5.2,Davra Alaus Darykla,Lithuania,Baltas Tiltas Food Hall
1599357208,2026-09-05,0.0,"",Kaunas,Teatras,Pale Ale - New England / Hazy,5.2,Genys Brewing Co.,Lithuania,
1599357291,2026-09-05,3.8,"","",TDH Single Hop Series HBC 1183 IPA,IPA - New England / Hazy,6.5,Ārpus Brewing Co.,Latvia,Def Enjoy
1599357406,2026-09-05,3.8,Салодкая класіка ад Арпуса,"",TDH Single Hop Series HBC 1183 IPA,IPA - New England / Hazy,6.5,Ārpus Brewing Co.,Latvia,Def Enjoy
1599357408,2026-09-05,3.3,"","",Schwarzbier,Schwarzbier,4.8,Köstritzer Schwarzbierbrauerei,Germany,
1599358074,2026-09-05,2.8,"","",Coors Light,Lager - American Light,4.2,Coors Brewing Company,United States,
1599360066,2026-09-05,3.3,"","",7F Craft APA,Pale Ale - American,5.5,7Fcraft,Lithuania,7 Fridays
1599362557,2026-09-05,3.3,"","",Argus Unfiltered Belgian Style Beer,Belgian Blonde,4.5,Lidl Deutschland / Germany,Germany,
1599364481,2026-09-05,4.3,"",Deutschland ,Balta Pinta,Wheat Beer - Hefeweizen,5.0,Volfas Engelman,Lithuania,Nostrum Vilnius
1599364607,2026-09-05,3.5,"","",Californication / Kalifornikacija,Pale Ale - American,4.5,Genys Brewing Co.,Lithuania,Garden
1599364751,2026-09-05,3.3,"","",Rinkuškių Proginis,Lager - Pale,5.2,Rinkuškiai,Lithuania,Senoji Trobelė
1599364912,2026-09-05,3.3,"","",Templářské tajemné pivo Lager / Tamplier Lager,Pilsner - Czech / Bohemian,5.0,Woodmin,Czech Republic,Užupis
1599365526,2026-09-05,4.0,"",Holsbeek,Purist,IPA - New England / Hazy,6.8,All My Friends Beer Co.,Canada,
1599371849,2026-09-05,3.5,"","",TDH Nectaron x Superdelic x Mosaic DIPA,IPA - Imperial / Double New England / Hazy,8.0,Ārpus Brewing Co.,Latvia,Def Enjoy
1599372334,2026-09-05,3.8,"","",TDH Nectaron x Superdelic x Mosaic DIPA,IPA - Imperial / Double New England / Hazy,8.0,Ārpus Brewing Co.,Latvia,Def Enjoy
1599372474,2026-09-05,4.0,Good beer but fuck England. 1966 isn't long enough ago.,"",It's Coming Home (Final Eight - England),IPA - New England / Hazy,6.2,Funky Fluid,Poland,Local Pub
1599372757,2026-09-05,3.5,"","",Vilkmergės Premium Lager,Lager - Helles,5.0,Vilkmerges Alus,Lithuania,Leo's
1599372957,2026-09-05,3.8,"","",TDH Nectaron x Superdelic x Mosaic DIPA,IPA - Imperial / Double New England / Hazy,8.0,Ārpus Brewing Co.,Latvia,Def Enjoy
1599374409,2026-09-05,3.8,Назвы Арпуса традыцыйна звышарыгінальныя. І з півам тая ж бяда.,"",TDH Nectaron x Superdelic x Mosaic DIPA,IPA - Imperial / Double New England / Hazy,8.0,Ārpus Brewing Co.,Latvia,Def Enjoy
1599375239,2026-09-05,2.3,"","",Baltas,Wheat Beer - Hefeweizen,5.2,Vilkmerges Alus,Lithuania,
1599381655,2026-09-05,3.3,"",Lell'ier Piffkaul,Vilkmergės Premium Lager,Lager - Helles,5.0,Vilkmerges Alus,Lithuania,Bistro 18
1599383332,2026-09-05,2.8,"","",Rinktinis,Lager - Pale,5.2,Volfas Engelman,Lithuania,Garden
1599385175,2026-09-05,3.5,"","",Švyturio,Lager - Pale,5.0,Švyturys,Lithuania,
1599385255,2026-09-05,4.0,"",Vilnius,Green Monster IPA,IPA - American,6.0,Green Monster Brewery,Lithuania,Nisha Craft Capital
1599389908,2026-09-05,3.8,"","","ABSTRACT #12",IPA - New England / Hazy,6.5,Hopalaa,Latvia,Def Enjoy
1599390649,2026-09-05,3.0,"","",Yuzu,Lager - Japanese Rice,4.0,Pühaste ,Estonia,
1599390892,2026-09-05,4.0,"","",Catnip,IPA - New England / Hazy,7.5,Noctem Artisans Brasseurs,Canada,Nisha Craft Capital
1599391099,2026-09-05,3.8,Вечар латвійскага піва.,"","ABSTRACT #12",IPA - New England / Hazy,6.5,Hopalaa,Latvia,Def Enjoy
1599391341,2026-09-05,3.0,"","",Complot IPA,IPA - Other,6.6,Damm,Spain,Blusynė
1599393345,2026-09-05,3.8,"","","ABSTRACT #12",IPA - New England / Hazy,6.5,Hopalaa,Latvia,Def Enjoy
1599395310,2026-09-05,3.5,"","",МАГИСТРАЛЬ,IPA - American,7.0,Big Village Brewery,Russia,
1599398420,2026-09-05,3.0,"","",Bitburger Premium Pils,Pilsner - German,4.8,Bitburger Brauerei,Germany,
1599399317,2026-09-05,4.0,"","",FLUFF: Orange Creamsicle,Sour - Smoothie / Pastry,5.0,Tuletorn Brewing,Estonia,Def Enjoy
1599399615,2026-09-05,4.5,"","",FLUFF: Orange Creamsicle,Sour - Smoothie / Pastry,5.0,Tuletorn Brewing,Estonia,Def Enjoy
1599400302,2026-09-05,4.3,🍊,"",FLUFF: Orange Creamsicle,Sour - Smoothie / Pastry,5.0,Tuletorn Brewing,Estonia,Def Enjoy
1599401276,2026-09-05,4.3,"""Разноцветная витаминка"".","",FLUFF: Orange Creamsicle,Sour - Smoothie / Pastry,5.0,Tuletorn Brewing,Estonia,Def Enjoy
1599401451,2026-09-05,4.3,"",Lithuania,FLUFF: Orange Creamsicle,Sour - Smoothie / Pastry,5.0,Tuletorn Brewing,Estonia,Def Enjoy
1599401901,2026-09-05,4.0,"",Vilnius,Free Pear,Non-Alcoholic - Sour,0.5,Funky Fluid,Poland,Local Pub
1599402015,2026-09-05,4.3,"",Lithuania,Swing,IPA - New England / Hazy,6.5,SOMA Beer,Spain,Def Enjoy
1599403536,2026-09-05,3.8,"",Vilnius,"Midus ""Bičiulių"" (Strawberry & Elderflower Session Mead)",Mead - Session / Short,7.2,Šušvės Midus,Lithuania,Local Pub
1599404032,2026-09-05,3.5,"",Vilnius,Kuršių,Mead - Session / Short,6.1,Šušvės Midus,Lithuania,Local Pub
1599404987,2026-09-05,3.5,"",Vilnius,"Midus ""Medkopio"" (Apple Bochet Session Mead)",Mead - Bochet,6.8,Šušvės Midus,Lithuania,Local Pub
1599405793,2026-09-05,3.0,"",Vilnius,Bitė Darže,Mead - Session / Short,9.4,Šušvės Midus,Lithuania,Local Pub
1599406219,2026-09-05,2.3,"","",Rosé,Wheat Beer - Witbier / Blanche,5.0,Volfas Engelman,Lithuania,
1599406991,2026-09-05,2.5,"",Vilnius,BezalkØ/Unplugged Oatmeal Stout,Non-Alcoholic - Porter / Stout,0.5,Trzech Kumpli,Poland,Local Pub
1599407273,2026-09-05,2.5,"","",Sweet Joy: Hruškový Frgál,Sour - Smoothie / Pastry,3.3,Upside Down,Czech Republic,Nisha Craft Capital
1599410141,2026-09-05,4.3,"","",Swing,IPA - New England / Hazy,6.5,SOMA Beer,Spain,Def Enjoy
1599410761,2026-09-05,3.0,"ok norfa, didnt expect so many different beers",Vilnius,Palm Spéciale,Pale Ale - Belgian,5.2,Brouwerij Palm,Belgium,Kavuko ir Aliuko būstė
1599411248,2026-09-05,4.5,"","",Swing,IPA - New England / Hazy,6.5,SOMA Beer,Spain,Def Enjoy
1599411899,2026-09-05,3.8,"",Vilnius,SABROTAGE / Session NEIPA - Citra & Sabro & Mosaic & Amarillo,IPA - New England / Hazy,5.1,Pivovar Vik,Czech Republic,Def Enjoy
1599418028,2026-09-05,3.8,"","",TDH Single Hop Series HBC 1183 IPA,IPA - New England / Hazy,6.5,Ārpus Brewing Co.,Latvia,Def Enjoy
1599418313,2026-09-05,3.0,"","",Vasks,Cream Ale,4.2,Augšdaugavas Darītava,Latvia,Def Enjoy
1599418457,2026-09-05,3.5,"","",TDH Nectaron x Superdelic x Mosaic DIPA,IPA - Imperial / Double New England / Hazy,8.0,Ārpus Brewing Co.,Latvia,Def Enjoy
1599418580,2026-09-05,2.8,"","",Vasks,Cream Ale,4.2,Augšdaugavas Darītava,Latvia,Def Enjoy
1599418818,2026-09-05,3.0,"Рэдкі стыль, ноўнэйм бровар","",Vasks,Cream Ale,4.2,Augšdaugavas Darītava,Latvia,Def Enjoy
1599418845,2026-09-05,3.8,"","","ABSTRACT #12",IPA - New England / Hazy,6.5,Hopalaa,Latvia,Def Enjoy
1599419092,2026-09-05,3.0,"","",Vasks,Cream Ale,4.2,Augšdaugavas Darītava,Latvia,Def Enjoy
1599419168,2026-09-05,4.0,"","",FLUFF: Orange Creamsicle,Sour - Smoothie / Pastry,5.0,Tuletorn Brewing,Estonia,Def Enjoy
1599419386,2026-09-05,4.0,"","",Gelato: Green,Sour - Smoothie / Pastry,5.5,Funky Fluid,Poland,Local Pub
1599419475,2026-09-05,3.5,"",Lithuania,Vasks,Cream Ale,4.2,Augšdaugavas Darītava,Latvia,Def Enjoy
1599419560,2026-09-05,4.3,"",Minsk,Swing,IPA - New England / Hazy,6.5,SOMA Beer,Spain,Def Enjoy
1599419612,2026-09-05,2.8,"","",Vasks,Cream Ale,4.2,Augšdaugavas Darītava,Latvia,Def Enjoy
1599421644,2026-09-05,3.8,"","",Hazy Delivery,IPA - New England / Hazy,6.0,PINTA,Poland,
1599423701,2026-09-05,2.0,"Не ўяўляю, як такога 1,5 літра выпіць","",Диканські Вечори,Lager - Dark,5.5,Полтавпиво (Poltavpyvo),Ukraine,Def Enjoy
1599424447,2026-09-05,3.8,"",Casa di Alex,Citra IPA,IPA - American,5.4,Bear & Boar,Lithuania,Alaus Biblioteka
1599424804,2026-09-05,2.0,"",Lithuania,Диканські Вечори,Lager - Dark,5.5,Полтавпиво (Poltavpyvo),Ukraine,Def Enjoy
1599424828,2026-09-05,3.8,"",Vilnius,Penki Mazgai,IPA - New England / Hazy,5.0,Brick by Brick (Raudonų Plytų Alaus Dirbtuvės),Lithuania,Liv_in City
1599425629,2026-09-05,3.8,"",Dalston,DDH Enigma X Citra Pale Ale,Pale Ale - New England / Hazy,5.5,Ārpus Brewing Co.,Latvia,laiptine
1599426385,2026-09-05,4.0,"","",The Doorway Effect,IPA - Imperial / Double New England / Hazy,8.0,Verdant Brewing Co,England,Nisha Craft Capital
1599427965,2026-09-05,2.8,"","","Midus ""Medkopio"" (Apple Bochet Session Mead)",Mead - Bochet,6.8,Šušvės Midus,Lithuania,Local Pub
1599428343,2026-09-05,4.8,"",Vilnius,Gelato XTREME: IT FLOATS!,Sour - Smoothie / Pastry,8.0,Funky Fluid,Poland,
1599429712,2026-09-05,3.3,"",Vilnius,Free Gelato: Berries & Cream,Non-Alcoholic - Sour,0.5,Funky Fluid,Poland,Local Pub
1599431507,2026-09-05,0.0,"",Vilnius,"Beauty Extreme - Carrot, Pineapple, Calamansi & Ginger",Sour - Smoothie / Pastry,4.6,Magic Road,Poland,Local Pub
1599434148,2026-09-05,2.0,"","",Dark Pyramid,IPA - Triple New England / Hazy,10.0,Finback Brewery,United States,Def Enjoy
1599439121,2026-09-05,4.0,"","","IN THE WOOD #4 Crème Noire - Barrel Aged Russian Imperial Stout with Coconut & Vanilla",Stout - Russian Imperial,8.0,Pivovar Vik,Czech Republic,Def Enjoy
1599441137,2026-09-05,4.3,"","",Hop Massacre,IPA - Triple New England / Hazy,9.2,Seven Island Brewery,Greece,Nisha Craft Capital
1599441624,2026-09-05,4.0,"","",Lime Combo,Wheat Beer - Fruited,5.0,Les Intenables - Craft Beer,France,Def Enjoy
1599442861,2026-09-05,3.8,"",Vilnius,Chills DDH,IPA - New England / Hazy,6.8,Outer Range Brewing Co.,United States,Def Enjoy
1599444066,2026-09-05,4.3,"","",Chills DDH,IPA - New England / Hazy,6.8,Outer Range Brewing Co.,United States,Def Enjoy
1599444147,2026-09-05,4.3,"","",Chills DDH,IPA - New England / Hazy,6.8,Outer Range Brewing Co.,United States,Def Enjoy
1599445136,2026-09-05,3.5,"","",DDH Nelson Sauvin Session IPA,IPA - Session New England / Hazy,4.5,Ārpus Brewing Co.,Latvia,Nisha Craft Capital
1599445331,2026-09-05,3.8,"",Dalston,New Zealand Hop Harvest IPA 2026,IPA - Session New England / Hazy,5.5,Sakiškės Brewery / Sakiškių Alus,Lithuania,ELEKTRIT
1599449468,2026-09-05,4.5,It's something.... I love it.,"",7 Year Anniversary Bloody Mary Smoothie Sour Ale,Sour - Smoothie / Pastry,6.0,Ārpus Brewing Co.,Latvia,Nisha Craft Capital
1599449536,2026-09-05,3.0,amy special lmao,"",Madonas Alus Nefiltrēts,Kellerbier / Zwickelbier,5.6,Madonas Alus SIA,Latvia,Amy Winehouse
1599452173,2026-09-05,3.0,"","",Eichbaum Helles Lager Hell,Lager - Helles,5.0,Privatbrauerei Eichbaum,Germany,
1599453244,2026-09-05,4.3,"","",Monster Toybox,IPA - Other,7.4,Strange Toys,Ukraine,Nisha Craft Capital
1599453888,2026-09-05,3.8,"",Minsk,Dank Orbit,IPA - American,7.0,Outer Range Brewing Co.,United States,Def Enjoy
1599455470,2026-09-05,3.8,"","",Tasmanijos Vilko IPA,IPA - Other,5.7,UAB Joalda,Lithuania,Baltas Tiltas Food Hall
1599456021,2026-09-05,3.5,"","",Simkala APA,Pale Ale - American,5.0,Širvėnos bravoras DUNDULIS,Lithuania,Poliklinika Bar
1599459150,2026-09-05,3.8,"",Vilnius,Penki Mazgai,IPA - New England / Hazy,5.0,Brick by Brick (Raudonų Plytų Alaus Dirbtuvės),Lithuania,Liv_in City
1599459392,2026-09-05,2.8,"","",Tīralis,Red Ale - Other,5.6,Augšdaugavas Darītava,Latvia,Def Enjoy
1599459964,2026-09-05,3.5,"","",Yabai Tanuki Cold IPA ,IPA - Cold,6.9,New Hokkaido,United States,Nisha Craft Capital
1599460555,2026-09-05,3.5,"",Brunssum,IPUTĖ (Little IPA),IPA - American,5.1,Craft & Draft Brewpub & Whiskey,Lithuania,Craft & Draft
1599460766,2026-09-05,4.0,Дзікі сідр. Годны чэкін нумар 4500!,"",Seabucky,Cider - Other,0.0,DUST Blending,Belgium,Def Enjoy
1599461221,2026-09-05,4.3,"","",Argus Strong,Lager - Strong,7.2,Lidl Deutschland / Germany,Germany,Vilnius City Center
1599461308,2026-09-05,4.0,"",Lithuania,Seabucky,Cider - Other,0.0,DUST Blending,Belgium,Def Enjoy
1599461379,2026-09-05,3.0,Аднекуль кава намалявалася,"",Tīralis,Red Ale - Other,5.6,Augšdaugavas Darītava,Latvia,Def Enjoy
1599461711,2026-09-05,3.8,"",Lithuania,Tīralis,Red Ale - Other,5.6,Augšdaugavas Darītava,Latvia,Def Enjoy
1599461930,2026-09-05,3.5,"",Vilnius,Avietė Melagė,Fruit Beer,4.2,Dundulis,Lithuania,
1599462375,2026-09-05,4.3,"",Lithuania,Chills DDH,IPA - New England / Hazy,6.8,Outer Range Brewing Co.,United States,Def Enjoy
1599464076,2026-09-05,4.0,"","",Seabucky,Cider - Other,0.0,DUST Blending,Belgium,Def Enjoy
1599465163,2026-09-05,3.8,"","",Seno Sodo,Cider - Herbed / Spiced,7.2,Sodo sidrinė,Lithuania,
1599465572,2026-09-05,3.5,"","",Citra IPA,IPA - American,5.4,Bear & Boar,Lithuania,Alaus Biblioteka
1599468006,2026-09-05,4.0,"","",Rubber Duck,IPA - New England / Hazy,6.8,Sofia Electric Brewing ,Bulgaria,Alaus Biblioteka
1599469415,2026-09-05,4.0,"",Casa di Alex,Rubber Duck,IPA - New England / Hazy,6.8,Sofia Electric Brewing ,Bulgaria,Alaus Biblioteka
1599471055,2026-09-05,3.5,"","",Pigem Eil,Sour - Flanders Red Ale,7.0,Hiiumaa Pruulikoda,Estonia,Alaus Biblioteka
1599471769,2026-09-05,3.8,"","",Seville Sunrise,Sour - Fruited Berliner Weisse,3.8,Eternal Night Brewing,Estonia,Alaus Biblioteka
1599472169,2026-09-05,3.3,nu geriama bet jei galečiau gerčiau alkoholini,Kaunas,Brooklyn Special Effects Hoppy Lager,Non-Alcoholic - Lager,0.4,Brooklyn Brewery,United States,Baras Kernagis
1599472777,2026-09-05,4.0,Lekker!,Netherlands,Tasmanijos Vilko IPA,IPA - Other,5.7,UAB Joalda,Lithuania,Fork The System Bbq
1599472810,2026-09-05,4.3,"","",Belle of the Ball,Sour - Smoothie / Pastry,6.0,Hop Hooligans,Romania,
1599472977,2026-09-05,4.0,"","",Nord Mead Cherry,Mead - Session / Short,6.5,De Noordelijke Mederij,Netherlands,Obuolys Ir Bite
1599475023,2026-09-05,3.0,"","",Rānga,Stout - Other,3.8,Augšdaugavas Darītava,Latvia,Def Enjoy
1599475313,2026-09-05,3.8,"","",Eyes of the Gods,IPA - Sour,6.4,Totenhopfen Brauhaus,Luxembourg,Nisha Craft Capital
1599475632,2026-09-05,3.0,"","",Walter Oriģinālais/Original,Lager - Pale,4.2,RIMI Latvia,Latvia,RIMI Užupis
1599476731,2026-09-05,4.0,"",LTU,It's Coming Home (Final Eight - England),IPA - New England / Hazy,6.2,Funky Fluid,Poland,Local Pub
1599477878,2026-09-05,3.5,"","",Makin Memories,Pilsner - Other,5.0,Alsteka,Lithuania,Begemoto Sapnas
1599478093,2026-09-05,0.0,"","",Kriek,Lambic - Kriek,3.5,Brouwerij Lindemans,Belgium,
1599478353,2026-09-05,0.0,"","",Westmalle Trappist Dubbel,Belgian Dubbel,7.0,Brouwerij der Trappisten van Westmalle,Belgium,
1599478985,2026-09-05,3.0,"","",Rānga,Stout - Other,3.8,Augšdaugavas Darītava,Latvia,Def Enjoy
1599478988,2026-09-05,4.0,"","","Barrel Series #10: Wild Pretty Pineapple & Pistachio Rioja Wine Barrel Aged",Wild Ale - Other,5.2,Magic Road,Poland,Nisha Craft Capital
1599479092,2026-09-05,3.0,"","",Pilsner Urquell,Pilsner - Czech / Bohemian,4.4,Plzeňský Prazdroj,Czech Republic,ELEKTRIT
1599479637,2026-09-05,3.3,"","",Grynas,Lager - Pale,5.0,Širvėnos bravoras DUNDULIS,Lithuania,ELEKTRIT
1599479769,2026-09-05,0.0,"","",33,Historical Beer - Keptinis,6.9,Dundulis,Lithuania,Jewish Ghetto Memorial
1599479827,2026-09-05,3.3,"Лёгкі стаўт, не самы паганы","",Rānga,Stout - Other,3.8,Augšdaugavas Darītava,Latvia,Def Enjoy
1599480648,2026-09-05,3.5,"","",New Zealand Hop Harvest IPA 2025,IPA - New England / Hazy,5.5,Sakiškės Brewery / Sakiškių Alus,Lithuania,ELEKTRIT
1599481019,2026-09-05,3.3,nu geriama bet jei galečiau gerčiau alkoholini,Kaunas,Brooklyn Special Effects Hoppy Lager,Non-Alcoholic - Lager,0.4,Brooklyn Brewery,United States,Baras Kernagis
1599481375,2026-09-05,3.8,"",Lithuania,Rānga,Stout - Other,3.8,Augšdaugavas Darītava,Latvia,Def Enjoy
1599482276,2026-09-05,4.0,"","",Life Eternal,IPA - Triple New England / Hazy,10.0,Hop Hooligans,Romania,Def Enjoy
1599482341,2026-09-05,4.0,"","",Life Eternal,IPA - Triple New England / Hazy,10.0,Hop Hooligans,Romania,Def Enjoy
1599484866,2026-09-05,0.0,"",Vilnius,Mangolicious,IPA - Fruited,4.7,Tanker Brewery,Estonia,Liv_in City
1599485265,2026-09-05,0.0,"",Vilnius,Pilsner Urquell,Pilsner - Czech / Bohemian,4.4,Plzeňský Prazdroj,Czech Republic,Liv_in City
1599485977,2026-09-05,0.0,"","",Wolfe’s Neck,IPA - American,6.5,Maine Beer Company,United States,Brodvėjus pub'as
1599488675,2026-09-05,3.8,"","",Alyno Craft IPA,IPA - American,5.5,Bear & Boar,Lithuania,
1599494350,2026-09-05,3.5,"","",Brooklyn Special Effects Hoppy Lager,Non-Alcoholic - Lager,0.4,Brooklyn Brewery,United States,
1599494478,2026-09-05,3.3,"","",Senču,Pilsner - Other,4.5,Tērvetes Alus,Latvia,
1599494566,2026-09-05,3.3,"","",36,Barleywine - Other,8.9,Dundulis,Lithuania,Po Bačka
1599494924,2026-09-05,2.0,"","",Rānga,Stout - Other,3.8,Augšdaugavas Darītava,Latvia,Def Enjoy
1599495187,2026-09-05,0.0,"","",Gutstoutas,Stout - Oatmeal,5.0,Širvėnos bravoras DUNDULIS,Lithuania,Po Bačka
1599497917,2026-09-05,0.0,"","",Kasteel Barista,Belgian Quadrupel,11.0,Kasteel Brouwerij Vanhonsebrouck,Belgium,
1599500439,2026-09-05,3.3,"poor dubbel, but ok",Vilnius,Sor Pompeo Dubbel,Belgian Dubbel,8.0,Mastri Birrai Umbri,Italy,Kavuko ir Aliuko būstė
1599503155,2026-09-05,3.5,"",Holsbeek,Kita Pusė,IPA - White / Wheat,5.5,Dundulis,Lithuania,
1599505464,2026-09-05,3.8,"","",Bière Pacifique,Pale Ale - Belgian,4.0,Eternal Night Brewing,Estonia,Alaus Biblioteka
1599506430,2026-09-05,3.5,"","",Bałtycki Dziad: Stout,Stout - Irish Dry,4.8,AleBrowar,Poland,Nisha Craft Capital
1599508168,2026-09-05,4.3,"","",Indigo,IPA - Triple New England / Hazy,10.0,SOMA Beer,Spain,Def Enjoy
1599508597,2026-09-05,4.8,"","",Indigo,IPA - Triple New England / Hazy,10.0,SOMA Beer,Spain,Def Enjoy
1599509117,2026-09-05,4.0,"","",First Bloom,IPA - New England / Hazy,6.4,Outer Range Brewing Co.,United States,Def Enjoy
1599509282,2026-09-05,4.5,"",Minsk,Indigo,IPA - Triple New England / Hazy,10.0,SOMA Beer,Spain,Def Enjoy
1599509605,2026-09-05,4.0,"","",First Bloom,IPA - New England / Hazy,6.4,Outer Range Brewing Co.,United States,Def Enjoy
1599509746,2026-09-05,4.0,"","",Dank Orbit,IPA - American,7.0,Outer Range Brewing Co.,United States,Def Enjoy
1599510203,2026-09-05,3.3,"","",Senojo Vilniaus Tamsusis,Lager - Dark,5.6,Vilniaus Alus,Lithuania,
1599511270,2026-09-06,4.0,"","",Aušrinis,Pilsner - Other,4.9,Dundulis,Lithuania,Taraso Ševčenkos st.
1599512592,2026-09-06,3.8,"","",Dank Orbit,IPA - American,7.0,Outer Range Brewing Co.,United States,Def Enjoy
1599514392,2026-09-06,3.5,"","",X Years of Nisha,IPA - New England / Hazy,6.5,Browar Rockmill,Poland,Nisha Craft Capital
1599514861,2026-09-06,0.3,"","",Betsubara,Stout - Imperial / Double Pastry,10.5,Tuletorn Brewing,Estonia,CUPE fuliokas Can Cane
1599515318,2026-09-06,2.5,"","",Walter Oriģinālais/Original,Lager - Pale,4.2,RIMI Latvia,Latvia,Jaunųjų Konservatorių Lygos susirinkimų kambarys
1599516284,2026-09-06,0.0,"",Vilnius,Pilsner Urquell,Pilsner - Czech / Bohemian,4.4,Plzeňský Prazdroj,Czech Republic,Liv_in City
1599517765,2026-09-06,4.3,"","",Lucky Tonka With Vanilla & Coffee Imperial Stout,Stout - Imperial / Double Pastry,12.0,Moersleutel Craft Brewery,Netherlands,Nisha Craft Capital
1599518175,2026-09-06,4.3,"","",Lucky Tonka With Vanilla & Coffee Imperial Stout,Stout - Imperial / Double Pastry,12.0,Moersleutel Craft Brewery,Netherlands,Nisha Craft Capital
1599519776,2026-09-06,4.0,"","",Gutstoutas,Stout - Oatmeal,5.0,Širvėnos bravoras DUNDULIS,Lithuania,Taraso Ševčenkos st.
1599520802,2026-09-06,3.3,"","",Kvietinis,Wheat Beer - Hefeweizen,5.0,Vilniaus Alus,Lithuania,ELEKTRIT
1599521647,2026-09-06,4.5,"",Minsk,Indigo,IPA - Triple New England / Hazy,10.0,SOMA Beer,Spain,Def Enjoy
1599524108,2026-09-06,4.0,"","",X Years of Nisha,IPA - New England / Hazy,6.5,Browar Rockmill,Poland,Nisha Craft Capital
1599524267,2026-09-06,3.3,"",Holsbeek,Kanapinis Šviesusis / Kanapinis Light,Kellerbier / Zwickelbier,5.1,Aukštaitijos Bravorai,Lithuania,
1599526168,2026-09-06,3.5,"",Kaunas,Spanish Cider with Red Grape,Cider - Other Fruit,4.0,El Gaitero,Spain,
1599527062,2026-09-06,3.8,Леманграс. Дапіў кег,"",Lime Combo,Wheat Beer - Fruited,5.0,Les Intenables - Craft Beer,France,Def Enjoy
1599527716,2026-09-06,3.8,"Базавы вэст кэст, які павінен быць у лінейцы кожнага бровара","",Dank Orbit,IPA - American,7.0,Outer Range Brewing Co.,United States,Def Enjoy
1599528736,2026-09-06,4.0,"Зноў класная неіпка пры ўмове, што зусім нічога ад яе не чакаеш 🇫🇷","",Chills DDH,IPA - New England / Hazy,6.8,Outer Range Brewing Co.,United States,Def Enjoy
1599529286,2026-09-06,4.3,"Мая пашана. Больш уласна і не ведаю, што тут сказаць. 🇪🇸","",Swing,IPA - New England / Hazy,6.5,SOMA Beer,Spain,Def Enjoy
1599529853,2026-09-06,4.0,"","",Californication / Kalifornikacija,Pale Ale - American,4.5,Genys Brewing Co.,Lithuania,
1599531993,2026-09-06,3.3,"",Casa di Alex,IPA,IPA - Other,5.0,Rinkuškiai,Lithuania,Vilnius Apartment
1599536390,2026-09-06,2.5,"","",Tērvete Oriģinālais,Lager - Helles,5.4,Tērvetes Alus,Latvia,
1599536836,2026-09-06,4.3,"","",Cheek Squeeze!,Sour - Fruited,5.0,Browar Monsters,Poland,neissipildziusiu svajoniu squeras
1599537395,2026-09-06,2.0,"","",Betsubara,Stout - Imperial / Double Pastry,10.5,Tuletorn Brewing,Estonia,Vanilės namai
1599541526,2026-09-06,4.5,"","",Blanc,Wheat Beer - Witbier / Blanche,5.0,Volfas Engelman,Lithuania,
1599542104,2026-09-06,2.3,"","",Humulupu IPA,IPA - Session,5.0,Dundulis,Lithuania,
1599542813,2026-09-06,2.5,"","",Grynas,Lager - Pale,5.0,Širvėnos bravoras DUNDULIS,Lithuania,
1599543822,2026-09-06,0.0,"",Vilnius,Pilsner Urquell,Pilsner - Czech / Bohemian,4.4,Plzeňský Prazdroj,Czech Republic,Liv_in City
1599549720,2026-09-06,4.5,"","",Kovarnių,Stout - Smoked,6.2,Dundulis,Lithuania,Etmonų Špunka
1599551560,2026-09-06,3.0,"","",IPA,IPA - Other,5.0,Rinkuškiai,Lithuania,BIX Baras
1599552724,2026-09-06,4.0,"","","IN THE WOOD #4 Crème Noire - Barrel Aged Russian Imperial Stout with Coconut & Vanilla",Stout - Russian Imperial,8.0,Pivovar Vik,Czech Republic,Def Enjoy
1599552999,2026-09-06,4.0,"","",BIX Beveik Nirvana,Pilsner - Other,5.0,Genys Brewing Co.,Lithuania,
1599572275,2026-09-06,3.8,"","",Nordic Floral Cider,Cider - Herbed / Spiced,5.0,SIA Abavas Dārzi,Latvia,
1599574021,2026-09-06,3.5,"",Vilnius,Spezial / Spezialbier,Lager - Dortmunder / Export,5.5,Pustertaler Freiheit,Italy,Naujamiestis
1599574042,2026-09-06,3.5,"",Kaunas,Stowford Press Medium Dry Cider,Cider - Dry,4.5,Westons Cider,England,
1599574667,2026-09-06,3.3,"",Vilnius,Birra Al Miele Di Castagno,Honey Beer,5.0,Apicoltura Varacca,Italy,Naujamiestis
1599583831,2026-09-06,4.0,"","",Steenbrugge Dubbel Bruin,Belgian Dubbel,6.5,Brouwerij Palm,Belgium,Piano Man Bar
1599615454,2026-09-06,3.5,"",Tau,Ekstra,Lager - Dortmunder / Export,5.2,Švyturys,Lithuania,Riccardo Caffe Pizza
1599632441,2026-09-06,4.3,公演打上げのリトアニア料理バーにて。これはとても華やかでちゃんとヘイジーな雰囲気出てて美味しかった。,Tokyo,NEIPA,IPA - New England / Hazy,5.0,Volfas Engelman,Lithuania,Amatininkų užeiga
1599633311,2026-09-06,3.0,"",Vilnius,Bear Beer IPA,IPA - American,5.6,Harboes Bryggeri,Denmark,Aquarius Brewery
1599633620,2026-09-06,3.5,"",Vilnius,Hyper Grodzisz,Historical Beer - Grodziskie / Grätzer,3.2,Nepo Brewing,Poland,Aquarius Brewery
1599638584,2026-09-06,2.8,"","",IPA,IPA - Other,5.5,Kauno Alus,Lithuania,Bajorų kalvų fontanas
1599638611,2026-09-06,3.3,"","",Senojo Pasvalio Porteris,Porter - Baltic,7.0,Alsteka,Lithuania,Bajorų kalvų fontanas
1599639140,2026-09-06,3.0,"",Vilnius,TWELVE Triple Jungle Coco IPA,IPA - Triple New England / Hazy,8.0,Волинський бровар,Ukraine,Aquarius Brewery
1599641263,2026-09-06,3.3,"","",Varniukų Tamsus,Dark Ale,5.2,Davra Alaus Darykla,Lithuania,Oldskūl
1599646575,2026-09-06,3.5,"","",Sixth Month / Šeštas Mėnuo,Pale Ale - Milkshake,3.5,Genys Brewing Co.,Lithuania,
1599647205,2026-09-06,2.8,"",Vilnius,Tērvetes,Lager - Pale,5.3,Tērvetes Alus,Latvia,
1599647289,2026-09-06,3.5,"","",Original,Scottish Export Ale,6.6,Innis & Gunn,Scotland,
1599647427,2026-09-06,4.0,"","",Irish Whiskey Cask,Stout - Oatmeal,6.1,Innis & Gunn,Scotland,
1599647481,2026-09-06,3.5,"","",Cyrulis,Pilsner - Other,4.9,Širvėnos bravoras DUNDULIS,Lithuania,
1599647503,2026-09-06,3.8,"","",Caribbean Rum Cask,Scottish Export Ale,6.8,Innis & Gunn,Scotland,
1599647543,2026-09-06,4.3,"","","Midus ""Pilėnų"" (Blackcurrant Mead)",Mead - Melomel,14.0,Šušvės Midus,Lithuania,
1599647613,2026-09-06,4.0,"","","Midus ""Avietė"" (Raspberry Mead)",Mead - Melomel,13.0,Šušvės Midus,Lithuania,
1599648328,2026-09-06,3.5,Airport beer 🤤😍,"",Bėganti Kopa (Running Dune),Wheat Beer - Witbier / Blanche,4.5,Brick by Brick (Raudonų Plytų Alaus Dirbtuvės),Lithuania,Vilniaus oro uostas | Vilnius International Airport (VNO) (Tarptautinis Vilniaus oro uostas)
1599648412,2026-09-06,3.5,"A bit more west coast than new England, quite bitter. Good aroma and some complexity.","",Penki Mazgai,IPA - New England / Hazy,5.0,Brick by Brick (Raudonų Plytų Alaus Dirbtuvės),Lithuania,Vilniaus oro uostas | Vilnius International Airport (VNO) (Tarptautinis Vilniaus oro uostas)
1599648755,2026-09-06,3.8,Pušų skonio,Vilnius,Forest,IPA - American,6.0,Nepo Brewing,Poland,Gourmet Panorama
1599648760,2026-09-06,4.3,Ananasinis 🍍,"",Mini Maxi Tropicale,Non-Alcoholic - Sour,0.5,PINTA,Poland,
1599649517,2026-09-06,2.5,"",Vilnius,Senču,Pilsner - Other,4.5,Tērvetes Alus,Latvia,
1599650743,2026-09-06,3.8,"","Vilnius, Lithuania",Brooklyn Special Effects Hoppy Lager,Non-Alcoholic - Lager,0.4,Brooklyn Brewery,United States,Gan bei city
1599651063,2026-09-06,4.5,Surf beer,"",Citywave,Lager - Other,5.0,Brick by Brick (Raudonų Plytų Alaus Dirbtuvės),Lithuania,Citywave Vilnius
1599651377,2026-09-06,4.0,"","",Kirai Vagia Tik Geltoną,IPA - Fruited,6.0,Brick by Brick (Raudonų Plytų Alaus Dirbtuvės),Lithuania,Citywave Vilnius
1599653045,2026-09-06,3.3,"","",Ekstra,Lager - Dortmunder / Export,5.2,Švyturys,Lithuania,Vilnius
1599653194,2026-09-06,3.3,"",Vilnius,Volynski Browar Collection: Yo!,Belgian Strong Golden Ale,7.5,Волинський бровар,Ukraine,Aquarius Brewery
1599655582,2026-09-06,4.0,Vilnius Days!,"",Imperial Porteris,Porter - Baltic,6.0,Volfas Engelman,Lithuania,
1599656170,2026-09-06,3.5,"",Vilnius,Sprite,Non-Alcoholic - Soda - Mass Market,0.0,The Coca-Cola Company,United States,Ali Barber shop
1599656450,2026-09-06,3.5,"","",Corona Extra,Lager - Mexican,4.5,Grupo Modelo,Mexico,Baozi
1599656930,2026-09-06,5.0,"","",Jovarų Šnekutis,Farmhouse Ale - Other,6.0,A. Udrienes I.Į. Jovarų Alus,Lithuania,
1599657110,2026-09-06,3.8,"",Bulgaria,Humulupu IPA,IPA - Session,5.0,Dundulis,Lithuania,Šnekutis
1599657532,2026-09-06,2.8,"","",Švyturio,Lager - Pale,5.0,Švyturys,Lithuania,Bernelių Užeiga
1599658702,2026-09-06,4.0,"",Bia?ystok,Bocmano Ūsai (Bosun’s Moustache),IPA - American,6.0,Brick by Brick (Raudonų Plytų Alaus Dirbtuvės),Lithuania,Lukiškių kalėjimas 2.0
1599658818,2026-09-06,3.8,"",Stockholm,Penki Mazgai,IPA - New England / Hazy,5.0,Brick by Brick (Raudonų Plytų Alaus Dirbtuvės),Lithuania,Vilniaus oro uostas | Vilnius International Airport (VNO) (Tarptautinis Vilniaus oro uostas)
1599659316,2026-09-06,2.5,"","",IPA,IPA - Other,6.0,Volfas Engelman,Lithuania,
1599660675,2026-09-06,2.8,"",Lell'ier Piffkaul,Bocmano Ūsai (Bosun’s Moustache),IPA - American,6.0,Brick by Brick (Raudonų Plytų Alaus Dirbtuvės),Lithuania,Gastrobaras - kavinė NACIONALINĖ
1599661655,2026-09-06,4.0,"","",Ekstra,Lager - Dortmunder / Export,5.2,Švyturys,Lithuania,Užupio kavinė
1599661891,2026-09-06,3.5,"",Praha,Pilstomas,Lager - Pale,0.0,Vilkmerges Alus,Lithuania,Mason Gastropub
1599662947,2026-09-06,0.0,"","",1664 Blanc,Wheat Beer - Witbier / Blanche,5.0,Brasseries Kronenbourg,France,Brodvėjus pub'as
1599663085,2026-09-06,3.0,Гуляць нельга хоць пагляджу,"",Penki Mazgai,IPA - New England / Hazy,5.0,Brick by Brick (Raudonų Plytų Alaus Dirbtuvės),Lithuania,Lukiškių kalėjimas 2.0
1599665183,2026-09-06,2.0,Ne tą įpylė...,"",Ekstra,Lager - Dortmunder / Export,5.2,Švyturys,Lithuania,Lukiškių kalėjimas 2.0
1599668084,2026-09-06,4.0,"","",Jovarų alus su medumi,Honey Beer,5.6,A. Udrienes I.Į. Jovarų Alus,Lithuania,Senoji Trobelė
1599668876,2026-09-06,4.0,Vilnius Days Festival,"",Bohemijos Tamsusis,Lager - Tmavé (Czech Dark),4.2,Volfas Engelman,Lithuania,
1599668981,2026-09-06,2.8,"",Minsk,DAB Original,Lager - Dortmunder / Export,5.0,Dortmunder Actien-Brauerei,Germany,
1599669349,2026-09-06,3.0,"","",Hanin Gali,IPA - New England / Hazy,5.5,OY Brewing,Faroe Islands,
1599669499,2026-09-06,4.0,"","",BERRY GALAXY,Sour - Smoothie / Pastry,5.0,Blech.Brut,Germany,Justės ir Bruknės urvelis
1599669796,2026-09-06,3.5,"",Vilnius,Nuogas Ruonis (Naked Seal),Bière de Champagne / Bière Brut,5.8,Brick by Brick (Raudonų Plytų Alaus Dirbtuvės),Lithuania,Lukiškių kalėjimas 2.0
1599670938,2026-09-06,2.8,"",Ottawa,Ichiban (Ichiban Shibori) (一番搾り),Lager - Pale,5.0,Kirin Brewery Company,Japan,Istorijų Namai
1599671411,2026-09-06,3.8,very banana hefe! not unlike a primator. unusually light in body for a wheaty,"",Debesainis,Wheat Beer - Hefeweizen,4.5,Širvėnos bravoras DUNDULIS,Lithuania,Špunka
1599671865,2026-09-06,3.5,"","",Varniukų Tamsus,Dark Ale,5.2,Davra Alaus Darykla,Lithuania,Senoji Trobelė
1599672052,2026-09-06,2.8,"","",Bistrampolio Dvaro Šviesusis / Bistrampolio Dvaro Light / Muižas Gaišais Alus,Lager - Pale,5.0,Aukštaitijos Bravorai,Lithuania,One for All
1599672473,2026-09-06,3.0,crazy tart but good! closest number to a duchesse i've had,"",Vyšniokas,Wild Ale - Other,6.0,Dundulis,Lithuania,Špunka
1599672498,2026-09-06,2.5,"","",Vilkmergės Premium Lager,Lager - Helles,5.0,Vilkmerges Alus,Lithuania,Bernelių Užeiga
1599672547,2026-09-06,3.0,"","",Nealkoholinis,Non-Alcoholic - Lager,0.0,Volfas Engelman,Lithuania,
1599672581,2026-09-06,4.5,love her my bacon queen,"",Aecht Schlenkerla Rauchbier – Märzen,Rauchbier,5.1,"Schlenkerla (""Heller-Bräu"" Trum)",Germany,
1599673044,2026-09-06,3.3,look so far as pilsner go this is it. not my fav in the world! clean af in cz,"",Pilsner Urquell,Pilsner - Czech / Bohemian,4.4,Plzeňský Prazdroj,Czech Republic,
1599673227,2026-09-06,3.5,I like her more than PU🤫,"",Bohemian Lager (Světlý ležák 12),Pilsner - Czech / Bohemian,4.9,Bernard Family Brewery,Czech Republic,
1599673277,2026-09-06,2.5,"","",Bernelių Užeigos Gyvas Alus,Pale Ale - American,5.0,Bernelių Užeiga,Lithuania,Bernelių Užeiga
1599673331,2026-09-06,2.0,sorta like if corona was more mid,"",Kayaki,Lager - Pale,4.7,Global Beer Georgia,Georgia,
1599674394,2026-09-06,2.0,"","",Bernelių Užeigos Gyvas Alus,Pale Ale - American,5.0,Bernelių Užeiga,Lithuania,Bernelių Užeiga
1599674713,2026-09-06,1.5,another very mid georgian beer but u had to live on this ygm,"",Natakhtari Gold / Натахтари / ნატახტარი,Lager - Pale,5.0,Natakhtari Brewery,Georgia,
1599675134,2026-09-06,1.5,fr this was another corona type deal and it was pretty ass but so cheap lots a luv,"",Gyumri Gold,Lager - Helles,4.5,Gyumri Beer,Armenia,
1599675522,2026-09-06,3.8,"slyly I luv this, definitely on the sweeter end a touch caramel but with the body to justify it","",Klostermann polotmavý ležák,Lager - Polotmavé (Czech Amber),5.1,Pivovar Strakonice,Czech Republic,
1599675690,2026-09-06,3.0,fire if served ice cold otherwise it's sorta the same deal as all plzens,"",Kozel Premium Lager / Kozel 11,Pilsner - Czech / Bohemian,4.6,Pivovar Velké Popovice,Czech Republic,
1599675778,2026-09-06,3.0,"","",Klikkhaze,IPA - New England / Hazy,5.0,OY Brewing,Faroe Islands,
1599676029,2026-09-06,3.5,"","",Pilla Av Snar,Pilsner - Other,4.4,OY Brewing,Faroe Islands,
1599676123,2026-09-06,3.0,honestly hit the spot every time. at the brewery,"",Siren,Blonde / Golden Ale - Other,5.2,Crosstown Brewing Company,United States,
1599677224,2026-09-06,3.3,"underrated of the big 4 in cz, FOR ME, but only because they're so similar to one another besides PU","",Gambrinus Patron 12 / Plná 12 / Premium 12,Pilsner - Czech / Bohemian,5.2,Plzeňský Prazdroj,Czech Republic,
1599677341,2026-09-06,3.3,sure why not,"",Radegast Ryze hořká 12,Pilsner - Czech / Bohemian,5.1,Radegast,Czech Republic,
1599677629,2026-09-06,3.5,In a thousand years archaeologists will be stumbling upon odes to guinness,"",Guinness Draught,Stout - Irish Dry,4.2,Guinness,Ireland,
1599677857,2026-09-06,3.0,lighter than the big 4 but still good!,"",Svijanský Máz,Pilsner - Czech / Bohemian,4.8,Svijany,Czech Republic,
1599678049,2026-09-06,3.5,fr love this like 90% because the label and the glass is so good,"",Ježek 11 Jedenáctka,Pilsner - Czech / Bohemian,4.8,Pivovar Jihlava,Czech Republic,
1599678482,2026-09-06,3.0,"","",Gull,Lager - Dortmunder / Export,5.8,Föroya Bjór,Faroe Islands,
1599678769,2026-09-06,4.0,fantastic. have woken up on the street after a night of this @ the blue,"",Special Ale,Bitter - Extra Special / Strong (ESB),6.6,Spingo Ales (The Blue Anchor),England,
1599678991,2026-09-06,4.0,yoooooo i'm a whore for smoke,"",Moko Maukas Akmeninis,Historical Beer - Steinbier,6.4,Dundulis,Lithuania,Špunka
1599679170,2026-09-06,3.5,pleasant apa? who knew! I kid,"",Simkala APA,Pale Ale - American,5.0,Širvėnos bravoras DUNDULIS,Lithuania,Špunka
1599680090,2026-09-06,2.3,not great but any beer is improved with a swing top,"",Kaon Lager,Lager - Pale,4.4,Kaon,Albania,
1599680418,2026-09-06,1.8,">traditional blonde
>brunette","",Korça Bjonde,Pilsner - Other,4.1,Birra Korça,Albania,
1599680901,2026-09-06,2.5,threw back a pint and the guy at the bar (in bosnia) said we have a litre jug if you want. +1,"",Krombacher Pils,Pilsner - German,4.8,Krombacher Gruppe,Germany,
1599681336,2026-09-06,4.0,"",Vilnius,Volfas Engelman BMI Alumni Special Edition Gelato Blueberry Ale,Fruit Beer,0.0,Volfas Engelman,Lithuania,
1599681514,2026-09-06,2.8,fabrika my love. one of the better georgian beers,"",Taati NEIPA,IPA - New England / Hazy,6.0,Natakhtari Brewery,Georgia,
1599681668,2026-09-06,3.3,actually a touch too lemony for my taste but w/ever i'm happy for them,"",Lightbulb,Pale Ale - XPA (Extra Pale),4.5,Verdant Brewing Co,England,
1599681870,2026-09-06,4.3,drinking this pissed me off because it was like my eyes rolled back and suddenly j get why people are so annoying about IPAs,"",Sundialer,Pale Ale - New England / Hazy,5.0,Verdant Brewing Co,England,
1599683204,2026-09-06,4.3,probably the most fanciest beer I ever had at gulden draak in prag because some saudi guys got interested in our conversation (I didn't buy,"",Fourchette Grand Cru Sauvignon Blanc,Belgian Tripel,7.5,Brouwerij Van Steenberge,Belgium,
1599683368,2026-09-06,3.8,"appropriately named, icon","",Duchesse de Bourgogne,Sour - Flanders Red Ale,6.2,Brouwerij Verhaeghe,Belgium,
1599683485,2026-09-06,3.3,"",Deutschland ,Amstel,Lager - Pale,5.0,Amstel Bier,Netherlands,Dėvėti
1599683611,2026-09-06,1.8,what if a boring lager had 0.6% more flavour,"",Birra Moretti L'Autentica / Ricetta Originale,Lager - Pale,4.6,Birra Moretti,Italy,
1599684178,2026-09-06,4.0,so solid so reliable so lovable and easy. one of like four good things the uk still lets happen,"",Duvel,Belgian Strong Golden Ale,8.5,Duvel Moortgat,Belgium,
1599684305,2026-09-06,3.5,it's alright but I just want a normal one yk,"",Duvel Tripel Hop Citra,IPA - Belgian,9.5,Duvel Moortgat,Belgium,
1599684538,2026-09-06,3.3,"","",Gubernija Baltas / Wheat Hefeweizen,Wheat Beer - Hefeweizen,4.8,Gubernija Brewery,Lithuania,
1599684550,2026-09-06,3.8,love a belgian that pretends to be a wine,"",La Goudale - Blonde à l'Ancienne,Farmhouse Ale - Bière de Garde,7.2,Brasserie Goudale,France,
1599684768,2026-09-06,3.3,yeah,"",Lager Hell,Lager - Helles,4.9,Ayinger Privatbrauerei,Germany,
1599684910,2026-09-06,3.8,what if I was unconscious,"",Weihenstephaner Hefeweissbier,Wheat Beer - Hefeweizen,5.4,Bayerische Staatsbrauerei Weihenstephan,Germany,
1599685270,2026-09-06,4.5,"",Deutschland ,KOTU NORI,Hard Kombucha / Jun,5.0,DĖVĖTI,Lithuania,Dėvėti
1599685314,2026-09-06,3.3,"","",Radler Orange,Shandy / Radler,2.0,Maxima LT,Lithuania,Maxima XXX
1599685864,2026-09-06,3.5,weird but i'm Into it? doesn't hit like the reg on tap,"",Weihenstephaner Vitus,Bock - Weizenbock,7.7,Bayerische Staatsbrauerei Weihenstephan,Germany,
1599686020,2026-09-06,3.0,it's ok but like also fuck u,"",Neck Oil,IPA - Session,4.3,Beavertown,England,
1599686227,2026-09-06,1.8,what if I lived in a pizza restaurant. definition of mid,"",Nastro Azzurro,Lager - Pale,5.1,Birra Peroni,Italy,
1599686338,2026-09-06,3.8,"",Holsbeek,It's Coming Home (Final Eight - England),IPA - New England / Hazy,6.2,Funky Fluid,Poland,Local Pub
1599686392,2026-09-06,2.5,honestly maybe it's just orientalism but a notch above the regular shit,"",Singha,Lager - Pale,5.0,Boon Rawd Brewery,Thailand,
1599686505,2026-09-06,1.5,sadly pretty ass,"",Tsingtao,Lager - Pale,4.7,Tsingtao (青岛啤酒) Brewery,China / People's Republic of China,
1599687235,2026-09-06,3.3,honestly remember this being lots of fun,"",Gorkha Beer,Lager - Pale,5.0,Gorkha Brewery,Nepal,
1599687255,2026-09-06,3.3,"","",7 Fridays APA,Pale Ale - American,5.5,7 Fridays,Lithuania,7 Fridays
1599687999,2026-09-06,3.5,"",Vilnius,Dr Pepper,Non-Alcoholic - Soda - Mass Market,0.0,Dr Pepper,United States,Golfin
1599688317,2026-09-06,5.0,"","",English Porter,Porter - English,5.4,Bear & Boar,Lithuania,
1599688819,2026-09-06,1.5,soooooooo mid like slovakia u deserve better,"",Golden Pheasant,Pilsner - Czech / Bohemian,4.6,Heineken Slovensko,Slovakia,
1599689306,2026-09-06,4.3,"",Bulgaria,English Porter,Porter - English,5.4,Bear & Boar,Lithuania,Alaus Biblioteka
1599689795,2026-09-06,3.8,"","",Juodaragio Regyklos Kadaginė IPA,IPA - Farmhouse,5.0,Dundulis,Lithuania,Alaus kolonėlė
1599690370,2026-09-06,2.3,"","",Imperial Kvass,Kvass,0.5,Volfas Engelman,Lithuania,
1599690599,2026-09-06,4.3,"",Deutschland ,Kurkas Keptinis,Historical Beer - Keptinis,5.3,Dundulis,Lithuania,Beer House
1599692445,2026-09-06,3.5,"",Casa di Alex,Franken,Kellerbier / Zwickelbier,4.7,:Belike brewing,Lithuania,Local Pub
1599692599,2026-09-06,3.5,"","",Ponury Piwowar,IPA - New England / Hazy,5.7,Kultowy Browar Staropolski,Poland,
1599693231,2026-09-06,4.5,It really is a successful marriage between a smoothie beer and a Gose.,"",Mango X Pineapple Gose,Sour - Fruited Gose,4.5,Ārpus Brewing Co.,Latvia,Untappd at Home
1599693941,2026-09-06,3.8,Lekker,Netherlands,7fcraft New England Ipa,IPA - New England / Hazy,5.0,7Fcraft,Lithuania,7 Fridays
1599694276,2026-09-06,5.0,"","",Alaus Biblioteka | 400 (Bourbon Barrel Aged 2024),Stout - Imperial / Double Milk,11.5,Alaus Biblioteka ,Lithuania,
1599695544,2026-09-06,4.0,"",Holsbeek,HyperBoost: Citra,IPA - Imperial / Double New England / Hazy,8.1,Funky Fluid,Poland,Local Pub
1599695549,2026-09-06,3.5,"","",Franken,Kellerbier / Zwickelbier,4.7,:Belike brewing,Lithuania,Local Pub
1599695601,2026-09-06,4.8,"",Bulgaria,Alaus Biblioteka | 400 (Bourbon Barrel Aged 2024),Stout - Imperial / Double Milk,11.5,Alaus Biblioteka ,Lithuania,Alaus Biblioteka
1599696002,2026-09-06,3.3,"","",Free Plum (S čistou hlavou Švestka),Non-Alcoholic - Fruit Beer,0.5,Bernard Family Brewery,Czech Republic,
1599697591,2026-09-06,4.5,"",Vilnius,The Doorway Effect,IPA - Imperial / Double New England / Hazy,8.0,Verdant Brewing Co,England,Nisha Craft Capital
1599699881,2026-09-06,4.0,"","",1410 Lager/Šviesusis,Lager - Pale,5.3,Volfas Engelman,Lithuania,LFF Stadionas
1599700457,2026-09-06,0.0,"Geny vakar nebuvau, tai bent iš skardos paragausiu.",Vilnius,Hazy Baltic IPA,IPA - New England / Hazy,6.6,Genys Brewing Co.,Lithuania,Baltic Beauty School
1599700572,2026-09-06,3.8,"",Bulgaria,Märzen,Märzen,5.5,Brauerei Wagner Merkendorf,Germany,Alaus Biblioteka
1599700636,2026-09-06,3.3,"used to be my honey but also quite middle of the cz range, on the lighter edge","",Světlý ležák 11°,Pilsner - Czech / Bohemian,4.3,Krakonoš,Czech Republic,
1599700950,2026-09-06,0.8,at my 18th birthday party (3 of us) my friend brought a 24-pack of these and it was ass,"",Coors Light,Lager - American Light,4.2,Coors Brewing Company,United States,
1599701105,2026-09-06,2.8,satisfying if predictable,"",Affligem Blonde,Belgian Blonde,6.7,Affligem Brouwerij,Belgium,
1599701510,2026-09-06,3.8,"","",Nuta,Pale Ale - New England / Hazy,5.2,Browar Cztery Ściany / Four Walls Brewery,Poland,Local Pub
1599701810,2026-09-06,4.5,"",Bulgaria,Oude Kriek (Vieille),Lambic - Kriek,6.0,Oud Beersel,Belgium,Alaus Biblioteka
1599701836,2026-09-06,3.3,"","",7fcraft New England Ipa,IPA - New England / Hazy,5.0,7Fcraft,Lithuania,7 Fridays
1599702164,2026-09-06,3.5,Mead week dus tsja…,Casa di Alex,"Midus ""Medkopio"" (Apple Bochet Session Mead)",Mead - Bochet,6.8,Šušvės Midus,Lithuania,Local Pub
1599704104,2026-09-06,2.8,"","","Midus ""Medkopio"" (Apple Bochet Session Mead)",Mead - Bochet,6.8,Šušvės Midus,Lithuania,Local Pub
1599704631,2026-09-06,3.8,"",Lell'ier Piffkaul,ABRAKADABRA [ Drumstasis IPA ],IPA - New England / Hazy,5.4,Dundulis,Lithuania,Špunka
1599705033,2026-09-06,0.3,I think this might be the worst beer in the world,"",Desperados Original,Lager - Other,5.9,Desperados NL,Netherlands,
1599705291,2026-09-06,2.5,what happened to this? I feel it used to be everywhere and had a bit more character than your typical lager. guinness mode,"",Hop House 13 Lager,Lager - Pale,4.1,Guinness,Ireland,
1599705462,2026-09-06,2.0,"5.8%, bet skonis kaip 12.8%.

Saldus, anyžiai limpa prie pagurklio. Aš iš tokių natų daug nesugročiau alaus",Vilnius,Svart Salt,Porter - Other,5.8,OY Brewing,Faroe Islands,Untappd at Home
1599705825,2026-09-06,4.0,"",Deutschland ,Cactus Lychee,IPA - Milkshake,5.0,Bear & Boar,Lithuania,Beer House
1599705986,2026-09-06,4.0,"",Holsbeek,"Midus ""Radvilų"" (Cherry Mead) ",Mead - Melomel,13.0,Šušvės Midus,Lithuania,Local Pub
1599706305,2026-09-06,4.0,Very enjoyable,Bulgaria,Kiečių Gruit,Historical Beer - Gruit / Ancient Herbed Ale,5.6,Dundulis,Lithuania,Alaus Biblioteka
1599706978,2026-09-06,2.0,boring!!!!,"",Mythos,Lager - Pale,5.0,Olympic Brewery,Greece,
1599706993,2026-09-06,3.5,"",Vilnius,X Years of Nisha,IPA - New England / Hazy,6.5,Browar Rockmill,Poland,Nisha Craft Capital
1599707179,2026-09-06,2.8,"the most reviled of the czech mains, but still not bad when poured properly","",Staropramen Premium / Ležák 12,Pilsner - Czech / Bohemian,5.0,Pivovary Staropramen,Czech Republic,
1599708707,2026-09-06,3.8,Lekker,Netherlands,7 Fridays APA,Pale Ale - American,5.5,7 Fridays,Lithuania,7 Fridays
1599711660,2026-09-06,4.0,"",Deutschland ,"Midus ""Bičiulių"" (Strawberry & Elderflower Session Mead)",Mead - Session / Short,7.2,Šušvės Midus,Lithuania,Local Pub
1599711815,2026-09-06,4.8,"","",Strawberry Vanilla Sour,Sour - Fruited,6.0,Dūmų Brewery,Lithuania,
1599711961,2026-09-06,4.0,"","",Grape X Red Currant X Strawberry X Peanut Butter Fruited Gose,Sour - Fruited Gose,4.5,Ārpus Brewing Co.,Latvia,Nisha Craft Capital
1599712164,2026-09-06,3.3,"","",Grape X Red Currant X Strawberry X Peanut Butter Fruited Gose,Sour - Fruited Gose,4.5,Ārpus Brewing Co.,Latvia,Nisha Craft Capital
1599712577,2026-09-06,3.8,"","",Always Remember IPA with Vanilla,IPA - American,5.3,Magic Road,Poland,
1599712676,2026-09-06,2.8,"",Lell'ier Piffkaul,Špunka Pils,Pilsner - Czech / Bohemian,4.8,Dundulis,Lithuania,Špunka
1599712685,2026-09-06,3.3,"","",Angry Rooster,Stout - Imperial / Double Pastry,11.0,Seven Island Brewery,Greece,Nisha Craft Capital
1599713129,2026-09-06,3.3,"","",Angry Rooster,Stout - Imperial / Double Pastry,11.0,Seven Island Brewery,Greece,Nisha Craft Capital
1599713149,2026-09-06,3.3,"","",Free Gelato: Berries & Cream,Non-Alcoholic - Sour,0.5,Funky Fluid,Poland,Local Pub
1599713244,2026-09-06,3.3,"","",Ekstra,Lager - Dortmunder / Export,5.2,Švyturys,Lithuania,Katpėdėlė
1599714658,2026-09-06,3.3,"","",Popp Alkoholivaba Siider & Ananass,Non-Alcoholic - Cider / Perry,0.0,Tori Jõesuu Siidri- Ja Veinitalu,Estonia,Local Pub
1599714751,2026-09-06,3.3,"",Lell'ier Piffkaul,Simkala APA,Pale Ale - American,5.0,Širvėnos bravoras DUNDULIS,Lithuania,Špunka
1599714807,2026-09-06,3.3,also more or less distrusted in cz but I like it (when frosty,"",Budweiser Budvar / Czechvar Original,Pilsner - Czech / Bohemian,5.0,Budějovický Budvar,Czech Republic,
1599715267,2026-09-06,3.8,"","",Gedimino,Lager - Helles,5.0,Volfas Engelman,Lithuania,Fat Cloud Restaurant
1599716528,2026-09-06,3.8,"","",Marine.,IPA - New England / Hazy,6.4,Moon Lark Brewery,Poland,Local Pub
1599718034,2026-09-06,3.0,"",Deutschland ,"Midus ""Medkopio"" (Apple Bochet Session Mead)",Mead - Bochet,6.8,Šušvės Midus,Lithuania,Local Pub
1599718701,2026-09-06,4.5,"",Vilnius,Ārpus X Mortalis Brewing Co. Alphonso Mango X Coconut X Sticky Rice X Pineapple Smoothie Sour Ale,Sour - Smoothie / Pastry,4.5,Ārpus Brewing Co.,Latvia,Nisha Craft Capital
1599719681,2026-09-06,2.5,"","",Bačkorių 5.2%,Lager - Pale,5.2,Vilniaus Alus,Lithuania,Rūsio Aidai
1599720072,2026-09-06,0.0,"","",Anarkist New England IPA,IPA - New England / Hazy,5.4,Theodor Schiøtz Brewing Company,Denmark,Grill London
1599720194,2026-09-06,2.8,"like it's okay but also secretly overrated, much lighter than it should be maybe I want a porter here, but hardly offensive","",Newcastle Brown Ale,Brown Ale - English,4.7,John Smith’s,England,
1599720222,2026-09-06,4.0,"","",Flux: Phase 5,IPA - New England / Hazy,6.5,Verdant Brewing Co,England,Nisha Craft Capital
1599720728,2026-09-06,2.3,who can argue with juicy T,"",Lager,Lager - Pale,4.0,Tennent's Caledonian Brewery,Scotland,
1599723031,2026-09-06,4.8,"",Vilnius ,Gutstoutas,Stout - Oatmeal,5.0,Širvėnos bravoras DUNDULIS,Lithuania,Špunka
1599727834,2026-09-06,3.5,"","",üpa,IPA - American,5.1,hübris,Hungary,
1599727965,2026-09-06,3.8,Heerlijk,Netherlands,Balta Pinta,Wheat Beer - Hefeweizen,5.0,Volfas Engelman,Lithuania,
1599728548,2026-09-06,3.5,"","",Lucky You,IPA - American,6.5,PINTA,Poland,
1599730916,2026-09-06,4.3,"Labai skanus kompotas. Nei pridursi nei atimsi. Ir dar už juokingą kainą. Tai tik žviegti noris, kaip kokiam kuinui nuo lenciūgo nutrūkusiam.",Vilnius. Lithuania.,"Gelato: Passion Fruit, Mango & Peach",Sour - Smoothie / Pastry,5.5,Funky Fluid,Poland,Satyrikon'o Būdelė
1599731367,2026-09-06,3.5,"","",Balta Pinta,Wheat Beer - Hefeweizen,5.0,Volfas Engelman,Lithuania,Balzac
1599731619,2026-09-06,2.5,"","",Tradiciškas,Lager - Pale,6.0,Volfas Engelman,Lithuania,Balzac
1599731846,2026-09-06,4.8,"","",Gelato: Polish Garden,Sour - Smoothie / Pastry,5.5,Funky Fluid,Poland,
1599732606,2026-09-06,3.8,honestly this surprised and delighted me. great,"",Bowscale Pale,Pale Ale - English,3.4,Hesket Newmarket Brewery,England,
1599732900,2026-09-06,3.5,"","",Paris Delight,IPA - Fruited,5.2,TankBusters.Co,Poland,
1599736238,2026-09-06,4.3,"",Vilnius ,Catnip,IPA - New England / Hazy,7.5,Noctem Artisans Brasseurs,Canada,Nisha Craft Capital
1599736569,2026-09-06,4.0,"","",Ārpus X Mortalis Brewing Co. Alphonso Mango X Coconut X Sticky Rice X Pineapple Smoothie Sour Ale,Sour - Smoothie / Pastry,4.5,Ārpus Brewing Co.,Latvia,Nisha Craft Capital
1599736594,2026-09-06,4.3,"Super. Sweet and malty. A little thin, but flavorful.","Arden, NC",La Birra Dubbel,Brown Ale - Belgian,5.0,La Birra Pub,Lithuania,La Birra
1599737234,2026-09-06,3.5,"","","#YearoftheLager",Lager - Světlé (Czech Pale),4.6,Mikkeller,Denmark,Nisha Craft Capital
1599737353,2026-09-06,3.5,Prima,Netherlands,Tradiciškas,Lager - Pale,6.0,Volfas Engelman,Lithuania,
1599737481,2026-09-06,3.8,"","",7 Year Anniversary Bloody Mary Smoothie Sour Ale,Sour - Smoothie / Pastry,6.0,Ārpus Brewing Co.,Latvia,Nisha Craft Capital
1599738322,2026-09-06,3.5,"","",Kanapinis Tamsusis / Kanapinis Dark,Kellerbier / Zwickelbier - Dunkel,5.3,Aukštaitijos Bravorai,Lithuania,
1599740737,2026-09-06,4.3,"","",Gelato: Polish Garden,Sour - Smoothie / Pastry,5.5,Funky Fluid,Poland,
1599744394,2026-09-06,3.8,ビリニュスの公演は終了。明日からはシャウレイへ。打上げのビアバーにて。草感つよいラガー。,Tokyo,Lager,Lager - Mexican,4.5,Bear & Boar,Lithuania,Beer House
1599745419,2026-09-06,2.8,"",Casa di Alex,Vilkmergės Premium Lager,Lager - Helles,5.0,Vilkmerges Alus,Lithuania,OlyBet Sporto baras ir grilis
1599745517,2026-09-06,2.8,"","",Bohemijos Tamsusis,Lager - Tmavé (Czech Dark),4.2,Volfas Engelman,Lithuania,Balzac
1599745794,2026-09-06,3.0,"","",Extra Premium,Lager - Dortmunder / Export,5.2,Vienas Brewery,Lithuania,
1599746538,2026-09-06,3.3,"","",Beck's,Pilsner - German,4.9,Brauerei Beck,Germany,
1599746604,2026-09-06,2.8,"","",Vilkmergės Premium Lager,Lager - Helles,5.0,Vilkmerges Alus,Lithuania,OlyBet Sporto baras ir grilis
1599748093,2026-09-06,3.8,"",Tychy,Pineapple Breeze,IPA - Milkshake,5.5,Bear & Boar,Lithuania,Alaus Biblioteka
1599748303,2026-09-06,4.0,"",Tychy ,Pineapple Breeze,IPA - Milkshake,5.5,Bear & Boar,Lithuania,Alaus Biblioteka
1599748374,2026-09-06,3.5,"","",Sakura,Fruit Beer,5.0,Bear & Boar,Lithuania,Alaus Biblioteka
1599748633,2026-09-06,3.5,"",Tychy,Bière Pacifique,Pale Ale - Belgian,4.0,Eternal Night Brewing,Estonia,Alaus Biblioteka
1599748647,2026-09-06,3.5,"","",Vaim,IPA - White / Wheat,6.5,Humalakoda,Estonia,Alaus Biblioteka
1599748909,2026-09-06,3.5,"",Tychy ,Bière Pacifique,Pale Ale - Belgian,4.0,Eternal Night Brewing,Estonia,Alaus Biblioteka
1599748952,2026-09-06,3.8,"","",Seville Sunrise,Sour - Fruited Berliner Weisse,3.8,Eternal Night Brewing,Estonia,Alaus Biblioteka
1599748967,2026-09-06,3.8,"",Deutschland ,Utenos Cherry,Fruit Beer,4.6,Utenos Alus,Lithuania,Hilton Garden Inn
1599749223,2026-09-06,3.5,"",Tychy,Citra IPA,IPA - American,5.4,Bear & Boar,Lithuania,Alaus Biblioteka
1599749357,2026-09-06,3.8,"","",Atblāzma (Glow),Sour - Fruited Berliner Weisse,3.5,Labietis. Pagan Brews,Latvia,Alaus Biblioteka
1599749441,2026-09-06,3.0,"","",Gubernija Ekstra / Extra Lager,Lager - Helles,5.2,Gubernija Brewery,Lithuania,Bonocosi
1599749687,2026-09-06,3.8,"","",Coconut Milk Stout,Stout - Milk / Sweet,4.7,Dūmų Brewery,Lithuania,Alaus Biblioteka
1599749706,2026-09-06,3.0,"",Tychy ,Citra IPA,IPA - American,5.4,Bear & Boar,Lithuania,Alaus Biblioteka
1599749764,2026-09-06,4.0,"","",Grape X Red Currant X Strawberry X Peanut Butter Fruited Gose,Sour - Fruited Gose,4.5,Ārpus Brewing Co.,Latvia,Nisha Craft Capital
1599749856,2026-09-06,4.3,"",Tychy,Zilgas Humpaliņa,Farmhouse Ale - Saison,6.3,Labietis. Pagan Brews,Latvia,Alaus Biblioteka
1599750057,2026-09-06,3.5,"","",Pineapple Breeze,IPA - Milkshake,5.5,Bear & Boar,Lithuania,Alaus Biblioteka
1599750516,2026-09-06,3.5,"","",Bière Pacifique,Pale Ale - Belgian,4.0,Eternal Night Brewing,Estonia,Alaus Biblioteka
1599750691,2026-09-06,4.3,"",Tychy ,Zilgas Humpaliņa,Farmhouse Ale - Saison,6.3,Labietis. Pagan Brews,Latvia,Alaus Biblioteka
1599750915,2026-09-06,3.3,"","",Citra IPA,IPA - American,5.4,Bear & Boar,Lithuania,Alaus Biblioteka
1599751205,2026-09-06,4.0,"","",Zilgas Humpaliņa,Farmhouse Ale - Saison,6.3,Labietis. Pagan Brews,Latvia,Alaus Biblioteka
1599751565,2026-09-06,4.3,"","",X Years of Nisha,IPA - New England / Hazy,6.5,Browar Rockmill,Poland,Nisha Craft Capital
1599751633,2026-09-06,4.0,"","",Penki Mazgai,IPA - New England / Hazy,5.0,Brick by Brick (Raudonų Plytų Alaus Dirbtuvės),Lithuania,La Birra
1599751720,2026-09-06,3.0,"","",Pigem Eil,Sour - Flanders Red Ale,7.0,Hiiumaa Pruulikoda,Estonia,Alaus Biblioteka
1599752101,2026-09-06,3.0,"",Tychy ,Pigem Eil,Sour - Flanders Red Ale,7.0,Hiiumaa Pruulikoda,Estonia,Alaus Biblioteka
1599752107,2026-09-06,3.5,"",Tychy,Pigem Eil,Sour - Flanders Red Ale,7.0,Hiiumaa Pruulikoda,Estonia,Alaus Biblioteka
1599752197,2026-09-06,4.5,"","",Ārpus X Mortalis Brewing Co. Alphonso Mango X Coconut X Sticky Rice X Pineapple Smoothie Sour Ale,Sour - Smoothie / Pastry,4.5,Ārpus Brewing Co.,Latvia,Nisha Craft Capital
1599752259,2026-09-06,4.3,"More effervescent than most wheats. Nice light flavor, with the classic hints of banana and clove.","Arden, NC",La Birra Blanche,Wheat Beer - Witbier / Blanche,5.1,La Birra Pub,Lithuania,La Birra
1599752468,2026-09-06,4.0,"","",Midus,Mead - Session / Short,6.0,Lietuviškas Midus,Lithuania,Rūsio Aidai
1599752653,2026-09-06,3.8,Lekker,Netherlands,Bohemijos Tamsusis,Lager - Tmavé (Czech Dark),4.2,Volfas Engelman,Lithuania,
1599752704,2026-09-06,3.8,"",Tychy,Coconut Milk Stout,Stout - Milk / Sweet,4.7,Dūmų Brewery,Lithuania,Alaus Biblioteka
1599752901,2026-09-06,3.3,"",Tychy ,Sakura,Fruit Beer,5.0,Bear & Boar,Lithuania,Alaus Biblioteka
1599753174,2026-09-06,3.3,"",Tychy ,Vaim,IPA - White / Wheat,6.5,Humalakoda,Estonia,Alaus Biblioteka
1599753371,2026-09-06,3.3,"",Tychy,Sakura,Fruit Beer,5.0,Bear & Boar,Lithuania,Alaus Biblioteka
1599753576,2026-09-06,3.8,"",Tychy ,Seville Sunrise,Sour - Fruited Berliner Weisse,3.8,Eternal Night Brewing,Estonia,Alaus Biblioteka
1599753827,2026-09-06,3.8,"",Tychy,Vaim,IPA - White / Wheat,6.5,Humalakoda,Estonia,Alaus Biblioteka
1599753887,2026-09-06,3.5,"",Tychy ,Atblāzma (Glow),Sour - Fruited Berliner Weisse,3.5,Labietis. Pagan Brews,Latvia,Alaus Biblioteka
1599754293,2026-09-06,3.8,"",Tychy,Seville Sunrise,Sour - Fruited Berliner Weisse,3.8,Eternal Night Brewing,Estonia,Alaus Biblioteka
1599754410,2026-09-06,3.8,"",Tychy ,Coconut Milk Stout,Stout - Milk / Sweet,4.7,Dūmų Brewery,Lithuania,Alaus Biblioteka
1599754716,2026-09-06,4.0,"",Tychy,Atblāzma (Glow),Sour - Fruited Berliner Weisse,3.5,Labietis. Pagan Brews,Latvia,Alaus Biblioteka
1599756018,2026-09-06,4.3,"",Vilnius ,Denver,IPA - Imperial / Double New England / Hazy,9.2,Omnipollo,Sweden,Nisha Craft Capital
1599759720,2026-09-06,3.8,打上げ2杯目。,Tokyo,SUPER 8 IPA,IPA - Belgian,6.0,Brouwerij Haacht Brasserie,Belgium,Beer House
1599761769,2026-09-06,3.5,"","",Pomegranate Lime Gose,Sour - Fruited Gose,4.8,Bear & Boar,Lithuania,Local Pub
1599762639,2026-09-06,3.5,"","",Bitė Darže,Mead - Session / Short,9.4,Šušvės Midus,Lithuania,Local Pub
1599763094,2026-09-06,2.0,"","",Kuršių,Mead - Session / Short,6.1,Šušvės Midus,Lithuania,Local Pub
1599763436,2026-09-06,3.5,"",Tychy,Pomegranate Lime Gose,Sour - Fruited Gose,4.8,Bear & Boar,Lithuania,Local Pub
1599763974,2026-09-06,3.8,"",Tychy,Bitė Darže,Mead - Session / Short,9.4,Šušvės Midus,Lithuania,Local Pub
1599764440,2026-09-06,3.8,"","",Sakura,Fruit Beer,5.0,Bear & Boar,Lithuania,Alaus Biblioteka
1599764865,2026-09-06,3.5,"",Tychy ,Pomegranate Lime Gose,Sour - Fruited Gose,4.8,Bear & Boar,Lithuania,Local Pub
1599765268,2026-09-06,3.5,"",Tychy,Kuršių,Mead - Session / Short,6.1,Šušvės Midus,Lithuania,Local Pub
1599765696,2026-09-06,3.8,great,"",Helvellyn Gold,Bitter - Best,4.0,Hesket Newmarket Brewery,England,
1599765993,2026-09-06,3.8,also very good HNMB can do no wrong,"",Skiddaw Bitter,Bitter - Session / Ordinary,3.4,Hesket Newmarket Brewery,England,
1599766380,2026-09-06,4.0,"","",The Doorway Effect,IPA - Imperial / Double New England / Hazy,8.0,Verdant Brewing Co,England,Nisha Craft Capital
1599766465,2026-09-06,3.8,"",Tychy ,English Porter,Porter - English,5.4,Bear & Boar,Lithuania,Local Pub
1599766615,2026-09-06,4.0,"",Tychy,English Porter,Porter - English,5.4,Bear & Boar,Lithuania,Local Pub
1599766790,2026-09-06,3.0,"","",Atblāzma (Glow),Sour - Fruited Berliner Weisse,3.5,Labietis. Pagan Brews,Latvia,Alaus Biblioteka
1599766955,2026-09-06,4.5,"","","Sorbet: Banana, Pineapple & Coconut",Sour - Smoothie / Pastry,5.3,Nepo Brewing,Poland,Lenkijos Respublikos ambasados konsulinis skyriu
1599767231,2026-09-06,0.0,"",Tychy ,Bitė Darže,Mead - Session / Short,9.4,Šušvės Midus,Lithuania,Local Pub
1599767644,2026-09-06,2.5,"","",LA BAGARRE,IPA - Imperial / Double,7.7,Brique House Brewery,France,1000 Plyteliu
1599767762,2026-09-06,0.0,"",Tychy ,Kuršių,Mead - Session / Short,6.1,Šušvės Midus,Lithuania,Local Pub
1599767783,2026-09-06,3.3,Normaliai yra. Ką čia privertinot. Vienas geresnių. Kartumas visas pelkes nugramzdina. Alko paslėptas.,Vilnius. Lithuania.,Forever Brewery Infinity,IPA - Australian,6.5,Волинський бровар,Ukraine,Satyrikon'o Būdelė
1599767919,2026-09-06,4.3,is this the only cider I will rate? it's exactly everything it should be,"",Organic Vintage Cider,Cider - Traditional / Apfelwein,7.5,Dunkertons,England,
1599769103,2026-09-06,2.8,"","",Pineapple Breeze,IPA - Milkshake,5.5,Bear & Boar,Lithuania,Alaus Biblioteka
1599769726,2026-09-06,4.0,"","",Keturi Vėjai (Four Winds),Kölsch,4.9,Brick by Brick (Raudonų Plytų Alaus Dirbtuvės),Lithuania,Piano Man Bar
1599770490,2026-09-06,0.3,what if I kill myself,"",Argus Premium,Lager - Pale,4.9,Lidl Deutschland / Germany,Germany,
1599771743,2026-09-06,2.0,good when served in a 900ml bottle otherwise why bother. sorta beer you'd take to forget the last month and wake up on Grigor's floor (nobody speaks english,"",Zhiguli Barnoe (Жигули Барное),Lager - Pale,4.9,Moscow Brewing Company (Московская Пивоваренная Компания),Russia,
1599772112,2026-09-06,2.3,poland's most fine beer. im not complaining,"",Tyskie Gronie,Lager - Pale,5.2,Tyskie Browary Książęce,Poland,
1599772456,2026-09-06,2.0,it's good when the bottle has weight but also basically a mid lager type deal,"",Super Bock,Lager - Pale,5.2,Super Bock Group,Portugal,
1599772688,2026-09-06,3.8,"","",Coconut Milk Stout,Stout - Milk / Sweet,4.7,Dūmų Brewery,Lithuania,Alaus Biblioteka
1599772736,2026-09-06,2.3,bottle is much sexier than the beer but still a slight notch above the typical uk macro,"",Estrella Damm,Lager - Pale,5.4,Damm,Spain,
1599772895,2026-09-06,2.0,fine but I don't care,"",Estrella Galicia Especial,Lager - Helles,5.5,Hijos de Rivera,Spain,
1599773349,2026-09-06,4.0,"","",Citra IPA,IPA - American,5.4,Bear & Boar,Lithuania,Alaus Biblioteka
1599773924,2026-09-06,4.0,middle is for all time and the end of the world. it will ruin you,"",Middle Ale,Bitter - Session / Ordinary,5.0,Spingo Ales (The Blue Anchor),England,
1599774115,2026-09-06,4.0,"Light, fresh, clean. Lightly sweet with a nice hop balance. Easy drinking lager.","Arden, NC",Ekstra,Lager - Dortmunder / Export,5.2,Švyturys,Lithuania,Casa Della Pasta
1599774171,2026-09-06,1.8,sucks!!!!,"",Carlsberg,Pilsner - Other,5.0,Carlsberg Group,Denmark,
1599774284,2026-09-06,0.0,"","",Ekstra,Lager - Dortmunder / Export,5.2,Švyturys,Lithuania,Casa Della Pasta
1599774380,2026-09-06,2.0,not so atrocious as basic,"",Carlsberg Export,Pilsner - Other,4.8,Carlsberg Group,Denmark,
1599774782,2026-09-06,2.5,"",Vilnius,Rosé,Wheat Beer - Witbier / Blanche,5.0,Volfas Engelman,Lithuania,
1599775204,2026-09-06,3.3,beer's fine but literally saved lives on the bucha-chis train so for that I will support it forever (it was 500 degrees,"",Chișinău Blondă,Lager - Pale,4.5,Efes Vitanta Moldova Brewery,Moldova,
1599775458,2026-09-06,3.5,"","",Citra IPA,IPA - American,5.4,Bear & Boar,Lithuania,Paikis
1599778840,2026-09-06,3.8,"","",Bière Pacifique,Pale Ale - Belgian,4.0,Eternal Night Brewing,Estonia,Alaus Biblioteka
1599779975,2026-09-06,3.0,"","",Oyn Oy,Pilsner - Other,5.2,OY Brewing,Faroe Islands,
1599783163,2026-09-06,3.8,actually pretty good In a sweetie aperitif style caramel way. miss the balkan ass bar in east žiž,"",Kozel Černý / Dark,Lager - Tmavé (Czech Dark),3.8,Pivovar Velké Popovice,Czech Republic,
1599784239,2026-09-06,2.0,I wish this was chinese!!!!!!!!!!!,"",Traditional Lager,Lager - American Amber / Red,4.5,Yuengling Brewery,United States,
1599784609,2026-09-06,0.0,great little bitter when in L city,"",Sussex Best,Bitter - Best,4.0,Harvey's Brewery,England,
1599784614,2026-09-06,3.5,"",Casa di Alex,Penki Mazgai,IPA - New England / Hazy,5.0,Brick by Brick (Raudonų Plytų Alaus Dirbtuvės),Lithuania,Gringo Pub
1599785439,2026-09-06,2.5,of the better uk lagers,"",Camden Hells Lager,Lager - Helles,4.6,Camden Town Brewery,England,
1599785821,2026-09-06,2.0,fine but not interesting. it was at the bar and had a big pride flag on it which shocked the locals,"",Brooklyn Lager,Lager - Vienna,5.2,Brooklyn Brewery,United States,
1599785913,2026-09-06,3.8,"","",Bocmano Ūsai (Bosun’s Moustache),IPA - American,6.0,Brick by Brick (Raudonų Plytų Alaus Dirbtuvės),Lithuania,Grill London
1599786372,2026-09-06,1.8,this is so stupid,"",Beer cut with Peach,Lager - Fruited  ,4.0,JUBEL,England,
1599786596,2026-09-06,2.5,I actually kinda fw this one in a what do I have in the fridge way,"",Beer cut with Grapefruit,Lager - Fruited  ,4.0,JUBEL,England,
1599787324,2026-09-06,0.0,"","",Anatomy of Hunger,Porter - Imperial / Double Baltic,11.0,Piwne Podziemie / Beer Underground,Poland,Local Pub
1599787433,2026-09-06,2.3,had two a these on sat & felt fine but also wanted to throw up a little maybe due to environmental factos,"",Bohém,Pilsner - Czech / Bohemian,4.7,Heineken Česká Republika,Czech Republic,
1599787443,2026-09-06,4.0,Lekker!,Netherlands,Bocmano Ūsai (Bosun’s Moustache),IPA - American,6.0,Brick by Brick (Raudonų Plytų Alaus Dirbtuvės),Lithuania,Grill London
1599788029,2026-09-06,0.0,"","",Kuršių,Mead - Session / Short,6.1,Šušvės Midus,Lithuania,Local Pub
1599788149,2026-09-06,0.0,"","",Bitė Darže,Mead - Session / Short,9.4,Šušvės Midus,Lithuania,Local Pub
1599788425,2026-09-06,0.0,"","",Bersalis Blond,Belgian Blonde,6.2,Oud Beersel,Belgium,Local Pub
1599788623,2026-09-06,0.0,"","",Trappistes Rochefort 6,Belgian Dubbel,7.5,Abbaye Notre-Dame de Saint-Rémy,Belgium,Local Pub
1599788761,2026-09-06,0.0,"","",Chimay Grande Réserve (Blue),Belgian Strong Dark Ale,9.0,Bières de Chimay,Belgium,Local Pub
1599788897,2026-09-06,0.0,"","",Trappistes Rochefort 8,Belgian Strong Dark Ale,9.2,Abbaye Notre-Dame de Saint-Rémy,Belgium,Local Pub
1599788973,2026-09-06,2.5,first time I had this at chicago airport over the first meat filled burger I had in seven or eight years and the burger was mid at best but the beer was doable,"",Goose IPA,IPA - American,5.9,Goose Island Beer Co.,United States,
1599789084,2026-09-06,0.0,"","",Trappistes Rochefort Triple Extra,Belgian Tripel,8.1,Abbaye Notre-Dame de Saint-Rémy,Belgium,Local Pub
1599789254,2026-09-06,0.0,"","",La Trappe Tripel,Belgian Tripel,8.0,Bierbrouwerij de Koningshoeven,Netherlands,Local Pub
1599789416,2026-09-06,0.0,"","",Snoob,Cider - Traditional / Apfelwein,5.6,KODAS,Estonia,Local Pub
1599789941,2026-09-06,2.0,literally this is stupid like exemplifies americans not understanding the european wavelength. what if we made a weiss and it was bad. citrussy? how about a big fuckin orange slab,"",Belgian White,Wheat Beer - Witbier / Blanche,5.4,Blue Moon Brewing Company,United States,
1599792297,2026-09-06,3.8,"",Tychy,Juodas,Lager - Dark,6.7,Būsi Trečias,Lithuania,Būsi Trečias
1599792925,2026-09-06,3.5,"",Tychy,Šviesus,Lager - Pale,5.0,Būsi Trečias,Lithuania,Būsi Trečias
1599793376,2026-09-06,3.8,"",Vilnius,Penki Mazgai,IPA - New England / Hazy,5.0,Brick by Brick (Raudonų Plytų Alaus Dirbtuvės),Lithuania,Liv_in City
1599793486,2026-09-06,3.5,when I was fresh on 18 my boss at the time gave me a bottle of this as a you did good gift and it was sweet nectar and honestly the taste of that is what life is for,"",Cornish Knocker,Blonde / Golden Ale - English,4.5,Skinner's Brewery,England,
1599794120,2026-09-06,2.3,basically fine if uninteresting. why's an english brewery called that. freedom is not really their thing,"",Freedom Lager,Lager - Helles,4.0,Freedom Brewery,England,
1599794466,2026-09-06,2.5,"","",Pilsener,Pilsner - German,4.8,Paderborner Brauerei,Germany,
1599794822,2026-09-06,3.5,good and quite savoury but honestly b weihenstephan beats this for me. so why is E more expensive in uk supermarkets,"",Erdinger Weißbier / Hefe-Weizen,Wheat Beer - Hefeweizen,5.3,Erdinger Weissbräu,Germany,
1599795149,2026-09-06,3.5,this beats the weisse sorry,"",Erdinger Dunkel,Wheat Beer - Dunkelweizen,5.3,Erdinger Weissbräu,Germany,
1599795635,2026-09-06,3.0,i've tried some weird matuškas and this is not that but it's alright,"",Apollo Galaxy 13°,Pale Ale - American,5.5,Pivovar Matuška,Czech Republic,
1599795985,2026-09-06,4.0,"","",Penki Mazgai,IPA - New England / Hazy,5.0,Brick by Brick (Raudonų Plytų Alaus Dirbtuvės),Lithuania,Piano Man Bar
1599796591,2026-09-06,3.8,will kill you and you will be happy about it,"",Gulden Draak Classic,Belgian Strong Dark Ale,10.5,Brouwerij Van Steenberge,Belgium,
1599796758,2026-09-06,3.8,also great but will kill you harder,"",Gulden Draak 9000 Quadruple,Belgian Quadrupel,10.5,Brouwerij Van Steenberge,Belgium,
1599797081,2026-09-06,3.5,リトアニア楽しすぎる。このビアバーで醸造してるのかな？名前が最高にイカす。,Tokyo,FUK'N IPA,IPA - Session,4.5,DĖVĖTI,Lithuania,Dėvėti
1599797321,2026-09-06,3.5,"honestly I was so excited as ""the best beer in the world"" but this was basically just pretty good. to sit with","",Delirium Tremens,Belgian Strong Golden Ale,8.5,Delirium - Huyghe Brewery,Belgium,
1599798408,2026-09-06,4.0,fucks and I prefer it to erdinger.... a great available weisse,"",Franziskaner Premium Weissbier Naturtrüb,Wheat Beer - Hefeweizen,5.0,Spaten-Franziskaner-Löwenbräu-Gruppe,Germany,
1599799033,2026-09-06,3.3,"alright, good clean stuff but home isn't hearing about it yk","",Spaten Münchner Hell / Premium Lager,Lager - Helles,5.2,Spaten-Franziskaner-Löwenbräu-Gruppe,Germany,
1599799058,2026-09-06,1.5,"","",LA BAGARRE,IPA - Imperial / Double,7.7,Brique House Brewery,France,Micropsyhouse
1599799194,2026-09-06,2.3,"","","Sorbet: Banana, Pineapple & Coconut",Sour - Smoothie / Pastry,5.3,Nepo Brewing,Poland,Macrofinance
1599799494,2026-09-06,4.0,"","",Penki Mazgai,IPA - New England / Hazy,5.0,Brick by Brick (Raudonų Plytų Alaus Dirbtuvės),Lithuania,Gringo Pub
1599799665,2026-09-06,3.5,"",Tychy ,APA,Pale Ale - American,5.0,Būsi Trečias,Lithuania,Būsi Trečias
1599800094,2026-09-06,3.5,"",Tychy,Kvietinis,Wheat Beer - Hefeweizen,4.7,Būsi Trečias,Lithuania,Būsi Trečias
1599800496,2026-09-06,3.3,really pretty sharp but a very well made ipper,"",Humulupu IPA,IPA - Session,5.0,Dundulis,Lithuania,
1599800972,2026-09-06,3.0,"",Tychy ,Šviesus,Lager - Pale,5.0,Būsi Trečias,Lithuania,Būsi Trečias
1599801138,2026-09-06,3.5,"",Tychy,APA,Pale Ale - American,5.0,Būsi Trečias,Lithuania,Būsi Trečias
1599801416,2026-09-06,3.5,"",Tychy ,Kvietinis,Wheat Beer - Hefeweizen,4.7,Būsi Trečias,Lithuania,Būsi Trečias
1599803056,2026-09-06,2.5,"",Minsk,Nealkoholinis,Non-Alcoholic - Lager,0.0,Kalnapilis Brewery,Lithuania,
1599803896,2026-09-06,4.0,Light and spicy. A very nice wheat with Belgiany notes.,"Arden, NC",Baltas (White),Wheat Beer - Hefeweizen,5.0,Švyturys,Lithuania,Casa Della Pasta
1599804109,2026-09-06,3.0,yeah alright,"",Vinohradská 12,Pilsner - Czech / Bohemian,4.8,Vinohradský pivovar,Czech Republic,
1599805037,2026-09-06,3.3,very tasty stuff. type shit I get at i-bar and the guy is confused because it's like does it rhyme with roast or roost or oust,"",Hoptopia,Pale Ale - American,5.3,Chroust,Czech Republic,
1599805530,2026-09-06,3.5,kino NFA ponrepo trying to integrate myself with folk,"",Pazdrát,Pilsner - Czech / Bohemian,4.7,Pivovar Chříč,Czech Republic,
1599805670,2026-09-06,3.8,"",Tychy ,Juodas,Lager - Dark,6.7,Būsi Trečias,Lithuania,Būsi Trečias
1599805837,2026-09-06,2.0,Jubiliejinį tokį būdą išvirė? Nu saves reikia tiek negerbti. Saldžiai bjaurus sintetinis ir visiškai be putos - mutalas. Kriauklės vertas egzempliorius.,Vilnius. Lithuania.,TWELVE Triple Jungle Coco IPA,IPA - Triple New England / Hazy,8.0,Волинський бровар,Ukraine,Satyrikon'o Būdelė
1599806536,2026-09-06,3.8,there was a special time severe this was number one but no longer. still a great drink,"",Nectar of Happiness 17,IPA - New England / Hazy,7.0,Pivovar ZICHOVEC,Czech Republic,
1599807460,2026-09-06,3.3,pretty good but not NOH!!! in fairness it IS juicy,"",Juicy Lucy 15,IPA - New England / Hazy,6.5,Pivovar ZICHOVEC,Czech Republic,
1599808294,2026-09-06,3.3,straight up had no clue this was zichovec but yeah solid lager i'm not about that lifestyle though,"",Krahulík 12,Pilsner - Czech / Bohemian,5.1,Pivovar ZICHOVEC,Czech Republic,
1599808668,2026-09-06,3.5,threw up so hard on this but it was delicious slightly better the first time round,"",Seismic Love 17,IPA - New Zealand,7.0,Pivovar ZICHOVEC,Czech Republic,
1599808992,2026-09-06,5.0,"","Tallinn, Estonia",Špunka Pils,Pilsner - Czech / Bohemian,4.8,Dundulis,Lithuania,Šnekutis
1599809043,2026-09-06,2.0,first beer I ever had and it's mid,"",Beck's,Pilsner - German,4.9,Brauerei Beck,Germany,
1599809439,2026-09-06,5.0,"","Tallinn, Estonia",Helles,Lager - Helles,4.7,Brauerei Wagner Merkendorf,Germany,Alaus Biblioteka
1599809718,2026-09-06,1.5,since working in a place that served madri I would rather be dead than a madri guy,"",Madrí Excepcional,Lager - Pale,4.6,LA SAGRA,Spain,
1599809729,2026-09-06,5.0,"","Tallinn, Estonia",Märzen,Märzen,5.5,Brauerei Wagner Merkendorf,Germany,Alaus Biblioteka
1599810009,2026-09-06,2.0,the least bad of the beers at the bar we had but also not good,"",Atlantic,Pale Ale - English,4.2,Sharp's Brewery,England,
1599810118,2026-09-06,5.0,"","Tallinn, Estonia",Alaus Biblioteka | 400 (Bourbon Barrel Aged 2024),Stout - Imperial / Double Milk,11.5,Alaus Biblioteka ,Lithuania,Alaus Biblioteka
1599810415,2026-09-06,5.0,"","Tallinn, Estonia",Domocile,Pale Ale - American,5.0,Sofia Electric Brewing ,Bulgaria,Alaus Biblioteka
1599810669,2026-09-06,5.0,"","Tallinn, Estonia",Oesterstout,Stout - Oyster,8.5,Scheldebrouwerij,Belgium,Alaus Biblioteka
1599813011,2026-09-06,4.3,"","",Искусственный интеллект,IPA - Triple New England / Hazy,9.0,White Stone ,Russia,
1599815394,2026-09-06,2.3,"not great but I have. a lot of memories associated w: visiting granny; in that I never had my own but I had sips. meanwhile i've had a couple of my own and it's been alright m. equally, it's not the culture huh","",Efes Pilsener,Pilsner - Other,5.0,Anadolu Efes,Turkey,
1599816258,2026-09-06,3.5,"",Casa di Alex,Ekstra,Lager - Dortmunder / Export,5.2,Švyturys,Lithuania,BIX Baras
1599818125,2026-09-06,2.8,"","",Ekstra,Lager - Dortmunder / Export,5.2,Švyturys,Lithuania,BIX Baras
1599818947,2026-09-06,4.0,Very nice! Solid piney character.,"Arden, NC",Humulupu IPA,IPA - Session,5.0,Dundulis,Lithuania,BIX Baras
1599820272,2026-09-06,4.3,"","",Gelato: White Fluff,Sour - Smoothie / Pastry,5.5,Funky Fluid,Poland,
1599821409,2026-09-06,3.5,solid weisse after n drinks; this is a great bartender so the beer has a bias,"",Bėganti Kopa (Running Dune),Wheat Beer - Witbier / Blanche,4.5,Brick by Brick (Raudonų Plytų Alaus Dirbtuvės),Lithuania,
1599837762,2026-09-07,4.3,"",Tychy ,Pieprzna Wiśnia Na Miodzie,Mead - Melomel,12.0,Augustowska Miodosytnia,Poland,Vilnius
1599838854,2026-09-07,3.8,"",Vilnius,Penki Mazgai,IPA - New England / Hazy,5.0,Brick by Brick (Raudonų Plytų Alaus Dirbtuvės),Lithuania,Liv_in City
1599839083,2026-09-07,3.3,"",Vilnius ,Jalkapuu,Belgian Strong Golden Ale,9.0,Panimoyhtiö Tuju,Finland,Nisha Craft Capital
1599839172,2026-09-07,3.8,"","",Pieprzna Wiśnia Na Miodzie,Mead - Melomel,12.0,Augustowska Miodosytnia,Poland,Google Lietuva
1599846436,2026-09-07,3.0,hits the notes!!! definitely pretty sharp. it IS weirdly thin but I can live with it,"",Yuzu.Kas?,Lager - Japanese Rice,4.7,Dundulis,Lithuania,
1599847530,2026-09-07,3.5,dude I fw this great bottle banana as fuck,"",Weizen,Wheat Beer - Hefeweizen,4.8,Primátor,Czech Republic,
1599849993,2026-09-07,0.0,"","",Argus Export,Lager - Pale,5.2,Volfas Engelman,Lithuania,Astorija Breakfast
1599850561,2026-09-07,3.5,"",Vilnius,Riserva Aurea Session IPA,Gluten-Free,4.8,Birra Salento,Italy,Naujamiestis
1599850984,2026-09-07,3.8,"",Vilnius,Sassonero/Schwarzenstein 3369,Schwarzbier,4.8,Monpiër de Gherdëina,Italy,Naujamiestis
1599851379,2026-09-07,4.0,"",Vilnius,Chariot of Sól 16,IPA - New England / Hazy,6.8,Pivovar ZICHOVEC,Czech Republic,Naujamiestis
1599851846,2026-09-07,3.8,"",Tychy,Pieprzna Wiśnia Na Miodzie,Mead - Melomel,12.0,Augustowska Miodosytnia,Poland,Žemaitijos Gatvė
1599862783,2026-09-07,4.5,"",Slonim,Chimay Dorée (Gold),Belgian Enkel / Patersbier,4.8,Bières de Chimay,Belgium,Brussels Mussels Centrum
1599863644,2026-09-07,5.0,"",Slonim,Duchesse de Bourgogne,Sour - Flanders Red Ale,6.2,Brouwerij Verhaeghe,Belgium,Brussels Mussels Centrum
1599864736,2026-09-07,3.0,"","",Lengvas Vasaros / Light Summer,Lager - Pale,4.8,Vilniaus Alus,Lithuania,
1599865402,2026-09-07,5.0,"",Slonim,Oude Geuze Vieille - Barrel Selection Oude Pijpen (2023),Lambic - Gueuze,6.5,Oud Beersel,Belgium,Brussels Mussels Centrum
1599866033,2026-09-07,5.0,"",Slonim,Oude Kriek,Lambic - Kriek,6.0,Brouwerij 3 Fonteinen,Belgium,Brussels Mussels Centrum
1599866562,2026-09-07,4.3,"",Slonim,Mc Chouffe,Brown Ale - Belgian,8.0,Brasserie d'Achouffe,Belgium,Brussels Mussels Centrum
1599871533,2026-09-07,2.5,"it's doom, you used to get a pint for a pound of this in spoons. o those were the days","",Doom Bar,Bitter - Session / Ordinary,4.0,Sharp's Brewery,England,
1599871984,2026-09-07,2.8,actually a pretty solid slow bitter; would drink this at the bell helston; a conversation sustainer,"",Sea Fury,Bitter - Extra Special / Strong (ESB),5.0,Sharp's Brewery,England,
1599872344,2026-09-07,2.3,often i'm like i'm not into sharps but they do have good stuff; decent enough fizzy stuff if uninspiring,"",Offshore,Pilsner - Czech / Bohemian,4.8,Sharp's Brewery,England,
1599872590,2026-09-07,3.0,I had people swear down this was the bees knees when pumped ; otherwise basically decent if tending to bitter on tap. nice,"",Solar Wave,IPA - New England / Hazy,4.6,Sharp's Brewery,England,
1599873140,2026-09-07,2.5,is it generic as hell yes but there's a patriot in me that adds points for the name alone,"",Korev,Lager - Helles,4.8,St Austell Brewery,England,
1599873458,2026-09-07,2.0,"this is a totallly weird one in that it's an IPA that's totally a bitter, like nothing else in a way so flowers, but I'm not into the aftertaste","",Proper Job,IPA - English,4.5,St Austell Brewery,England,
1599873668,2026-09-07,3.0,"solid bitter, punches in , punches out","",Tribute,Pale Ale - English,4.2,St Austell Brewery,England,
1599873958,2026-09-07,3.0,hits hard as hell at Tinners ily especially after a good ramble,"",Slipway,IPA - Session New England / Hazy,5.0,St Ives Brewery,England,
1599874230,2026-09-07,2.8,I think I watched marty supreme with this in hand. decent ipa,"",Alora,IPA - New England / Hazy,6.0,St Ives Brewery,England,
1599874609,2026-09-07,2.8,"cool, I like shoals. good on ye. a creative lager (who knew?)","",Seafoam,Lager - Pale,5.0,Shoals Brewery,England,
1599923935,2026-09-07,3.3,ペットボトル入りのビール。味は美味しくはない笑,Tokyo,Šviesusis Alus,Lager - Pale,5.0,Utenos Alus,Lithuania,Alexa Old Town Hotel/Viesbutis
1599927073,2026-09-07,3.0,"",Kaunas,Carlsberg,Pilsner - Other,5.0,Carlsberg Group,Denmark,Vilniaus oro uostas | Vilnius International Airport (VNO) (Tarptautinis Vilniaus oro uostas)
1599929562,2026-09-07,3.3,Pirma studiju diena,"",Green Monsta IPA,IPA - American,6.1,Wachusett Brewing Company,United States,
1599931795,2026-09-07,5.0,"","",Smoothie Bowl: Fruit Chocolate,Sour - Smoothie / Pastry,5.2,Nepo Brewing,Poland,Kraftaviks
1599934898,2026-09-07,3.3,"","",Tores Šviesusis Alus,Lager - Pale,5.5,Tores,Lithuania,Tores Bravoras
1599934934,2026-09-07,3.3,"","",Kvietinis,Wheat Beer - Hefeweizen,5.8,Tores,Lithuania,Tores Bravoras
1599934967,2026-09-07,3.5,"","",Tamsusis Alus,Lager - Dark,5.0,Tores,Lithuania,Tores Bravoras
1599935051,2026-09-07,3.5,"",Tychy,Kvietinis,Wheat Beer - Hefeweizen,5.8,Tores,Lithuania,Tores Bravoras
1599935109,2026-09-07,3.5,"",Tychy,Tores Šviesusis Alus,Lager - Pale,5.5,Tores,Lithuania,Tores Bravoras
1599935167,2026-09-07,3.8,"",Tychy,Tamsusis Alus,Lager - Dark,5.0,Tores,Lithuania,Tores Bravoras
1599935243,2026-09-07,3.8,"",Tychy ,Tamsusis Alus,Lager - Dark,5.0,Tores,Lithuania,Tores Bravoras
1599935377,2026-09-07,3.0,"",Tychy ,Tores Šviesusis Alus,Lager - Pale,5.5,Tores,Lithuania,Tores Bravoras
1599935413,2026-09-07,3.3,"",Tychy ,Kvietinis,Wheat Beer - Hefeweizen,5.8,Tores,Lithuania,Tores Bravoras
1599940277,2026-09-07,3.0,"",Tychy,Švyturio,Lager - Pale,5.0,Švyturys,Lithuania,Belmonto Kriokliai
1599940447,2026-09-07,3.5,"",Tychy,Baltas (White),Wheat Beer - Hefeweizen,5.0,Švyturys,Lithuania,Belmonto Kriokliai
1599940586,2026-09-07,3.3,"",Tychy,Belmonto Tamsusis,Lager - Dark,5.5,Belmontas,Lithuania,Belmonto Kriokliai
1599940677,2026-09-07,3.3,"",Tychy,Belmontas Light/Belmonto Šviesusis,Pilsner - Other,5.0,Belmontas,Lithuania,Belmonto Kriokliai
1599940689,2026-09-07,3.0,"",Tychy ,Belmonto Tamsusis,Lager - Dark,5.5,Belmontas,Lithuania,Belmontas
1599940799,2026-09-07,3.3,"",Tychy ,Belmontas Light/Belmonto Šviesusis,Pilsner - Other,5.0,Belmontas,Lithuania,Belmontas
1599940851,2026-09-07,3.3,"","",Belmonto Tamsusis,Lager - Dark,5.5,Belmontas,Lithuania,Belmonto Kriokliai
1599940937,2026-09-07,3.3,"","",Belmontas Light/Belmonto Šviesusis,Pilsner - Other,5.0,Belmontas,Lithuania,Belmonto Kriokliai
1599941156,2026-09-07,3.0,"",Tychy ,Baltas (White),Wheat Beer - Hefeweizen,5.0,Švyturys,Lithuania,Belmontas
1599941259,2026-09-07,3.0,"",Tychy ,Švyturio,Lager - Pale,5.0,Švyturys,Lithuania,Belmontas
1599941590,2026-09-07,0.0,"",Vilnius,Juice Monster Pipeline Punch,Non-Alcoholic - Energy Drink,0.0,Monster Energy,United States,Liv_in City
1599942078,2026-09-07,2.8,"","",Lager,Lager - Mexican,4.5,Bear & Boar,Lithuania,Alaus kolonėlė
1599943584,2026-09-07,4.0,"","",Bocmano Ūsai (Bosun’s Moustache),IPA - American,6.0,Brick by Brick (Raudonų Plytų Alaus Dirbtuvės),Lithuania,Lukiškių kalėjimas 2.0
1599946046,2026-09-07,3.3,Сладко капец,Gomel - Lucca - München,"Midus ""Medkopio"" (Apple Bochet Session Mead)",Mead - Bochet,6.8,Šušvės Midus,Lithuania,Local Pub
1599946568,2026-09-07,4.5,"",Deutschland ,BRUSSELS MUSSELS NAMŲ ALUS,Belgian Blonde,6.5,BRUSSELS MUSSELS,Lithuania,Brussels Mussels Centrum
1599947077,2026-09-07,4.3,"",Gomel - Lucca - München,It's Coming Home (Final Eight - England),IPA - New England / Hazy,6.2,Funky Fluid,Poland,Local Pub
1599952321,2026-09-07,3.8,"","",It's Coming Home (Final Eight - England),IPA - New England / Hazy,6.2,Funky Fluid,Poland,Local Pub
1599953011,2026-09-07,2.8,"","",Pusele Sviesus Lageris,Lager - Pale,5.2,Craft & Draft Brewpub & Whiskey,Lithuania,Craft & Draft
1599953277,2026-09-07,3.0,"",Tychy,Pusele Sviesus Lageris,Lager - Pale,5.2,Craft & Draft Brewpub & Whiskey,Lithuania,Craft & Draft
1599953538,2026-09-07,3.5,"",Tychy,IPUTĖ (Little IPA),IPA - American,5.1,Craft & Draft Brewpub & Whiskey,Lithuania,Craft & Draft
1599953689,2026-09-07,3.3,"","",IPUTĖ (Little IPA),IPA - American,5.1,Craft & Draft Brewpub & Whiskey,Lithuania,Craft & Draft
1599953832,2026-09-07,3.3,"",Tychy ,IPUTĖ (Little IPA),IPA - American,5.1,Craft & Draft Brewpub & Whiskey,Lithuania,Craft & Draft
1599953863,2026-09-07,3.5,"",Tychy,Tamsi Praeitis (Dark Past),Lager - Dark,4.9,Craft & Draft Brewpub & Whiskey,Lithuania,Craft & Draft
1599954253,2026-09-07,3.0,"","",Česká Pinta Nefiltrované,Kellerbier / Zwickelbier - Kellerpils,5.0,Česká pinta,Czech Republic,
1599954515,2026-09-07,3.0,"",Tychy ,Tamsi Praeitis (Dark Past),Lager - Dark,4.9,Craft & Draft Brewpub & Whiskey,Lithuania,Craft & Draft
1599955937,2026-09-07,3.8,"","","Midus ""Bičiulių"" (Strawberry & Elderflower Session Mead)",Mead - Session / Short,7.2,Šušvės Midus,Lithuania,Local Pub
1599956500,2026-09-07,3.0,"",Tychy ,Pusele Sviesus Lageris,Lager - Pale,5.2,Craft & Draft Brewpub & Whiskey,Lithuania,Craft & Draft
1599959980,2026-09-07,4.3,"","",Fleurs D'Automne,IPA - Imperial / Double,8.4,Brasserie Sir John Brewing Co.,Canada,Nisha Craft Capital
1599961071,2026-09-07,4.0,"","",Prysma: Galaxy,IPA - New England / Hazy,6.5,Funky Fluid,Poland,Local Pub
1599961562,2026-09-07,4.0,"",Tychy,Kurkas Keptinis,Historical Beer - Keptinis,5.3,Dundulis,Lithuania,Nisha Craft Capital
1599961886,2026-09-07,4.0,"",Tychy ,Gutstoutas,Stout - Oatmeal,5.0,Širvėnos bravoras DUNDULIS,Lithuania,Craft & Draft
1599962071,2026-09-07,4.3,"",Tychy ,Fleurs D'Automne,IPA - Imperial / Double,8.4,Brasserie Sir John Brewing Co.,Canada,Craft & Draft
1599962231,2026-09-07,3.8,"","",Gutstoutas,Stout - Oatmeal,5.0,Dundulis,Lithuania,Nisha Craft Capital
1599962390,2026-09-07,3.5,"","",Kurkas Keptinis,Historical Beer - Keptinis,5.3,Dundulis,Lithuania,Nisha Craft Capital
1599962460,2026-09-07,3.8,"",Tychy ,Kurkas Keptinis,Historical Beer - Keptinis,5.3,Dundulis,Lithuania,Craft & Draft
1599962488,2026-09-07,4.0,"",Tychy,Fleurs D'Automne,IPA - Imperial / Double,8.4,Brasserie Sir John Brewing Co.,Canada,Nisha Craft Capital
1599963047,2026-09-07,3.3,"","",Bistrampolio Dvaro Šviesusis / Bistrampolio Dvaro Light / Muižas Gaišais Alus,Lager - Pale,5.0,Aukštaitijos Bravorai,Lithuania,One for All
1599963217,2026-09-07,3.8,"","",Hitachino Nest Daidai Ale,IPA - Fruited,6.0,Kiuchi Brewery,Japan,Sakai Ramen Bar
1599963301,2026-09-07,2.8,"",Australia,Bistrampolio Dvaro Šviesusis / Bistrampolio Dvaro Light / Muižas Gaišais Alus,Lager - Pale,5.0,Aukštaitijos Bravorai,Lithuania,One for All
1599965144,2026-09-07,3.8,"",Tychy,Gutstoutas,Stout - Oatmeal,5.0,Širvėnos bravoras DUNDULIS,Lithuania,Nisha Craft Capital
1599968028,2026-09-07,5.0,"","",Bourbon Barrel Aged Black Agnes,Mead - Melomel,13.0,Schramm’s Mead,United States,Nisha Craft Capital
1599969158,2026-09-07,4.3,"","",Port Wine X Brandy Barrel Aged Imperial Stout,Stout - Imperial / Double,13.0,Ārpus Brewing Co.,Latvia,Nisha Craft Capital
1599969894,2026-09-07,5.0,"",Tychy ,Bourbon Barrel Aged Black Agnes,Mead - Melomel,13.0,Schramm’s Mead,United States,Craft & Draft
1599971192,2026-09-07,4.5,"",Tychy,Bourbon Barrel Aged Black Agnes,Mead - Melomel,13.0,Schramm’s Mead,United States,Nisha Craft Capital
1599973042,2026-09-07,3.0,"It lacks of thickness you would expect from Double IPA. The sweet level is too high. Aroma, fruitiness are right.","",Pomorzanin,IPA - Imperial / Double New England / Hazy,7.8,Browar Gryfus,Poland,
1599973070,2026-09-07,3.3,"","",ABRAKADABRA [ Drumstasis IPA ],IPA - New England / Hazy,5.4,Dundulis,Lithuania,Špunka
1599973585,2026-09-07,3.5,"",Australia,ABRAKADABRA [ Drumstasis IPA ],IPA - New England / Hazy,5.4,Dundulis,Lithuania,Špunka
1599975670,2026-09-07,4.3,"",Tychy ,Port Wine X Brandy Barrel Aged Imperial Stout,Stout - Imperial / Double,13.0,Ārpus Brewing Co.,Latvia,Craft & Draft
1599976509,2026-09-07,4.3,"",Tychy,Port Wine X Brandy Barrel Aged Imperial Stout,Stout - Imperial / Double,13.0,Ārpus Brewing Co.,Latvia,Nisha Craft Capital
1599976834,2026-09-07,3.5,"",Tychy,Cyrulis,Pilsner - Other,4.9,Širvėnos bravoras DUNDULIS,Lithuania,Nisha Craft Capital
1599976997,2026-09-07,3.8,"","",Malligaattori,IPA - New England / Hazy,7.0,Panimoyhtiö Tuju,Finland,Nisha Craft Capital
1599977597,2026-09-07,3.3,"","",Belmontas Light/Belmonto Šviesusis,Pilsner - Other,5.0,Belmontas,Lithuania,Belmonto Kriokliai
1599977701,2026-09-07,3.5,"","",Belmonto Tamsusis,Lager - Dark,5.5,Belmontas,Lithuania,Belmonto Kriokliai
1599977813,2026-09-07,3.5,"","",Belmonto Tamsusis,Lager - Dark,5.5,Belmontas,Lithuania,Belmonto Kriokliai
1599977969,2026-09-07,3.0,"","",Belmontas Light/Belmonto Šviesusis,Pilsner - Other,5.0,Belmontas,Lithuania,Belmonto Kriokliai
1599978164,2026-09-07,1.5,"",Tychy ,Cyrulis,Pilsner - Other,4.9,Širvėnos bravoras DUNDULIS,Lithuania,Craft & Draft
1599978536,2026-09-07,2.0,"","",Cyrulis,Pilsner - Other,4.9,Širvėnos bravoras DUNDULIS,Lithuania,Nisha Craft Capital
1599978973,2026-09-07,4.0,"","",Dodo,IPA - Fruited,6.0,Browar Artezan,Poland,
1599979021,2026-09-07,3.5,"",Vilnius,Konrad 11° / Vratislavický ležák,Pilsner - Czech / Bohemian,4.8,Pivovar Vratislavice nad Nisou,Czech Republic,Aquarius Brewery
1599979280,2026-09-07,4.3,"","",Chimay Première (Red),Belgian Dubbel,7.0,Bières de Chimay,Belgium,
1599980212,2026-09-07,4.0,"","","Midus ""Medkopio"" (Apple Bochet Session Mead)",Mead - Bochet,6.8,Šušvės Midus,Lithuania,Local Pub
1599983614,2026-09-07,4.0,"",Tychy ,Malligaattori,IPA - New England / Hazy,7.0,Panimoyhtiö Tuju,Finland,Craft & Draft
1599984105,2026-09-07,3.5,"","",Kanapinis Šviesusis / Kanapinis Light,Kellerbier / Zwickelbier,5.1,Aukštaitijos Bravorai,Lithuania,
1599985827,2026-09-07,3.8,"",Vilnius,Penki Mazgai,IPA - New England / Hazy,5.0,Brick by Brick (Raudonų Plytų Alaus Dirbtuvės),Lithuania,Liv_in City
1599986294,2026-09-07,3.8,"",Vilnius,Penki Mazgai,IPA - New England / Hazy,5.0,Brick by Brick (Raudonų Plytų Alaus Dirbtuvės),Lithuania,Liv_in City
1599987479,2026-09-07,3.0,"","",Monster Toybox,IPA - Other,7.4,Strange Toys,Ukraine,Nisha Craft Capital
1599990506,2026-09-07,3.0,"",Tychy ,Monster Toybox,IPA - Other,7.4,Strange Toys,Ukraine,Craft & Draft
1599991706,2026-09-07,3.5,"",Australia,Debesainis,Wheat Beer - Hefeweizen,4.5,Širvėnos bravoras DUNDULIS,Lithuania,Flow Bar
1599991727,2026-09-07,3.8,"",Tychy,Malligaattori,IPA - New England / Hazy,7.0,Panimoyhtiö Tuju,Finland,Nisha Craft Capital
1599992275,2026-09-07,3.0,"","",Północne Mocne (Belgian Dubbel),Belgian Dubbel,7.5,Browar Północny,Poland,
1599992301,2026-09-07,3.8,"",Tychy,Monster Toybox,IPA - Other,7.4,Strange Toys,Ukraine,Nisha Craft Capital
1599992593,2026-09-07,4.0,"","",ABRAKADABRA [ Drumstasis IPA ],IPA - New England / Hazy,5.4,Dundulis,Lithuania,Smagus Raugas beershop
1599993119,2026-09-07,4.0,"","",Gelato XTREME: Blueberry Cheesecake Scoop,Sour - Smoothie / Pastry,8.0,Funky Fluid,Poland,Local Pub
1599993393,2026-09-07,2.3,"","",Gubernija Ekstra / Extra Lager,Lager - Helles,5.2,Gubernija Brewery,Lithuania,Paupio turgus
1599993961,2026-09-07,4.0,"",Eindhoven,Mango Milkshake APA,Pale Ale - Milkshake,5.2,Green Monster Brewery,Lithuania,Šnekutis
1599994341,2026-09-07,4.3,"",Kaunas,Mango X Pineapple Gose,Sour - Fruited Gose,4.5,Ārpus Brewing Co.,Latvia,Manga
1599994643,2026-09-07,3.0,"","",Kadaginis Kolsch Šviesusis,Kölsch,4.6,Aukštaitijos Bravorai,Lithuania,
1599994964,2026-09-07,3.8,"","",Dark Forest / Tamsus Miškas,Porter - Baltic,6.0,Genys Brewing Co.,Lithuania,Beer House
1599995445,2026-09-07,3.5,"",Eindhoven,Midus,Mead - Session / Short,6.0,Lietuviškas Midus,Lithuania,Šnekutis
1599997024,2026-09-07,3.5,"","",Debesainis,Wheat Beer - Hefeweizen,4.5,Širvėnos bravoras DUNDULIS,Lithuania,Flow Bar
1599997129,2026-09-07,4.0,"Nice creamy head. Very Blue Moon-ish. Orange citrus pervades, with other herbal wheaty flavors.","Arden, NC",1664 Blanc,Wheat Beer - Witbier / Blanche,5.0,Brasseries Kronenbourg,France,Guacamole
1599999852,2026-09-07,3.8,"","",Hop Series: Hazy IPA (Batch 12),IPA - New England / Hazy,5.5,Dūmų Brewery,Lithuania,Alaus kolonėlė
1600001264,2026-09-07,3.5,"",Vilnius,Reloaded,IPA - Session,5.8,Tanker Brewery,Estonia,Liv_in City
1600001910,2026-09-07,3.8,"","",Gelato: Tropical Shake 2026,Sour - Smoothie / Pastry,5.5,Funky Fluid,Poland,Local Pub
1600003390,2026-09-07,3.3,"","",Kurkas Keptinis,Historical Beer - Keptinis,5.3,Dundulis,Lithuania,Beer House
1600003916,2026-09-07,3.8,"","",ECHO the 10th Edition,Porter - Imperial / Double Baltic,10.0,Nepo Brewing,Poland,Local Pub
1600006122,2026-09-07,2.0,oj,Kaunas,Fehér Nyúl IPA,IPA - American,6.0,Fehér Nyúl,Hungary,
1600006132,2026-09-07,2.3,"","",Fehér Nyúl IPA,IPA - American,6.0,Fehér Nyúl,Hungary,
1600007493,2026-09-07,4.3,Заўжды прыемна бахнуць Шленкерлу,Kyiv,Aecht Schlenkerla Erle – Schwarzbier,Rauchbier,4.2,"Schlenkerla (""Heller-Bräu"" Trum)",Germany,Alaus Biblioteka
1600008081,2026-09-07,3.3,"","",Bud Terminal IPA,IPA - American,6.3,Fehér Nyúl,Hungary,
1600008180,2026-09-07,3.3,prieš skrydį,Kaunas,Bud Terminal IPA,IPA - American,6.3,Fehér Nyúl,Hungary,
1600009301,2026-09-07,4.0,"",Tychy ,Origin IPA,IPA - New England / Hazy,5.8,Basker Brewing Co.,Lithuania,Alaus kolonėlė
1600009305,2026-09-07,3.8,"",Tychy,Hop Series: Hazy IPA (Batch 12),IPA - New England / Hazy,5.5,Dūmų Brewery,Lithuania,Alaus kolonėlė
1600009553,2026-09-07,4.3,"",Tychy ,Hop Series: Hazy IPA (Batch 12),IPA - New England / Hazy,5.5,Dūmų Brewery,Lithuania,Alaus kolonėlė
1600009677,2026-09-07,3.5,"",Tychy,Origin IPA,IPA - New England / Hazy,5.8,Basker Brewing Co.,Lithuania,Alaus kolonėlė
1600011587,2026-09-07,4.0,"",Vilnius ,Overflow Squared (2026),IPA - Imperial / Double New England / Hazy,8.4,Sofia Electric Brewing ,Bulgaria,Alaus Biblioteka
1600012763,2026-09-07,3.5,"","",Nightdream Stout,Stout - Milk / Sweet,5.0,Basker Brewing Co.,Lithuania,Šnekutis
1600014409,2026-09-07,3.5,"",Tychy,Tinginio Pantis - Obuolių,Cider - Traditional / Apfelwein,4.5,Gubernija Brewery,Lithuania,Alaus kolonėlė
1600014977,2026-09-07,3.3,alaus skonio alus,Kaunas,König Pilsener,Pilsner - German,4.9,König Brauerei,Germany,
1600015395,2026-09-07,0.0,"",Vilnius,Spyglys,IPA - Session,5.3,Pilialaukis,Lithuania,Liv_in City
1600015715,2026-09-07,2.5,"","",Beerville Tamsusis,Lager - Dark,5.3,Aukštaitijos Bravorai,Lithuania,
1600016187,2026-09-07,3.5,"",Tychy,Humulupu IPA,IPA - Session,5.0,Dundulis,Lithuania,Alaus kolonėlė
1600017093,2026-09-07,3.3,"",Tychy ,Humulupu IPA,IPA - Session,5.0,Dundulis,Lithuania,Alaus kolonėlė
1600017978,2026-09-07,3.8,"",Tychy ,Tinginio Pantis - Obuolių,Cider - Traditional / Apfelwein,4.5,Gubernija Brewery,Lithuania,Alaus kolonėlė
1600018153,2026-09-07,3.8,"","",HARD Kombucha Mango Passion,Hard Kombucha / Jun,5.0,Genys Brewing Co.,Lithuania,Alaus kolonėlė
1600018305,2026-09-07,3.5,"","",Tinginio Pantis - Obuolių,Cider - Traditional / Apfelwein,4.5,Gubernija Brewery,Lithuania,Alaus kolonėlė
1600018466,2026-09-07,3.5,"","",Humulupu IPA,IPA - Session,5.0,Dundulis,Lithuania,Alaus kolonėlė
1600018879,2026-09-07,3.5,"",Tychy ,HARD Kombucha Mango Passion,Hard Kombucha / Jun,5.0,Genys Brewing Co.,Lithuania,Alaus kolonėlė
1600019037,2026-09-07,4.5,"",LTU,The Doorway Effect,IPA - Imperial / Double New England / Hazy,8.0,Verdant Brewing Co,England,Nisha Craft Capital
1600019295,2026-09-07,0.0,"",Tychy,HARD Kombucha Mango Passion,Hard Kombucha / Jun,5.0,Genys Brewing Co.,Lithuania,Alaus kolonėlė
1600021992,2026-09-07,2.8,"","",Ekstra,Lager - Dortmunder / Export,5.2,Švyturys,Lithuania,7 Fridays Reformatu
1600023471,2026-09-07,4.0,"A nice sweet offering. Belgian notes. Thanks for sharing, Brad!","Arden, NC",Tradiciškas,Lager - Pale,6.0,Volfas Engelman,Lithuania,Radisson Blu Hotel Lietuva
1600024589,2026-09-07,2.8,"","",Bud Terminal Wheat,Wheat Beer - Hefeweizen,4.8,Fehér Nyúl,Hungary,
1600025456,2026-09-07,3.0,"","",Münchner (Munich) Gold,Lager - Dortmunder / Export,5.5,Hacker-Pschorr,Germany,
1600026388,2026-09-07,3.5,"","",1410 Lager/Šviesusis,Lager - Pale,5.3,Volfas Engelman,Lithuania,Vilnius
1600027307,2026-09-07,3.8,"","",Pomegranate Lime Gose,Sour - Fruited Gose,4.8,Bear & Boar,Lithuania,Local Pub
1600028126,2026-09-07,4.0,Tipiškas NZ. Klasika. Skanu. Ir nėra ką daugiau pasakyti. Gerkite ir mėgaukitės. Aleliuja.,Vilnius. Lithuania.,Hop Selection: Riwaka,IPA - New England / Hazy,6.5,PINTA,Poland,Satyrikon'o Būdelė
1600028614,2026-09-07,2.3,"","",Beerville Šviesusis / Gaišais Alus / Light,Lager - Pale,5.1,Aukštaitijos Bravorai,Lithuania,
1600032653,2026-09-07,3.5,"","",Alaus Laiskai,Pale Ale - Other,5.4,Alaus Laiskai,Lithuania,iBar
1600032961,2026-09-07,2.3,"","",IBar Light,Lager - Pale,5.0,Volfas Engelman,Lithuania,iBar
1600033284,2026-09-07,3.3,"","",Spaten Oktoberfestbier,Festbier,5.9,Spaten-Franziskaner-Löwenbräu-Gruppe,Germany,iBar
1600033315,2026-09-07,3.0,"",Tychy,Alaus Laiskai,Pale Ale - Other,5.4,Alaus Laiskai,Lithuania,iBar
1600033555,2026-09-07,2.8,"","",Mango Milkshake,Pale Ale - Milkshake,5.6,Volfas Engelman,Lithuania,iBar
1600033591,2026-09-07,2.8,"",Tychy,IBar Light,Lager - Pale,5.0,Volfas Engelman,Lithuania,
1600034000,2026-09-07,2.8,"",Tychy,Mango Milkshake,Pale Ale - Milkshake,5.6,Volfas Engelman,Lithuania,iBar
1600034177,2026-09-07,3.3,"","",Jurgenborg,Lager - Pale,4.8,Klausučių Bravoras (UAB Armėniukas),Lithuania,iBar
1600034514,2026-09-07,3.5,"",Tychy,Blanc,Wheat Beer - Witbier / Blanche,5.0,Volfas Engelman,Lithuania,iBar
1600034795,2026-09-07,3.3,"","",Galvė,Pale Ale - Other,5.0,Pilialaukis,Lithuania,Vilnius
1600035015,2026-09-07,3.0,"",Tychy,Jurgenborg,Lager - Pale,4.8,Klausučių Bravoras (UAB Armėniukas),Lithuania,iBar
1600035047,2026-09-07,3.5,"","",Premium Cider,Cider - Traditional / Apfelwein,4.5,Westons Cider,England,iBar
1600035254,2026-09-07,3.5,"",Tychy,Premium Cider,Cider - Traditional / Apfelwein,4.5,Westons Cider,England,iBar
1600035339,2026-09-07,3.5,"","",HARD Kombucha Cherry Blossom,Hard Kombucha / Jun,5.0,Genys Brewing Co.,Lithuania,iBar
1600035719,2026-09-07,3.5,"",Tychy,HARD Kombucha Cherry Blossom,Hard Kombucha / Jun,5.0,Genys Brewing Co.,Lithuania,iBar
1600035731,2026-09-07,2.0,"","",Green Monster IPA,IPA - American,6.0,Green Monster Brewery,Lithuania,iBar
1600036126,2026-09-07,3.5,"","",Radler Grapefruit,Shandy / Radler,5.0,Rinkuškiai,Lithuania,iBar
1600036287,2026-09-07,3.5,"",Tychy,Green Monster IPA,IPA - American,6.0,Green Monster Brewery,Lithuania,
1600036496,2026-09-07,3.5,"","",Volfas Engelman BMI Alumni Special Edition Gelato Blueberry Ale,Fruit Beer,0.0,Volfas Engelman,Lithuania,iBar
1600036662,2026-09-07,0.0,"",Tychy,Radler Grapefruit,Shandy / Radler,5.0,Rinkuškiai,Lithuania,iBar
1600036916,2026-09-07,3.5,"",Tychy,Volfas Engelman BMI Alumni Special Edition Gelato Blueberry Ale,Fruit Beer,0.0,Volfas Engelman,Lithuania,iBar
1600038480,2026-09-07,3.5,"","",English Porter,Porter - English,5.4,Bear & Boar,Lithuania,Local Pub
1600042971,2026-09-08,4.0,"Light bodied. Sweet, malty, roasty. Solid.","Arden, NC",Baltic Porter,Porter - Baltic,6.0,Volfas Engelman,Lithuania,Radisson Blu Hotel Lietuva
1600046554,2026-09-08,3.3,"","",Golden Gate,IPA - American,7.0,Browar Cztery Ściany / Four Walls Brewery,Poland,"„Lietuvos aido“ galerija  | Gallery ""Lietuvos aidas"""
1600047948,2026-09-08,3.0,"","",Kalnapilis Original,Lager - Pale,5.0,Kalnapilis Brewery,Lithuania,Panorama Hotel Vilnius
1600049238,2026-09-08,3.3,"",Tychy ,Golden Gate,IPA - American,7.0,Browar Cztery Ściany / Four Walls Brewery,Poland,Vilnius
1600051637,2026-09-08,4.0,"",Tychy ,Californication / Kalifornikacija,Pale Ale - American,4.5,Genys Brewing Co.,Lithuania,
1600051947,2026-09-08,3.5,"","",Californication / Kalifornikacija,Pale Ale - American,4.5,Genys Brewing Co.,Lithuania,Exit Room
1600051985,2026-09-08,3.0,"",Tychy ,Californication / Kalifornikacija,Pale Ale - American,4.5,Genys Brewing Co.,Lithuania,Vilnius
1600052672,2026-09-08,3.8,"",Tychy,Golden Gate,IPA - American,7.0,Browar Cztery Ściany / Four Walls Brewery,Poland,Žemaitijos Gatvė
1600053080,2026-09-08,3.5,"",Tychy,Californication / Kalifornikacija,Pale Ale - American,4.5,Genys Brewing Co.,Lithuania,Žemaitijos Gatvė
1600053556,2026-09-08,3.5,"",Vilnius ,Margarita Gose,Sour - Traditional Gose,4.3,Sakiškės Brewery / Sakiškių Alus,Lithuania,Untappd at Home
1600056825,2026-09-08,3.3,"",Tychy ,Spring Night Adventure / Nuotykis Pavasario Naktį,Pale Ale - Other,4.5,Genys Brewing Co.,Lithuania,Vilnius
1600060724,2026-09-08,3.3,"",Tychy,Spring Night Adventure / Nuotykis Pavasario Naktį,Pale Ale - Other,4.5,Genys Brewing Co.,Lithuania,Žemaitijos Gatvė
1600096673,2026-09-08,3.5,"",Tychy ,Volfas Engelman BMI Alumni Special Edition Gelato Blueberry Ale,Fruit Beer,0.0,Volfas Engelman,Lithuania,iBar
1600096688,2026-09-08,3.5,"",Tychy ,HARD Kombucha Cherry Blossom,Hard Kombucha / Jun,5.0,Genys Brewing Co.,Lithuania,iBar
1600096711,2026-09-08,2.5,"",Tychy ,Green Monster IPA,IPA - American,6.0,Green Monster Brewery,Lithuania,iBar
1600096780,2026-09-08,3.5,"",Tychy ,Jurgenborg,Lager - Pale,4.8,Klausučių Bravoras (UAB Armėniukas),Lithuania,iBar
1600096798,2026-09-08,2.8,"",Tychy ,IBar Light,Lager - Pale,5.0,Volfas Engelman,Lithuania,iBar
1600096810,2026-09-08,3.5,"",Tychy ,Radler Grapefruit,Shandy / Radler,5.0,Rinkuškiai,Lithuania,iBar
1600096868,2026-09-08,3.0,"","","Goma 3 ""Gluten free""",Pale Ale - Other,5.0,La Gavach,Spain,
1600096887,2026-09-08,3.5,"",Tychy ,Alaus Laiskai,Pale Ale - Other,5.4,Alaus Laiskai,Lithuania,iBar
1600096912,2026-09-08,3.3,"",Tychy ,Premium Cider,Cider - Traditional / Apfelwein,4.5,Westons Cider,England,iBar
1600098900,2026-09-08,4.0,"",Kapsukas,"The Roots - IPA Nelson Sauvin, Citra, Mosaic (Spectrum & Amplifier Oil)",IPA - American,6.0,Maryensztadt,Poland,Šaknys
1600099606,2026-09-08,3.3,"","",Špikis,Non-Alcoholic - Other Beer,0.0,Širvėnos bravoras DUNDULIS,Lithuania,
1600100280,2026-09-08,4.5,"","",Baltas (White),Wheat Beer - Hefeweizen,5.0,Švyturys,Lithuania,
1600100314,2026-09-08,4.5,"","",Varniukų Tamsus,Dark Ale,5.2,Davra Alaus Darykla,Lithuania,
1600102045,2026-09-08,0.0,"",Vilnius,Juice Monster Rio Punch,Non-Alcoholic - Energy Drink,0.0,Monster Energy,United States,Liv_in City
1600102595,2026-09-08,5.0,"Sunshine. sun shine? Yep 
Pineapple mango. mango pineapple? Yep
Mental performance👍
Natural energy 👍","",Brite,Lager - American Light,4.3,O.H.S.O. Brewery,United States,
1600103536,2026-09-08,3.8,"","",Hofbräu Original,Lager - Helles,5.1,Staatliches Hofbräuhaus München,Germany,Beer House
1600104546,2026-09-08,2.5,"","",Argus Lager,Lager - Pale,4.9,Lidl Deutschland / Germany,Germany,
1600105789,2026-09-08,3.5,"",Australia,Kaimiškas,Historical Beer - Keptinis,4.7,Ramūnas Čižas – Čižo Alus,Lithuania,Šnekutis
1600105823,2026-09-08,3.8,"","",Kaimiškas,Historical Beer - Keptinis,4.7,Ramūnas Čižas – Čižo Alus,Lithuania,Šnekutis
1600106519,2026-09-08,3.0,"","",Retro,Kvass,1.2,Vilniaus Alus,Lithuania,Šnekutis
1600106707,2026-09-08,3.3,"Liquid bread, you'd only have one",Australia,Retro,Kvass,1.2,Vilniaus Alus,Lithuania,Šnekutis
1600106796,2026-09-08,3.5,Doesnt taste as strong as it says,"",Kalnapilis 7.30,Lager - Strong,7.3,Kalnapilis Brewery,Lithuania,Čeburekinė
1600107687,2026-09-08,3.3,"","",Bryggmästarens Premium Gold,Pilsner - Other,5.7,Åbro Bryggeri,Sweden,
1600108071,2026-09-08,2.8,"","",Nealkoholinis,Non-Alcoholic - Pale Ale,0.0,Vilkmerges Alus,Lithuania,Kraftaviks
1600108119,2026-09-08,3.0,"","",Guinness Draught 0.0,Non-Alcoholic - Porter / Stout,0.0,Guinness,Ireland,Kraftaviks
1600108531,2026-09-08,4.0,"",Australia,Humulupu IPA,IPA - Session,5.0,Dundulis,Lithuania,Šnekutis
1600108785,2026-09-08,3.8,"","",Humulupu IPA,IPA - Session,5.0,Dundulis,Lithuania,Šnekutis
1600108877,2026-09-08,4.0,"",Praha,Kalnapilis Original,Lager - Pale,5.0,Kalnapilis Brewery,Lithuania,Kavinė čėburėkinė
1600108887,2026-09-08,3.3,"","",Nida,Wheat Beer - Other,4.6,Bear & Boar,Lithuania,
1600109446,2026-09-08,2.8,"","",Småland,Pilsner - Czech / Bohemian,5.2,Åbro Bryggeri,Sweden,
1600109951,2026-09-08,3.3,"","",Pusele Sviesus Lageris,Lager - Pale,5.2,Craft & Draft Brewpub & Whiskey,Lithuania,Craft & Draft
1600112383,2026-09-08,3.3,"","",English Porter,Porter - English,5.4,Bear & Boar,Lithuania,
1600113240,2026-09-08,4.3,"","",Ārpus X Mortalis Brewing Co. Alphonso Mango X Coconut X Sticky Rice X Pineapple Smoothie Sour Ale,Sour - Smoothie / Pastry,4.5,Ārpus Brewing Co.,Latvia,
1600113762,2026-09-08,4.0,"","",Grape X Red Currant X Strawberry X Peanut Butter Fruited Gose,Sour - Fruited Gose,4.5,Ārpus Brewing Co.,Latvia,
1600114095,2026-09-08,2.8,"","",Bohemijos Tamsusis,Lager - Tmavé (Czech Dark),4.2,Volfas Engelman,Lithuania,
1600114595,2026-09-08,3.5,"O, nesupelijęs 👍","",Lager,Lager - Mexican,4.5,Bear & Boar,Lithuania,Alaus kolonėlė
1600116248,2026-09-08,2.3,"","",Baltas (White),Wheat Beer - Hefeweizen,5.0,Švyturys,Lithuania,Decantus
1600116365,2026-09-08,4.3,"Finally, I'm on a beer dedicated vacation.","Haifa, IL",Angry Rooster,Stout - Imperial / Double Pastry,11.0,Seven Island Brewery,Greece,Nisha Craft Capital
1600116800,2026-09-08,2.3,"","",Simkala APA,Pale Ale - American,5.0,Širvėnos bravoras DUNDULIS,Lithuania,
1600116881,2026-09-08,2.8,"","",Grynas,Lager - Pale,5.0,Širvėnos bravoras DUNDULIS,Lithuania,
1600117001,2026-09-08,3.0,"","",Ekstra,Lager - Dortmunder / Export,5.2,Švyturys,Lithuania,
1600118732,2026-09-08,2.8,"",Vilnius,Daujotų,Lager - Other,5.2,Davra Alaus Darykla,Lithuania,"Artistai, live music pub"
1600119495,2026-09-08,0.0,"",Espoo,It's Coming Home (Final Eight - England),IPA - New England / Hazy,6.2,Funky Fluid,Poland,Local Pub
1600119609,2026-09-08,0.0,Some diacetyl but could be the tap :(,Espoo,Mera IPA,IPA - American,6.5,Browar Artezan,Poland,Local Pub
1600119710,2026-09-08,3.5,"","",Gubernija Sauvin-On IPA,IPA - Session,4.5,Gubernija Brewery,Lithuania,Alaus Dėžė
1600120579,2026-09-08,3.0,"","Haifa, IL",Tafelmede,Mead - Traditional,8.5,De Noordelijke Mederij,Netherlands,Obuolys Ir Bite
1600120809,2026-09-08,2.5,"","",Baltijos,Märzen,5.8,Švyturys,Lithuania,Užupio kavinė
1600120971,2026-09-08,3.5,"","Haifa, IL",Sidras Rose,Cider - Rosé,6.7,Sodo sidrinė,Lithuania,Obuolys Ir Bite
1600121567,2026-09-08,3.5,"",Vilnius,Magaryčių,Lager - Amber / Red,5.8,Aukštaitijos Bravorai,Lithuania,Kavuko ir Aliuko būstė
1600122197,2026-09-08,2.0,"","",Argus Pils,Pilsner - German,4.9,Lidl Deutschland / Germany,Germany,
1600123055,2026-09-08,0.0,"",KCMO,Penki Mazgai,IPA - New England / Hazy,5.0,Brick by Brick (Raudonų Plytų Alaus Dirbtuvės),Lithuania,Lukiškių kalėjimas 2.0
1600123128,2026-09-08,0.0,"",Kansas City,Penki Mazgai,IPA - New England / Hazy,5.0,Brick by Brick (Raudonų Plytų Alaus Dirbtuvės),Lithuania,Lukiškių kalėjimas 2.0
1600123836,2026-09-08,4.0,"","",Pineapple Breeze,IPA - Milkshake,5.5,Bear & Boar,Lithuania,
1600123895,2026-09-08,3.0,"","",Spaten Münchner Hell / Premium Lager,Lager - Helles,5.2,Spaten-Franziskaner-Löwenbräu-Gruppe,Germany,
1600123972,2026-09-08,3.8,"","Haifa, IL",It's Coming Home (Final Eight - England),IPA - New England / Hazy,6.2,Funky Fluid,Poland,Local Pub
1600125243,2026-09-08,0.3,"","",Argus Export,Lager - Pale,5.2,Volfas Engelman,Lithuania,
1600125348,2026-09-08,1.3,"","",Argus Pils,Pilsner - German,4.9,Lidl Deutschland / Germany,Germany,
1600125431,2026-09-08,0.8,"","",Argus Export,Lager - Pale,5.2,Volfas Engelman,Lithuania,
1600125436,2026-09-08,1.5,"","",Argus Lager,Lager - Pale,4.9,Lidl Deutschland / Germany,Germany,
1600125490,2026-09-08,3.5,"","",Firminis Gabi,Blonde / Golden Ale - Other,5.2,Restoranas GABI,Lithuania,Gabi
1600125517,2026-09-08,1.3,"","","Raudony Plytu „Bocmano üsai"" IPA",Cider - Sweet,0.0,Raudony,Lithuania,
1600125797,2026-09-08,2.5,"","",Coors Light,Lager - American Light,4.2,Coors Brewing Company,United States,
1600125990,2026-09-08,2.5,"","",Bud Light,Lager - American Light,4.2,Anheuser-Busch,United States,
1600126054,2026-09-08,2.0,"","",Budweiser,Lager - American,5.0,Anheuser-Busch,United States,
1600126428,2026-09-08,3.5,"","",Leo Beer,Lager - Pale,5.0,Boon Rawd Brewery,Thailand,
1600126517,2026-09-08,3.8,"","",Chang Classic,Lager - Pale,5.0,Thai Beverage PLC,Thailand,
1600126788,2026-09-08,3.5,"",Vilnius,Mystery Meat,Sour - Tomato / Vegetable Gose,4.8,Tuletorn Brewing,Estonia,Gero alaus parduotuvė
1600127026,2026-09-08,4.0,"","",Singha,Lager - Pale,5.0,Boon Rawd Brewery,Thailand,
1600127073,2026-09-08,4.3,"","",Publijus Palemonas,Porter - Baltic,7.2,Širvėnos bravoras DUNDULIS,Lithuania,Gero alaus parduotuvė
1600127191,2026-09-08,1.5,"","",Erdinger Weißbier / Hefe-Weizen,Wheat Beer - Hefeweizen,5.3,Erdinger Weissbräu,Germany,
1600127316,2026-09-08,3.5,"","",Kalnapilis White Select,Wheat Beer - Witbier / Blanche,5.0,Kalnapilis Brewery,Lithuania,Solt Dining
1600127364,2026-09-08,4.0,"",Vilnius,Publijus Palemonas,Porter - Baltic,7.2,Širvėnos bravoras DUNDULIS,Lithuania,Gero alaus parduotuvė
1600127374,2026-09-08,1.0,"","",Bock Hell,Bock - Hell / Maibock / Lentebock,7.0,Brauerei Simon,Germany,
1600128352,2026-09-08,3.0,"","Haifa, IL",Pomegranate Lime Gose,Sour - Fruited Gose,4.8,Bear & Boar,Lithuania,Local Pub
1600128867,2026-09-08,3.3,"","Haifa, IL",Kuršių,Mead - Session / Short,6.1,Šušvės Midus,Lithuania,Local Pub
1600128959,2026-09-08,3.5,"","Haifa, IL","Midus ""Medkopio"" (Apple Bochet Session Mead)",Mead - Bochet,6.8,Šušvės Midus,Lithuania,Local Pub
1600129031,2026-09-08,3.8,"","Haifa, IL",Mera IPA,IPA - American,6.5,Browar Artezan,Poland,Local Pub
1600130621,2026-09-08,3.3,"","",Grynas,Lager - Pale,5.0,Širvėnos bravoras DUNDULIS,Lithuania,
1600130814,2026-09-08,3.0,"","",Estrella Galicia Especial,Lager - Helles,5.5,Hijos de Rivera,Spain,
1600131033,2026-09-08,1.8,"","",Löwenbräu Original,Lager - Helles,5.2,Spaten-Franziskaner-Löwenbräu-Gruppe,Germany,
1600131111,2026-09-08,1.8,"","",Oettinger Helles,Lager - Helles,4.7,Oettinger Brauerei,Germany,
1600131336,2026-09-08,2.0,"","",Schankbier,Non-Alcoholic - Lager,0.5,Pyraser Landbrauerei,Germany,
1600131467,2026-09-08,4.0,"","",Zirndorfer Hell,Lager - Helles,4.8,Brauerei Zirndorf,Germany,
1600131893,2026-09-08,0.0,"","",Gösser NaturRadler,Shandy / Radler,2.0,Brauerei Göss,Austria,
1600132007,2026-09-08,2.5,"","",Sternla Helles,Lager - Helles,4.9,Würzburger Hofbräu,Germany,
1600132044,2026-09-08,3.8,"","",It's Coming Home (Final Eight - England),IPA - New England / Hazy,6.2,Funky Fluid,Poland,Local Pub
1600132289,2026-09-08,1.3,"","",Hopfenseer Hell,Lager - Helles,4.9,Norma,Germany,
1600132367,2026-09-08,4.0,"","",Helles,Lager - Helles,4.9,Brauerei Schanzenbräu,Germany,
1600132493,2026-09-08,1.3,"","",Heineken,Lager - Pale,5.0,Heineken,Netherlands,
1600132578,2026-09-08,4.3,"","",Ichnusa Anima Sarda,Lager - Pale,4.7,Ichnusa,Italy,
1600132649,2026-09-08,4.0,"","",Peroni Original,Lager - Pale,4.7,Birra Peroni,Italy,
1600132711,2026-09-08,2.8,"","",Chiemseer Hell,Lager - Helles,4.8,Auerbräu Rosenheimer Spezialitätenbrauerei,Germany,
1600132746,2026-09-08,4.3,"","",Ārpus X Mortalis Brewing Co. Alphonso Mango X Coconut X Sticky Rice X Pineapple Smoothie Sour Ale,Sour - Smoothie / Pastry,4.5,Ārpus Brewing Co.,Latvia,Nisha Craft Capital
1600132822,2026-09-08,4.8,"","",Leinburger Hell,Lager - Helles,4.7,Brauerei Bub,Germany,
1600132850,2026-09-08,4.3,"","",Dia De Los Muertos (Ghost 1042),Stout - Russian Imperial,13.7,Adroit Theory,United States,Nisha Craft Capital
1600132919,2026-09-08,4.3,"","",Dia De Los Muertos (Ghost 1042),Stout - Russian Imperial,13.7,Adroit Theory,United States,Nisha Craft Capital
1600132978,2026-09-08,3.5,"","",Grüner Vollbier Hell / Grünerla,Lager - Helles,4.9,Grüner Bier,Germany,
1600133023,2026-09-08,4.0,"","",Ārpus X Mortalis Brewing Co. Alphonso Mango X Coconut X Sticky Rice X Pineapple Smoothie Sour Ale,Sour - Smoothie / Pastry,4.5,Ārpus Brewing Co.,Latvia,Nisha Craft Capital
1600133030,2026-09-08,3.0,"","",Helles,Lager - Helles,4.9,Pyraser Landbrauerei,Germany,
1600133158,2026-09-08,3.3,"","",Mönchshof Hell,Lager - Helles,4.9,Kulmbacher Brauerei,Germany,
1600133235,2026-09-08,2.5,"","",Zirndorfer Landbier,Lager - Amber / Red,4.9,Brauerei Zirndorf,Germany,
1600133307,2026-09-08,0.5,"","",Rotbier,Lager - Rotbier,4.9,Brauerei Schanzenbräu,Germany,
1600133376,2026-09-08,4.3,"","",Spaten Münchner Hell / Premium Lager,Lager - Helles,5.2,Spaten-Franziskaner-Löwenbräu-Gruppe,Germany,
1600133462,2026-09-08,4.3,"","",Salitos Original,Shandy / Radler,5.9,MBG International Premium Brands,Germany,
1600133718,2026-09-08,1.3,"","",Kulmbacher Edelherb,Pilsner - German,4.9,Kulmbacher Brauerei,Germany,
1600133773,2026-09-08,4.3,"","",Desperados Original,Lager - Other,5.9,Desperados NL,Netherlands,
1600133830,2026-09-08,4.5,"","",Corona Extra,Lager - Mexican,4.5,Grupo Modelo,Mexico,
1600133877,2026-09-08,3.5,"","",Salitos Blue,Shandy / Radler,5.0,MBG International Premium Brands,Germany,
1600133977,2026-09-08,0.3,"","",Guinness Draught,Stout - Irish Dry,4.2,Guinness,Ireland,
1600134082,2026-09-08,2.5,"","",Mönchshof Weihnachtsbier,Lager - Winter,5.6,Kulmbacher Brauerei,Germany,
1600134163,2026-09-08,2.0,"","",Wegseidla,Lager - Helles,4.8,Brauereigasthof Rothenbach,Germany,
1600134223,2026-09-08,3.8,"","",Moko Maukas Akmeninis,Historical Beer - Steinbier,6.4,Dundulis,Lithuania,Špunka
1600134232,2026-09-08,0.5,"","",Breitenlesauer Gaas-Seidla,Shandy / Radler,2.7,Krug-Bräu,Germany,
1600134302,2026-09-08,4.3,"","",Lagerbier Hell,Lager - Helles,5.2,Augustiner-Bräu München,Germany,
1600134375,2026-09-08,4.3,"","",Bayreuther Hell,Lager - Helles,4.9,Bayreuther Bierbrauerei,Germany,
1600134432,2026-09-08,2.5,"","",Hell,Lager - Helles,5.1,Brauerei Simon,Germany,
1600134532,2026-09-08,3.3,"","Haifa, IL",Juodaragio Regyklos Kadaginė IPA,IPA - Farmhouse,5.0,Dundulis,Lithuania,Alaus kolonėlė
1600134632,2026-09-08,3.5,"",Eindhoven,Alaus Kalvė,Pale Ale - American,5.3,Rinkuškiai,Lithuania,Lokys
1600134656,2026-09-08,2.0,"","",Spalter Helles Vollbier,Lager - Helles,4.8,Stadtbrauerei Spalt,Germany,
1600134729,2026-09-08,3.8,"","",Helles Hefeweizen,Wheat Beer - Hefeweizen,5.2,Brauerei Gutmann,Germany,
1600135146,2026-09-08,1.5,Only disappoints,"",Citra IPA,IPA - American,5.4,Bear & Boar,Lithuania,Beer House
1600135765,2026-09-08,3.8,"","",Feldschlößchen Lager Light,Lager - Pale,4.8,Feldschlößchen Dresden,Germany,
1600135775,2026-09-08,3.5,"",Zürich,Mango Passionfruit Sour,Sour - Fruited Gose,5.0,Bear & Boar,Lithuania,Beer House
1600136284,2026-09-08,3.5,"",Australia,Baltijos,Märzen,5.8,Švyturys,Lithuania,Užupio kavinė
1600136807,2026-09-08,2.3,"",Zürich,Citra IPA,IPA - American,5.4,Bear & Boar,Lithuania,Beer House
1600137047,2026-09-08,2.8,"","",Grynas,Lager - Pale,5.0,Širvėnos bravoras DUNDULIS,Lithuania,Savičiaus Špunka
1600137497,2026-09-08,3.3,"","",Organic Tattoo Lager,Lager - Pale,4.0,Genys Brewing Co.,Lithuania,
1600138959,2026-09-08,3.8,"",Vilnius,Brewers Tears,Märzen,5.6,Sofia Electric Brewing ,Bulgaria,Aquarius Brewery
1600139041,2026-09-08,4.3,"","",Juodaragio 6.66,Historical Beer - Gruit / Ancient Herbed Ale,6.7,Dundulis,Lithuania,Savičiaus Špunka
1600140339,2026-09-08,3.5,"",Australia,Grynas,Lager - Pale,5.0,Širvėnos bravoras DUNDULIS,Lithuania,Savičiaus Špunka
1600140435,2026-09-08,3.0,"","",Špunka Pils,Pilsner - Czech / Bohemian,4.8,Dundulis,Lithuania,Savičiaus Špunka
1600141038,2026-09-08,3.8,"",Vilnius,Dundulis Rugine Gira Gardinta Kmynais,Kvass,0.5,Širvėnos bravoras DUNDULIS,Lithuania,Aquarius Brewery
1600141732,2026-09-08,3.3,"",Australia,Špunka Pils,Pilsner - Czech / Bohemian,4.8,Dundulis,Lithuania,Savičiaus Špunka
1600142445,2026-09-08,4.5,"",Kaunas,Blueberry X Grape X Blackberry X Plum X Pineapple Smoothie Sour Ale,Sour - Smoothie / Pastry,4.5,Ārpus Brewing Co.,Latvia,Meta Smoothie
1600142452,2026-09-08,3.0,"","",Simkala APA,Pale Ale - American,5.0,Širvėnos bravoras DUNDULIS,Lithuania,Savičiaus Špunka
1600143484,2026-09-08,3.8,"","",Hazelnut Brown Ale,Brown Ale - English,6.0,Sakiškės Brewery / Sakiškių Alus,Lithuania,
1600143565,2026-09-08,3.5,"","",33,Historical Beer - Keptinis,6.9,Dundulis,Lithuania,Špunka
1600143951,2026-09-08,2.3,Interesting unique flavour,"",Jovarų Šnekutis,Farmhouse Ale - Other,6.0,A. Udrienes I.Į. Jovarų Alus,Lithuania,Šnekutis
1600144128,2026-09-08,3.5,"",Australia,Simkala APA,Pale Ale - American,5.0,Širvėnos bravoras DUNDULIS,Lithuania,Savičiaus Špunka
1600145756,2026-09-08,3.3,"Nieko imperinio nepajaučiau. Arba blogai saugomas buvo, arba tiesiog prastas.",Vilnius,Imperial Porter,Porter - Imperial / Double,8.5,Bubių Dvaro Bravoras,Lithuania,Imperial Hotel
1600145762,2026-09-08,3.8,"",Vilnius,Apynių Sodas ,Kölsch,5.2,Dundulis,Lithuania,Savičiaus Špunka
1600146305,2026-09-08,3.3,"","",Yuzu.Kas?,Lager - Japanese Rice,4.7,Dundulis,Lithuania,Savičiaus Špunka
1600146599,2026-09-08,3.3,"",Australia,Yuzu.Kas?,Lager - Japanese Rice,4.7,Dundulis,Lithuania,Savičiaus Špunka
1600146931,2026-09-08,4.0,"","",Baltijos,Märzen,5.8,Švyturys,Lithuania,Etno Dvaras
1600147643,2026-09-08,3.5,"",Zürich,Seville Sunrise,Sour - Fruited Berliner Weisse,3.8,Eternal Night Brewing,Estonia,Alaus Biblioteka
1600148332,2026-09-08,3.3,"","",Zilgas Humpaliņa,Farmhouse Ale - Saison,6.3,Labietis. Pagan Brews,Latvia,Alaus Biblioteka
1600148498,2026-09-08,3.0,"","",Seville Sunrise,Sour - Fruited Berliner Weisse,3.8,Eternal Night Brewing,Estonia,Alaus Biblioteka
1600148609,2026-09-08,3.5,"","",Avietė Melagė,Fruit Beer,4.2,Dundulis,Lithuania,Savičiaus Špunka
1600149602,2026-09-08,0.0,"",Vilnius,Pilsner Urquell,Pilsner - Czech / Bohemian,4.4,Plzeňský Prazdroj,Czech Republic,Liv_in City
1600149625,2026-09-08,4.0,"","",Sakura,Fruit Beer,5.0,Bear & Boar,Lithuania,Alaus Biblioteka
1600149723,2026-09-08,0.0,"","",Miodne,Honey Beer,5.7,Browar Kormoran,Poland,
1600150049,2026-09-08,3.0,"","",Pineapple Breeze,IPA - Milkshake,5.5,Bear & Boar,Lithuania,Alaus Biblioteka
1600150085,2026-09-08,3.5,"",Australia,Avietė Melagė,Fruit Beer,4.2,Dundulis,Lithuania,Savičiaus Špunka
1600150281,2026-09-08,3.5,"","",Citra IPA,IPA - American,5.4,Bear & Boar,Lithuania,Alaus Biblioteka
1600150384,2026-09-08,2.5,"","",Bière Pacifique,Pale Ale - Belgian,4.0,Eternal Night Brewing,Estonia,Alaus Biblioteka
1600150655,2026-09-08,2.8,"","",Pigem Eil,Sour - Flanders Red Ale,7.0,Hiiumaa Pruulikoda,Estonia,Alaus Biblioteka
1600151321,2026-09-08,3.5,"","",Seville Sunrise,Sour - Fruited Berliner Weisse,3.8,Eternal Night Brewing,Estonia,Alaus Biblioteka
1600151324,2026-09-08,4.3,"","",Red Velvet.,Mead - Other,10.4,Hust Homebrew,Belarus,
1600151569,2026-09-08,3.0,"","",Atblāzma (Glow),Sour - Fruited Berliner Weisse,3.5,Labietis. Pagan Brews,Latvia,Alaus Biblioteka
1600151816,2026-09-08,4.0,"","",Red Velvet.,Mead - Other,10.4,Hust Homebrew,Belarus,
1600151863,2026-09-08,3.3,1 van links naar rechts,Eindhoven,Sakura,Fruit Beer,5.0,Bear & Boar,Lithuania,Alaus Biblioteka
1600152006,2026-09-08,3.8,"","",Coconut Milk Stout,Stout - Milk / Sweet,4.7,Dūmų Brewery,Lithuania,Alaus Biblioteka
1600152209,2026-09-08,4.0,"",Vilnius,Harnaś Jasne Pełne,Lager - Pale,5.8,Browar Okocim,Poland,
1600152256,2026-09-08,2.8,"","",Vaim,IPA - White / Wheat,6.5,Humalakoda,Estonia,Alaus Biblioteka
1600152448,2026-09-08,3.0,"","",Meetilk,Blonde / Golden Ale - Other,4.5,Humalakoda,Estonia,Alaus Biblioteka
1600152822,2026-09-08,3.8,2de van links,Eindhoven,Pineapple Breeze,IPA - Milkshake,5.5,Bear & Boar,Lithuania,Alaus Biblioteka
1600152905,2026-09-08,2.8,"","Haifa, IL",APA,Pale Ale - American,5.0,Būsi Trečias,Lithuania,Būsi Trečias
1600153053,2026-09-08,3.5,"","",Rinkuškių Proginis,Lager - Pale,5.2,Rinkuškiai,Lithuania,
1600153202,2026-09-08,3.5,"","",Kurkas Keptinis,Historical Beer - Keptinis,5.3,Dundulis,Lithuania,Špunka
1600153667,2026-09-08,3.8,Midden,Eindhoven,Vaim,IPA - White / Wheat,6.5,Humalakoda,Estonia,Alaus Biblioteka
1600154973,2026-09-08,3.8,"","",Tamsusis,Lager - Dark,5.0,Vilkmerges Alus,Lithuania,
1600155690,2026-09-08,3.5,Rechts,Eindhoven,Zilgas Humpaliņa,Farmhouse Ale - Saison,6.3,Labietis. Pagan Brews,Latvia,Alaus Biblioteka
1600155896,2026-09-08,4.3,"","",Malted Forest Berry Mead,Mead - Other,9.5,Sakiškės Brewery / Sakiškių Alus,Lithuania,
1600157784,2026-09-08,3.8,"",Eindhoven,Coconut Milk Stout,Stout - Milk / Sweet,4.7,Dūmų Brewery,Lithuania,Alaus Biblioteka
1600158227,2026-09-08,2.0,"","",Sakura,Lager - IPL (India Pale Lager),5.8,Nómada Brewing Co.,Spain,Local Pub
1600158446,2026-09-08,3.5,"",Zürich,"Midus ""Bičiulių"" (Strawberry & Elderflower Session Mead)",Mead - Session / Short,7.2,Šušvės Midus,Lithuania,Local Pub
1600158543,2026-09-08,2.5,"","",Sakura,Fruit Beer,5.0,Bear & Boar,Lithuania,Local Pub
1600158760,2026-09-08,3.3,"","","Midus ""Bičiulių"" (Strawberry & Elderflower Session Mead)",Mead - Session / Short,7.2,Šušvės Midus,Lithuania,Local Pub
1600158900,2026-09-08,4.3,"","",Virsaitis (Chief),IPA - American,6.0,Labietis. Pagan Brews,Latvia,Alaus Biblioteka
1600160246,2026-09-08,3.5,"",Australia,Šviesusis Indijos,IPA - English,5.5,Sakiškės Brewery / Sakiškių Alus,Lithuania,Smagus Raugas beershop
1600160317,2026-09-08,2.8,"",Zürich,Sakura,Fruit Beer,5.0,Bear & Boar,Lithuania,Local Pub
1600160341,2026-09-08,3.8,"","",Mezcal Infused Imperial Blonde Ale,Blonde / Golden Ale - Other,10.2,Sakiškės Brewery / Sakiškių Alus,Lithuania,
1600161293,2026-09-08,3.0,"","",Keturi Vėjai (Four Winds),Kölsch,4.9,Brick by Brick (Raudonų Plytų Alaus Dirbtuvės),Lithuania,
1600161548,2026-09-08,5.0,"","",Ooops 2.0 Aceton,Cider - Dry,7.6,Hust Homebrew,Belarus,
1600161705,2026-09-08,2.8,"","",Aecht Schlenkerla Rauchbier – Märzen,Rauchbier,5.1,"Schlenkerla (""Heller-Bräu"" Trum)",Germany,
1600162732,2026-09-08,4.0,"","",Metsik Sauvage,Farmhouse Ale - Saison,9.0,Eternal Night Brewing,Estonia,Alaus Biblioteka
1600163222,2026-09-08,4.0,"","",Kiečių Gruit,Historical Beer - Gruit / Ancient Herbed Ale,5.6,Dundulis,Lithuania,Špunka
1600163429,2026-09-08,2.5,"","",Pineapple Breeze,IPA - Milkshake,5.5,Bear & Boar,Lithuania,Local Pub
1600163572,2026-09-08,2.5,"",Zürich,Pineapple Breeze,IPA - Milkshake,5.5,Bear & Boar,Lithuania,Local Pub
1600163808,2026-09-08,3.3,"","",Mango Passionfruit Sour,Sour - Fruited Gose,5.0,Bear & Boar,Lithuania,
1600166657,2026-09-08,3.8,"",Australia,Anarkist New England IPA,IPA - New England / Hazy,5.4,Theodor Schiøtz Brewing Company,Denmark,Smagus Raugas beershop
1600167110,2026-09-08,4.3,"","",Čorny Les 2.0,Mead - Melomel,11.0,Hust Homebrew,Belarus,
1600167295,2026-09-08,3.8,"Light and simple. Lightly sweet, slightly lemony, wheaty.","Arden, NC",Organic Tattoo Lager,Lager - Pale,4.0,Genys Brewing Co.,Lithuania,Baras Kernagis
1600167462,2026-09-08,5.0,"","",Čorny Les 2.0,Mead - Melomel,11.0,Hust Homebrew,Belarus,
1600167882,2026-09-08,0.0,"",Vilnius,Pilsner Urquell,Pilsner - Czech / Bohemian,4.4,Plzeňský Prazdroj,Czech Republic,Liv_in City
1600169143,2026-09-08,3.5,"","Haifa, IL",Coconut Milk Stout,Stout - Milk / Sweet,4.7,Dūmų Brewery,Lithuania,Alaus Biblioteka
1600170979,2026-09-08,3.8,"","Haifa, IL",Seville Sunrise,Sour - Fruited Berliner Weisse,3.8,Eternal Night Brewing,Estonia,Alaus Biblioteka
1600172809,2026-09-08,3.8,"","Haifa, IL",Zilgas Humpaliņa,Farmhouse Ale - Saison,6.3,Labietis. Pagan Brews,Latvia,Alaus Biblioteka
1600173918,2026-09-08,3.3,"","",Sakura,Fruit Beer,5.0,Bear & Boar,Lithuania,Alaus Biblioteka
1600174552,2026-09-08,3.0,"","Haifa, IL",Vaim,IPA - White / Wheat,6.5,Humalakoda,Estonia,Alaus Biblioteka
1600174819,2026-09-08,3.5,"","",Pineapple Breeze,IPA - Milkshake,5.5,Bear & Boar,Lithuania,Alaus Biblioteka
1600175484,2026-09-08,3.5,"","Haifa, IL",Pigem Eil,Sour - Flanders Red Ale,7.0,Hiiumaa Pruulikoda,Estonia,Alaus Biblioteka
1600176458,2026-09-08,3.5,"","",Coconut Milk Stout,Stout - Milk / Sweet,4.7,Dūmų Brewery,Lithuania,Alaus Biblioteka
1600176697,2026-09-08,3.3,"","",IPA,IPA - American,6.5,Browar Jana,Poland,
1600178143,2026-09-08,3.8,"","",Destiny's Wild Rhubarb,Wild Ale - Other,6.9,Anderson's Brewery,Estonia,Alaus Biblioteka
1600178402,2026-09-08,3.3,"","",Atblāzma (Glow),Sour - Fruited Berliner Weisse,3.5,Labietis. Pagan Brews,Latvia,Alaus Biblioteka
1600179171,2026-09-08,4.3,"","Haifa, IL",Baltic Porter Day 2023,Porter - Imperial / Double Baltic,10.0,Põhjala,Estonia,Alaus Biblioteka
1600180165,2026-09-08,3.5,"","",Zilgas Humpaliņa,Farmhouse Ale - Saison,6.3,Labietis. Pagan Brews,Latvia,Alaus Biblioteka
1600181167,2026-09-09,3.5,"","",Destiny's Wild Rhubarb,Wild Ale - Other,6.9,Anderson's Brewery,Estonia,Alaus Biblioteka
1600181790,2026-09-09,3.5,"","",Lager,Lager - Helles,4.8,Hawkstone,England,
1600184480,2026-09-08,0.0,"",Vilnius,Pilsner Urquell,Pilsner - Czech / Bohemian,4.4,Plzeňský Prazdroj,Czech Republic,Liv_in City
1600184581,2026-09-08,0.0,"",Vilnius,Pilsner Urquell,Pilsner - Czech / Bohemian,4.4,Plzeňský Prazdroj,Czech Republic,Liv_in City
1600184945,2026-09-09,4.0,"","",Californication / Kalifornikacija,Pale Ale - American,4.5,Genys Brewing Co.,Lithuania,Vilnius
1600194922,2026-09-09,3.5,"","",Margarita Gose,Sour - Traditional Gose,4.3,Sakiškės Brewery / Sakiškių Alus,Lithuania,
1600226599,2026-09-09,3.5,"","",Himmber & Hveiti,Wheat Beer - Fruited,5.8,OY Brewing,Faroe Islands,Vilniaus oro uostas | Vilnius International Airport (VNO) (Tarptautinis Vilniaus oro uostas)
1600227042,2026-09-09,4.0,An interesting drink! Tastes like smoky sweet tea.,"Arden, NC",Belmontas Gira,Kvass,0.0,Belmontas,Lithuania,Belmontas
1600227349,2026-09-09,3.0,"","",Nuogas Ruonis (Naked Seal),Bière de Champagne / Bière Brut,5.8,Brick by Brick (Raudonų Plytų Alaus Dirbtuvės),Lithuania,Baleboste
1600229417,2026-09-09,3.8,"","",Nuogas Ruonis (Naked Seal),Bière de Champagne / Bière Brut,5.8,Brick by Brick (Raudonų Plytų Alaus Dirbtuvės),Lithuania,Gate A17
1600231003,2026-09-09,3.3,"","",Kalnapilis Original,Lager - Pale,5.0,Kalnapilis Brewery,Lithuania,Plus Plus Plus
1600232220,2026-09-09,2.3,Meh. Not the best dark beer I've had,"",Bistrampolio Dvaro Tamsusis / Bistrampolio Dvaro Dark,Lager - Dark,5.5,Aukštaitijos Bravorai,Lithuania,One for All
1600234340,2026-09-09,0.0,"",Espoo,Green Monster IPA,IPA - American,6.0,Green Monster Brewery,Lithuania,iBar
1600234367,2026-09-09,0.0,"",Espoo,IBar Light,Lager - Pale,5.0,Volfas Engelman,Lithuania,iBar
1600234836,2026-09-09,2.0,"","",Amber City Lager,Lager - Pale,5.0,Maxima LT,Lithuania,
1600234875,2026-09-09,2.8,"","",Amber City Lager,Lager - Pale,5.0,Maxima LT,Lithuania,
1600234905,2026-09-09,0.5,"","",Hell,Lager - Helles,5.2,Hasseröder Brauerei,Germany,
1600234980,2026-09-09,1.3,"","",Rothaus Pils / Tannen Zäpfle,Pilsner - German,5.1,Badische Staatsbrauerei Rothaus,Germany,
1600235042,2026-09-09,2.5,"","",Wolters Helles,Lager - Helles,5.2,Hofbrauhaus Wolters,Germany,
1600235084,2026-09-09,2.5,"","",Karlsberg Helles,Lager - Helles,5.0,Karlsberg Brauerei,Germany,
1600235170,2026-09-09,3.0,"","",Schumacher Alt,Altbier - Traditional,4.6,Brauerei Schumacher,Germany,
1600235250,2026-09-09,3.0,"","",Bitburger Hell,Lager - Helles,0.0,Bitburger Brauerei,Germany,
1600235280,2026-09-09,3.5,"","",Gaffel Kölsch,Kölsch,4.8,Privatbrauerei Gaffel Becker,Germany,
1600235319,2026-09-09,3.5,"","",Früh Kölsch,Kölsch,4.8,Cölner Hofbräu Früh,Germany,
1600237185,2026-09-09,3.5,"",Vilnius,Monkey Utopia,IPA - American,5.6,Mastri Birrai Umbri,Italy,
1600237469,2026-09-09,3.3,"","",Baltijos,Märzen,5.8,Švyturys,Lithuania,
1600238761,2026-09-09,4.8,"","",FUK'N IPA,IPA - Session,4.5,DĖVĖTI,Lithuania,
1600238883,2026-09-09,0.8,"","",1410 Lager/Šviesusis,Lager - Pale,5.3,Volfas Engelman,Lithuania,
1600238937,2026-09-09,2.0,"","",1410 Lager/Šviesusis,Lager - Pale,5.3,Volfas Engelman,Lithuania,
1600239092,2026-09-09,4.0,"","",MiXery Bier X Cola,Shandy / Radler,3.1,Karlsberg Brauerei,Germany,
1600239138,2026-09-09,0.0,"",Espoo,Humulupu IPA,IPA - Session,5.0,Dundulis,Lithuania,Alaus kolonėlė
1600239212,2026-09-09,0.0,No :(,Espoo,Premium,Pilsner - Czech / Bohemian,5.0,Primátor,Czech Republic,Alaus kolonėlė
1600239733,2026-09-09,0.0,"",Kotka,1410 Lager/Šviesusis,Lager - Pale,5.3,Volfas Engelman,Lithuania,Conti Hotel Vilnius
1600241805,2026-09-09,4.0,"","",Cactus Lychee,IPA - Milkshake,5.0,Bear & Boar,Lithuania,Peronas
1600241845,2026-09-09,4.5,"","",Ekstra,Lager - Dortmunder / Export,5.2,Švyturys,Lithuania,Rotonda parko restoranas
1600242043,2026-09-09,4.0,"",Koblenz,Ekstra,Lager - Dortmunder / Export,5.2,Švyturys,Lithuania,Rotonda parko restoranas
1600243380,2026-09-09,4.0,"","",Penki Mazgai,IPA - New England / Hazy,5.0,Brick by Brick (Raudonų Plytų Alaus Dirbtuvės),Lithuania,Jausmas
1600243668,2026-09-09,4.0,"","",Penki Mazgai,IPA - New England / Hazy,5.0,Brick by Brick (Raudonų Plytų Alaus Dirbtuvės),Lithuania,Jausmas
1600245847,2026-09-09,0.0,"",Kaunas,Guinness Draught,Stout - Irish Dry,4.2,Guinness,Ireland,
1600246024,2026-09-09,0.0,"",Kotka,Gubernija Ekstra / Extra Lager,Lager - Helles,5.2,Gubernija Brewery,Lithuania,Paupio turgus
1600246768,2026-09-09,2.8,"","Vilnius, Lithuania",Pale Wheat Light,Wheat Beer - Hefeweizen Light / Leicht,3.9,Feldschlößchen Dresden,Germany,Pilaitės biblioteka
1600247069,2026-09-09,0.0,"",Espoo,Savana,IPA - American,6.9,Pilialaukis,Lithuania,Alaus Namai
1600247473,2026-09-09,3.5,"",Vilnius,Spiky Pup,Pale Ale - American,5.5,AleBrowar,Poland,Golfin
1600247573,2026-09-09,2.3,"","",Brooklyn Lager,Lager - Vienna,5.2,Brooklyn Brewery,United States,
1600247575,2026-09-09,2.3,"","",Brooklyn Lager,Lager - Vienna,5.2,Brooklyn Brewery,United States,
1600247628,2026-09-09,3.8,"","",§11,Lager - Helles,5.0,Dundulis,Lithuania,
1600247994,2026-09-09,3.3,"","",Mera IPA,IPA - American,6.5,Browar Artezan,Poland,Local Pub
1600248078,2026-09-09,4.0,"","",It's Coming Home (Final Eight - England),IPA - New England / Hazy,6.2,Funky Fluid,Poland,Local Pub
1600250011,2026-09-09,0.0,"",Vilnius,Juodaragio Regyklos Kadaginė IPA,IPA - Farmhouse,5.0,Dundulis,Lithuania,Alaus kolonėlė
1600251581,2026-09-09,0.0,"",Vilnius,Mango Gelato,Fruit Beer,5.0,Genys Brewing Co.,Lithuania,Alaus kolonėlė
1600255253,2026-09-09,0.0,"",Vilnius,Lager,Lager - Mexican,4.5,Bear & Boar,Lithuania,Alaus kolonėlė
1600255971,2026-09-09,3.0,"","",La Birra Blonde,Blonde / Golden Ale - Other,0.0,La Birra Pub,Lithuania,
1600256368,2026-09-09,0.0,"","",Argo Blue (არგო ლაგერი),Lager - Pale,4.8,Argo Brewing Company,Georgia,
1600256560,2026-09-09,3.0,"","",La Birra Blonde,Blonde / Golden Ale - Other,0.0,La Birra Pub,Lithuania,La Birra
1600257735,2026-09-09,4.3,"",Koblenz,Kwas Xy,Sour - Catharina,4.7,PINTA,Poland,Local Pub
1600257955,2026-09-09,3.5,"","",Franken,Kellerbier / Zwickelbier,4.7,:Belike brewing,Lithuania,Local Pub
1600259903,2026-09-09,3.0,Jännä mutta ei pahaa.,"",Juodųjų Serbentų Stout,Stout - Other,5.5,Vilkmerges Alus,Lithuania,
1600261017,2026-09-09,4.0,Banging,"Vilnius, Lithuania",July Morning,Pilsner - Czech / Bohemian,4.4,Sofia Electric Brewing ,Bulgaria,Alaus Biblioteka
1600261829,2026-09-09,4.3,"","",Prysma: Galaxy,IPA - New England / Hazy,6.5,Funky Fluid,Poland,Local Pub
1600263244,2026-09-09,3.8,"","",Bukowskio Ašara,Lager - Pale,5.0,Švyturys,Lithuania,
1600263549,2026-09-09,3.3,"","",Ruoniai Vietų Neužleidžia,IPA - Session,4.5,Brick by Brick (Raudonų Plytų Alaus Dirbtuvės),Lithuania,
1600263602,2026-09-09,3.5,"","",Monks' Bread,Bock - Doppelbock,7.1,Fehér Nyúl,Hungary,Def Enjoy
1600263785,2026-09-09,3.5,"","",Turbid,IPA - New England / Hazy,5.8,Fehér Nyúl,Hungary,Def Enjoy
1600263916,2026-09-09,3.8,"","",RAFA,IPA - Sour,6.8,Fehér Nyúl,Hungary,Def Enjoy
1600264236,2026-09-09,3.8,"","",Mera IPA,IPA - American,6.5,Browar Artezan,Poland,Local Pub
1600264509,2026-09-09,3.0,"","",Kuiv Siider Liivi Kuldrenet,Cider - Dry,5.9,Tori Jõesuu Siidri- Ja Veinitalu,Estonia,Local Pub
1600264706,2026-09-09,4.0,"","",Mama Whipa,IPA - White / Wheat,6.0,Les Intenables - Craft Beer,France,Def Enjoy
1600264754,2026-09-09,4.0,"",Koblenz,Franken,Kellerbier / Zwickelbier,4.7,:Belike brewing,Lithuania,Local Pub
1600264942,2026-09-09,4.0,"","",World of Cats,IPA - Imperial / Double New England / Hazy,8.0,Les Intenables - Craft Beer,France,Def Enjoy
1600264981,2026-09-09,4.3,"",Koblenz,It's Coming Home (Final Eight - England),IPA - New England / Hazy,6.2,Funky Fluid,Poland,Local Pub
1600265158,2026-09-09,3.0,"","",It's Coming Home (Final Eight - England),IPA - New England / Hazy,6.2,Funky Fluid,Poland,Local Pub
1600265174,2026-09-09,3.5,"","",Clash of Krush,IPA - New England / Hazy,5.8,Pivovar Vik,Czech Republic,Def Enjoy
1600265306,2026-09-09,2.3,"",Koblenz,Nida,Wheat Beer - Other,4.6,Bear & Boar,Lithuania,Local Pub
1600265451,2026-09-09,4.5,"","",Nida,Wheat Beer - Other,4.6,Bear & Boar,Lithuania,Local Pub
1600265482,2026-09-09,3.8,"","",Benediktiner Weissbier Dunkel,Wheat Beer - Dunkelweizen,5.4,Benediktiner Weissbräu,Germany,Def Enjoy
1600265763,2026-09-09,3.3,"","",Benediktiner Weissbier,Wheat Beer - Hefeweizen,5.4,Benediktiner Weissbräu,Germany,Def Enjoy
1600265767,2026-09-09,3.5,"","",Ruoniai Vietų Neužleidžia,IPA - Session,4.5,Brick by Brick (Raudonų Plytų Alaus Dirbtuvės),Lithuania,Gero alaus parduotuvė
1600265797,2026-09-09,4.5,"","",Bitė Darže,Mead - Session / Short,9.4,Šušvės Midus,Lithuania,Local Pub
1600265841,2026-09-09,0.0,"Weird mix of flavours, but I am not that into mead in general. No Rating",Koblenz,Bitė Darže,Mead - Session / Short,9.4,Šušvės Midus,Lithuania,Local Pub
1600265906,2026-09-09,3.0,"","",Benediktiner Hell,Lager - Helles,5.0,Benediktiner Weissbräu,Germany,Def Enjoy
1600266205,2026-09-09,4.3,"","",Steed,IPA - New England / Hazy,7.0,All My Friends Beer Co.,Canada,Def Enjoy
1600266287,2026-09-09,2.3,"","",Cronus German Pilsner,Pilsner - German,4.8,Privatbrauerei Eichbaum,Germany,
1600266293,2026-09-09,3.3,"",Koblenz,Mera IPA,IPA - American,6.5,Browar Artezan,Poland,Local Pub
1600266322,2026-09-09,3.0,"","",Mera IPA,IPA - American,6.5,Browar Artezan,Poland,Local Pub
1600266326,2026-09-09,4.0,"Лёгкі і салодкі мёд з фруктовым водарам і смаком. Ёсць нешта ад крыху заброджаных яблыкаў, а яшчэ дзіўная фруктовая нотка, якая нагадвае фруктовую цвіль (плесень). Незвычайна, але не непрыемна. 6,1% зусім не адчуваюцца.","",Kuršių,Mead - Session / Short,6.1,Šušvės Midus,Lithuania,Local Pub
1600266363,2026-09-09,2.5,"","",Cronus German Pilsner,Pilsner - German,4.8,Privatbrauerei Eichbaum,Germany,
1600266481,2026-09-09,4.3,"","",Dust Rosé III,Lambic - Other,0.0,DUST Blending,Belgium,Def Enjoy
1600266490,2026-09-09,3.5,"",Koblenz,English Porter,Porter - English,5.4,Bear & Boar,Lithuania,Local Pub
1600266611,2026-09-09,3.5,"","",English Porter,Porter - English,5.4,Bear & Boar,Lithuania,Local Pub
1600266898,2026-09-09,3.0,"","",Kwas Xy,Sour - Catharina,4.7,PINTA,Poland,Local Pub
1600267240,2026-09-09,0.0,"",Koblenz,Kuršių,Mead - Session / Short,6.1,Šušvės Midus,Lithuania,Local Pub
1600267281,2026-09-09,4.0,"","",Kuršių,Mead - Session / Short,6.1,Šušvės Midus,Lithuania,Local Pub
1600267432,2026-09-09,0.0,"",Koblenz,"Midus ""Medkopio"" (Apple Bochet Session Mead)",Mead - Bochet,6.8,Šušvės Midus,Lithuania,Local Pub
1600267531,2026-09-09,3.5,"","","Midus ""Medkopio"" (Apple Bochet Session Mead)",Mead - Bochet,6.8,Šušvės Midus,Lithuania,Local Pub
1600267935,2026-09-09,3.5,Badget paukkuu!,"",Mango Milkshake APA,Pale Ale - Milkshake,5.2,Green Monster Brewery,Lithuania,Alaus kolonėlė
1600269230,2026-09-09,4.3,"",Koblenz,"Beauty Extreme - Carrot, Pineapple, Calamansi & Ginger",Sour - Smoothie / Pastry,4.6,Magic Road,Poland,Local Pub
1600269324,2026-09-09,2.8,"","",Varniukų Tamsus,Dark Ale,5.2,Davra Alaus Darykla,Lithuania,Katpėdėlė
1600269611,2026-09-09,3.5,"","",Chimay Cinq Cents (White),Belgian Tripel,8.0,Bières de Chimay,Belgium,
1600271781,2026-09-09,3.5,Geriausias koki esu ragavus!,"",Kriek Brut,Fruit Beer,6.0,Brouwerij Liefmans,Belgium,Brussels Mussels Centrum
1600272962,2026-09-09,3.8,"",Vilnius,Rekorderlig Watermelon-Citrus,Cider - Other Fruit,4.0,Åbro Bryggeri,Sweden,Citrus
1600273495,2026-09-09,4.0,"",Minsk,Mama Whipa,IPA - White / Wheat,6.0,Les Intenables - Craft Beer,France,Def Enjoy
1600273999,2026-09-09,2.8,"","",Narauti,Lager - Amber / Red,0.0,Narauti,Lithuania,nArauti
1600274441,2026-09-09,4.5,"Насычаны, салодкаваты водар, нібы ў высакароднага вытрыманага напою. У смаку лёгкі вішнёвы характар, як не вельмі салодкі насычаны кампот. Вельмі прыемнае і лёгкае, хоць 6,8% зусім не адчуваюцца. Падабаецца (:

ЗЫ: Бачу ў назве яблык... Ну, бывае 🤪","","Midus ""Medkopio"" (Apple Bochet Session Mead)",Mead - Bochet,6.8,Šušvės Midus,Lithuania,Local Pub
1600275859,2026-09-09,4.0,Just a desperado really,"",Santaños Tequila & Lime,Lager - Fruited  ,4.5,A. Le Coq,Estonia,
1600276348,2026-09-09,3.8,"","Haifa, IL",Friends’,Cider - Dry,5.0,Lepola,Finland,Sodas: Sidro istorijos
1600276584,2026-09-09,2.8,"","Haifa, IL",Apyniuotas Sidras,Cider - Hopped,6.3,Sodo sidrinė,Lithuania,Sodas: Sidro istorijos
1600276715,2026-09-09,3.8,"","Haifa, IL",Dry Cider,Cider - Dry,5.8,Hogan's Cider,England,Sodas: Sidro istorijos
1600276820,2026-09-09,4.0,"",Minsk,Swing,IPA - New England / Hazy,6.5,SOMA Beer,Spain,Def Enjoy
1600276822,2026-09-09,4.0,"",Vilnius,Hazy Discovery Groningen,IPA - New England / Hazy,6.5,PINTA,Poland,Šernas pub
1600277124,2026-09-09,4.0,"","",Mama Whipa,IPA - White / Wheat,6.0,Les Intenables - Craft Beer,France,Def Enjoy
1600279228,2026-09-09,3.0,"","",Vilniaus Nefiltruotas Šviesusis,Kellerbier / Zwickelbier,5.2,Vilniaus Alus,Lithuania,"Artistai, live music pub"
1600280718,2026-09-09,4.0,"",Vilnius,TDH Nelson Sauvin X Riwaka New Zealand IPA,IPA - New Zealand,7.2,Ārpus Brewing Co.,Latvia,Def Enjoy
1600281802,2026-09-09,3.3,"","",Senolių Senovinis,Traditional Ale,6.0,Su Puta,Lithuania,Alaus kolonėlė
1600282163,2026-09-09,0.0,"",Vilnius,Anarkist New England IPA,IPA - New England / Hazy,5.4,Theodor Schiøtz Brewing Company,Denmark,Liv_in City
1600282247,2026-09-09,4.0,"","",Chills DDH,IPA - New England / Hazy,6.8,Outer Range Brewing Co.,United States,Def Enjoy
1600282544,2026-09-09,3.0,"","",Tauras Tradicinis,Lager - Strong,6.0,Kalnapilis Brewery,Lithuania,
1600282560,2026-09-09,4.0,"",Australia,Penki Mazgai,IPA - New England / Hazy,5.0,Brick by Brick (Raudonų Plytų Alaus Dirbtuvės),Lithuania,Lukiškių kalėjimas 2.0
1600282634,2026-09-09,2.5,"","",Tauras Tradicinis,Lager - Strong,6.0,Kalnapilis Brewery,Lithuania,
1600283440,2026-09-09,4.0,"",Vilnius,Swing,IPA - New England / Hazy,6.5,SOMA Beer,Spain,Def Enjoy
1600283794,2026-09-09,3.5,"","",Alco Free Pale Ale,Non-Alcoholic - Pale Ale,0.5,Sakiškės Brewery / Sakiškių Alus,Lithuania,Dūmų Fabrikas
1600284560,2026-09-09,4.3,"","",Lager,Lager - Mexican,4.5,Bear & Boar,Lithuania,Beer House
1600285309,2026-09-09,3.5,"",Vilnius,FAIRY DUST Shining,IPA - Other,6.0,Nurme,Latvia,
1600286790,2026-09-09,1.0,"BirraMorreti šūdų krūva už 1,30€ (ir čia dar su akcija IKI).   Totalus gaidys. Net pigus vokiškas geriau. Net Utenos geriau 😄. Kaip suprantu Kalnapilis štampuoja šį šūdalį pagal licenciją. Valkatos 🤠",Vilnius,Birra Moretti L'Autentica / Ricetta Originale,Lager - Pale,4.6,Birra Moretti,Italy,Italu Grozio Namai
1600287864,2026-09-09,5.0,"Duodu 5 del šio alaus auros, bet is buteliuko kazkaip skaniau, sitas draftas ne taip hittina","",Aušrinis,Pilsner - Other,4.9,Dundulis,Lithuania,Savičiaus Špunka
1600288210,2026-09-09,3.8,"",Vilnius,Forbidden Fruit,IPA - Imperial / Double,8.0,Nurme,Latvia,Def Enjoy
1600288216,2026-09-09,4.3,"","",Forbidden Fruit,IPA - Imperial / Double,8.0,Nurme,Latvia,Def Enjoy
1600288631,2026-09-09,3.8,"","",FAIRY DUST Shining,IPA - Other,6.0,Nurme,Latvia,Def Enjoy
1600289166,2026-09-09,2.8,"","",Špunka Pils,Pilsner - Czech / Bohemian,4.8,Dundulis,Lithuania,
1600289367,2026-09-09,4.0,"","",Meet Our Friends | From Budapest: Horizont Brewing - Beyond the Horizont,IPA - New England / Hazy,6.4,Nepo Brewing,Poland,
1600289443,2026-09-09,4.0,"","",New Zealand Hop Harvest IPA 2025,IPA - New England / Hazy,5.5,Sakiškės Brewery / Sakiškių Alus,Lithuania,ELEKTRIT
1600289609,2026-09-09,4.0,Very odd but also great!,"",7 Year Anniversary Bloody Mary Smoothie Sour Ale,Sour - Smoothie / Pastry,6.0,Ārpus Brewing Co.,Latvia,Nisha Craft Capital
1600289735,2026-09-09,4.0,"","",Kovarnių,Stout - Smoked,6.2,Dundulis,Lithuania,
1600290752,2026-09-09,3.5,"","",Penki Mazgai,IPA - New England / Hazy,5.0,Brick by Brick (Raudonų Plytų Alaus Dirbtuvės),Lithuania,Lukiškių kalėjimas 2.0
1600291406,2026-09-09,3.5,"",Minsk,FAIRY DUST Shining,IPA - Other,6.0,Nurme,Latvia,Def Enjoy
1600291432,2026-09-09,3.3,"",Estonia,Balta Pinta,Wheat Beer - Hefeweizen,5.0,Volfas Engelman,Lithuania,Holiday Inn
1600291567,2026-09-09,3.5,"","",Sakura,Fruit Beer,5.0,Bear & Boar,Lithuania,Alaus Biblioteka
1600291658,2026-09-09,4.0,"",Minsk,Forbidden Fruit,IPA - Imperial / Double,8.0,Nurme,Latvia,Def Enjoy
1600292177,2026-09-09,4.5,"","Toronto, Ontario",The Doorway Effect,IPA - Imperial / Double New England / Hazy,8.0,Verdant Brewing Co,England,Nisha Craft Capital
1600292379,2026-09-09,4.5,"","Toronto, Ontario",God of the Guilty,IPA - New England / Hazy,6.5,Third Moon Brewing Company,Canada,Nisha Craft Capital
1600292416,2026-09-09,4.3,"Сома, топ как всегда","",Swing,IPA - New England / Hazy,6.5,SOMA Beer,Spain,Def Enjoy
1600293119,2026-09-09,4.8,"","Toronto, Ontario",Denver,IPA - Imperial / Double New England / Hazy,9.2,Omnipollo,Sweden,Nisha Craft Capital
1600293988,2026-09-09,3.0,"","",Yuzu.Kas?,Lager - Japanese Rice,4.7,Dundulis,Lithuania,Savičiaus Špunka
1600294127,2026-09-09,3.5,"","",Meetilk,Blonde / Golden Ale - Other,4.5,Humalakoda,Estonia,Alaus Biblioteka
1600294368,2026-09-09,3.3,"",Australia,Sakura,Fruit Beer,5.0,Bear & Boar,Lithuania,Alaus Biblioteka
1600294398,2026-09-09,4.0,"",Minsk,Dank Orbit,IPA - American,7.0,Outer Range Brewing Co.,United States,Def Enjoy
1600294513,2026-09-09,3.3,"","",Debesainis,Wheat Beer - Hefeweizen,4.5,Širvėnos bravoras DUNDULIS,Lithuania,
1600294749,2026-09-09,4.0,"","",Tamsusis,Lager - Dark,5.0,Vilkmerges Alus,Lithuania,Vilnius
1600295135,2026-09-09,3.3,"","",Seville Sunrise,Sour - Fruited Berliner Weisse,3.8,Eternal Night Brewing,Estonia,Alaus Biblioteka
1600295287,2026-09-09,3.8,"",Australia,Zilgas Humpaliņa,Farmhouse Ale - Saison,6.3,Labietis. Pagan Brews,Latvia,Alaus Biblioteka
1600296249,2026-09-09,3.5,"",Australia,Pineapple Breeze,IPA - Milkshake,5.5,Bear & Boar,Lithuania,Alaus Biblioteka
1600296679,2026-09-09,2.5,"","",Vasaros,Lager - Helles,4.7,Kalnapilis Brewery,Lithuania,
1600296707,2026-09-09,1.5,"","",Vasaros,Lager - Helles,4.7,Kalnapilis Brewery,Lithuania,
1600296873,2026-09-09,4.0,"","",Medūzos Vietinių Nekanda (Local Jellyfish Don't Sting),IPA - Fruited,5.3,Brick by Brick (Raudonų Plytų Alaus Dirbtuvės),Lithuania,
1600297282,2026-09-09,3.0,"","",Citra IPA,IPA - American,5.4,Bear & Boar,Lithuania,Alaus Biblioteka
1600297447,2026-09-09,3.5,"",Australia,Citra IPA,IPA - American,5.4,Bear & Boar,Lithuania,Alaus Biblioteka
1600297864,2026-09-09,3.5,"","",Pineapple Breeze,IPA - Milkshake,5.5,Bear & Boar,Lithuania,Alaus Biblioteka
1600298116,2026-09-09,3.5,"","Haifa, IL","IN THE WOOD #4 Crème Noire - Barrel Aged Russian Imperial Stout with Coconut & Vanilla",Stout - Russian Imperial,8.0,Pivovar Vik,Czech Republic,Def Enjoy
1600298420,2026-09-09,3.0,"",Estonia,1410 Lager/Šviesusis,Lager - Pale,5.3,Volfas Engelman,Lithuania,Holiday Inn
1600299266,2026-09-09,3.5,"",Australia,Coconut Milk Stout,Stout - Milk / Sweet,4.7,Dūmų Brewery,Lithuania,Alaus Biblioteka
1600300074,2026-09-09,3.5,"","",First Drop,IPA - Session,4.3,Shepherd Neame,England,Sparta Bar
1600300631,2026-09-09,4.0,"",Minsk,Chills DDH,IPA - New England / Hazy,6.8,Outer Range Brewing Co.,United States,Def Enjoy
1600301437,2026-09-09,3.8,"","",Angry Rooster,Stout - Imperial / Double Pastry,11.0,Seven Island Brewery,Greece,Nisha Craft Capital
1600301887,2026-09-09,4.5,"","",Ārpus X Mortalis Brewing Co. Alphonso Mango X Coconut X Sticky Rice X Pineapple Smoothie Sour Ale,Sour - Smoothie / Pastry,4.5,Ārpus Brewing Co.,Latvia,Nisha Craft Capital
1600302666,2026-09-09,3.8,"",Eindhoven,"Midus ""Medkopio"" (Apple Bochet Session Mead)",Mead - Bochet,6.8,Šušvės Midus,Lithuania,Local Pub
1600302748,2026-09-09,0.0,"","",Sidra Trabanco,Cider - Dry,6.0,Sidra Trabanco,Spain,
1600303010,2026-09-09,4.0,"","",Grape X Red Currant X Strawberry X Peanut Butter Fruited Gose,Sour - Fruited Gose,4.5,Ārpus Brewing Co.,Latvia,Nisha Craft Capital
1600303445,2026-09-09,3.8,"",Eindhoven,It's Coming Home (Final Eight - England),IPA - New England / Hazy,6.2,Funky Fluid,Poland,Local Pub
1600303523,2026-09-09,3.8,"",Vilnius,Mama Whipa,IPA - White / Wheat,6.0,Les Intenables - Craft Beer,France,Def Enjoy
1600304354,2026-09-09,4.0,"",Vilnius,Dank Orbit,IPA - American,7.0,Outer Range Brewing Co.,United States,Def Enjoy
1600304388,2026-09-09,4.0,"","",New Zealand Hop Harvest IPA 2025,IPA - New England / Hazy,5.5,Sakiškės Brewery / Sakiškių Alus,Lithuania,ELEKTRIT
1600305110,2026-09-09,4.0,"",Vilnius,Chills DDH,IPA - New England / Hazy,6.8,Outer Range Brewing Co.,United States,Def Enjoy
1600305382,2026-09-09,0.0,"",Vilnius,Anarkist New England IPA,IPA - New England / Hazy,5.4,Theodor Schiøtz Brewing Company,Denmark,Liv_in City
1600305711,2026-09-09,3.0,"","Vilnius, Lithuania",Feldschlößchen Lager Light,Lager - Pale,4.8,Feldschlößchen Dresden,Germany,Pilaitės biblioteka
1600305832,2026-09-09,4.3,A solid dubbel. Classic Belgiany spices. Very sweet.,"Arden, NC",Dubbel-Doubel Grimbergen,Belgian Dubbel,0.0,Grimbergen Abbey Brewery,Belgium,Guacamole
1600306340,2026-09-09,3.8,"","Haifa, IL","Sploosh! Sour Ale With Mango, Apricots, Peaches, Lemons and Spirulina",Sour - Smoothie / Pastry,5.2,Clef Brewery,Slovenia,Def Enjoy
1600306473,2026-09-09,4.3,"","Haifa, IL",Indigo,IPA - Triple New England / Hazy,10.0,SOMA Beer,Spain,Def Enjoy
1600306779,2026-09-09,1.5,"","",Amstel,Lager - Pale,5.0,Amstel Bier,Netherlands,
1600307348,2026-09-09,3.8,"","",Clash of Krush,IPA - New England / Hazy,5.8,Pivovar Vik,Czech Republic,Def Enjoy
1600307483,2026-09-09,3.8,"",Estonia,Rinktinis,Lager - Pale,5.2,Volfas Engelman,Lithuania,Holiday Inn
1600308579,2026-09-09,3.8,"",Eindhoven,Kwas Xy,Sour - Catharina,4.7,PINTA,Poland,Local Pub
1600312091,2026-09-09,3.3,Nice and refreshing,"",Organic Tattoo Lager,Lager - Pale,4.0,Genys Brewing Co.,Lithuania,Gringo Pub
1600314780,2026-09-09,4.0,"","",Alaus Kelias,Lager - Pale,5.5,Rinkuškiai,Lithuania,Vilnius
1600314943,2026-09-09,3.5,"",LTU,Nida,Wheat Beer - Other,4.6,Bear & Boar,Lithuania,Šernas pub
1600315983,2026-09-09,3.0,"","",Always Remember IPA with Vanilla,IPA - American,5.3,Magic Road,Poland,
1600317289,2026-09-09,3.5,Ну не пилснер. Обычный живой разливняк,Yaroslavl,Czech (Чешское),Pilsner - Czech / Bohemian,5.3,Schönbusch - Brauerei Königsberg,Russia,
1600317753,2026-09-09,4.8,"Б#за",Yaroslavl,Доза [Blackcurrant + Strawberry + Cranberry + Raspberry + Cherry + Cowberry],Sour - Smoothie / Pastry,6.0,4BREWERS,Russia,
1600317926,2026-09-09,3.3,"","",Simkala APA,Pale Ale - American,5.0,Širvėnos bravoras DUNDULIS,Lithuania,Bromas
1600318899,2026-09-09,4.0,"Плюсы Калининграда, что импорт ближе и в достатке.",Yaroslavl,Hofbräu Schwarze Weisse / Dark Wheat / Hefeweizen Dunkel,Wheat Beer - Dunkelweizen,5.1,Staatliches Hofbräuhaus München,Germany,
1600319941,2026-09-09,4.8,"","",3 Fonteinen Oude Kriek (season 17|18) Blend No. 82,Lambic - Kriek,6.3,Brouwerij 3 Fonteinen,Belgium,Beer House
1600320009,2026-09-09,4.8,Super yummy cherry. Kriek might be my favourite style,"",Vyšnių Kriek,Fruit Beer,5.0,Vilkmerges Alus,Lithuania,kalnapilis
1600324182,2026-09-10,4.0,"",Lithuania,Dank Orbit,IPA - American,7.0,Outer Range Brewing Co.,United States,Def Enjoy
1600324297,2026-09-10,4.0,"",Lithuania,Mama Whipa,IPA - White / Wheat,6.0,Les Intenables - Craft Beer,France,Def Enjoy
1600324401,2026-09-10,4.0,"",Lithuania,Clash of Krush,IPA - New England / Hazy,5.8,Pivovar Vik,Czech Republic,Def Enjoy
1600324851,2026-09-10,0.0,"",Vilnius,Pilsner Urquell,Pilsner - Czech / Bohemian,4.4,Plzeňský Prazdroj,Czech Republic,Liv_in City
1600326762,2026-09-10,2.8,IltaKriek,"",Vyšnių Kriek,Fruit Beer,5.0,Vilkmerges Alus,Lithuania,Litinterp Guesthouse Vilnius
1600374609,2026-09-10,3.8,"","Haifa, IL",Narangi,IPA - American,6.8,O/O Brewing ,Sweden,Tilto 6
1600378889,2026-09-10,0.0,"",Espoo,Kalnapilis Pilsner,Pilsner - Other,4.6,Kalnapilis Brewery,Lithuania,
1600378893,2026-09-10,0.0,"",Espoo,Monster Toybox,IPA - Other,7.4,Strange Toys,Ukraine,
1600378904,2026-09-10,0.0,"",Espoo,Denver,IPA - Imperial / Double New England / Hazy,9.2,Omnipollo,Sweden,
1600378998,2026-09-10,3.5,"",Koblenz,Šviesus,Lager - Pale,5.0,Būsi Trečias,Lithuania,Būsi Trečias
1600379041,2026-09-10,4.5,"","",Šviesus,Lager - Pale,5.0,Būsi Trečias,Lithuania,Būsi Trečias
1600380042,2026-09-10,3.8,"","",Jovarų Šnekutis,Farmhouse Ale - Other,6.0,A. Udrienes I.Į. Jovarų Alus,Lithuania,Šnekutis
1600380422,2026-09-10,3.8,"",Koblenz,APA,Pale Ale - American,5.0,Būsi Trečias,Lithuania,Būsi Trečias
1600380423,2026-09-10,4.0,"","",Juodas,Lager - Dark,6.7,Būsi Trečias,Lithuania,Būsi Trečias
1600381804,2026-09-10,3.8,"","",Penki Mazgai,IPA - New England / Hazy,5.0,Brick by Brick (Raudonų Plytų Alaus Dirbtuvės),Lithuania,Narbutas Business Lounge
1600382073,2026-09-10,4.0,"",Koblenz,Juodas,Lager - Dark,6.7,Būsi Trečias,Lithuania,Būsi Trečias
1600382086,2026-09-10,4.5,"","",Kvietinis,Wheat Beer - Hefeweizen,4.7,Būsi Trečias,Lithuania,Būsi Trečias
1600384304,2026-09-10,3.8,"","Haifa, IL",Pussalds Ābolu Sidrs Ar Aroniju,Cider - Other Fruit,5.2,Mūrbūdu Sidra Darītava,Latvia,Sodas: Sidro istorijos
1600384575,2026-09-10,0.0,"",Vilnius,Juice Monster Mango Loco,Non-Alcoholic - Energy Drink,0.0,Monster Energy,United States,Liv_in City
1600384971,2026-09-10,0.0,"",Peru,Špunka Pils,Pilsner - Czech / Bohemian,4.8,Dundulis,Lithuania,Šnekutis
1600385053,2026-09-10,1.5,"",Koblenz,Kvietinis,Wheat Beer - Hefeweizen,4.7,Būsi Trečias,Lithuania,Būsi Trečias
1600385071,2026-09-10,0.0,"",Peru,Jurgenborg,Lager - Pale,4.8,Klausučių Bravoras (UAB Armėniukas),Lithuania,Šnekutis
1600385072,2026-09-10,4.0,"","",APA,Pale Ale - American,5.0,Būsi Trečias,Lithuania,Būsi Trečias
1600385788,2026-09-10,3.3,"","",Keturi Vėjai (Four Winds),Kölsch,4.9,Brick by Brick (Raudonų Plytų Alaus Dirbtuvės),Lithuania,Stiklių Taverna
1600385883,2026-09-10,3.3,"","",IPA,IPA - Other,6.0,Volfas Engelman,Lithuania,
1600386716,2026-09-10,0.0,"",Peru,Kvietinis,Wheat Beer - Hefeweizen,5.0,Vilniaus Alus,Lithuania,Šnekutis
1600386828,2026-09-10,0.0,"",Peru,Varniukų Tamsus,Dark Ale,5.2,Davra Alaus Darykla,Lithuania,Šnekutis
1600387284,2026-09-10,4.3,"","",Vilkmergės Premium Lager,Lager - Helles,5.0,Vilkmerges Alus,Lithuania,DONDE Food & Drink
1600388480,2026-09-10,3.0,"","",Fortas Tamsus / Dark,Lager - Dark,5.0,Volfas Engelman,Lithuania,
1600388808,2026-09-10,0.0,"",Peru,Two Liberties / Dvi Laisvės,IPA - American,6.0,Genys Brewing Co.,Lithuania,Šnekutis
1600388929,2026-09-10,3.5,"","",Baltas (White),Wheat Beer - Hefeweizen,5.0,Švyturys,Lithuania,RoseHip Vegan Bistro
1600389034,2026-09-10,0.0,"",Peru,Humulupu IPA,IPA - Session,5.0,Dundulis,Lithuania,Šnekutis
1600389823,2026-09-10,1.8,"","Haifa, IL",Vilkmergės Premium Lager,Lager - Helles,5.0,Vilkmerges Alus,Lithuania,Lalimentari
1600390658,2026-09-10,3.0,"","",Varniukai,Lager - Amber / Red,5.6,Snekutis,Lithuania,
1600391045,2026-09-10,4.8,"","",Humulupu IPA,IPA - Session,5.0,Dundulis,Lithuania,Po Bačka
1600391741,2026-09-10,4.0,"","",Šviesus,Lager - Pale,5.0,Būsi Trečias,Lithuania,Būsi Trečias
1600392775,2026-09-10,3.5,"","",Bocmano Ūsai (Bosun’s Moustache),IPA - American,6.0,Brick by Brick (Raudonų Plytų Alaus Dirbtuvės),Lithuania,
1600392874,2026-09-10,2.5,"","",Bocmano Ūsai (Bosun’s Moustache),IPA - American,6.0,Brick by Brick (Raudonų Plytų Alaus Dirbtuvės),Lithuania,
1600394272,2026-09-10,2.0,"","",Vyšnių Kriek,Fruit Beer,5.0,Vilkmerges Alus,Lithuania,Breakfast room @ Marriott
1600395826,2026-09-10,4.0,"",Vilnius,It's Coming Home (Final Eight - England),IPA - New England / Hazy,6.2,Funky Fluid,Poland,Local Pub
1600395922,2026-09-10,3.8,"",Vilnius,Player,Pale Ale - American,5.0,PINTA,Poland,Local Pub
1600396143,2026-09-10,2.5,"","Vilnius, Lithuania",Amazonka,Pale Ale - Fruited,5.5,Волинський бровар,Ukraine,Pilaitės biblioteka
1600397008,2026-09-10,2.8,"","",Ekstra,Lager - Dortmunder / Export,5.2,Švyturys,Lithuania,
1600397224,2026-09-10,4.5,"","","Yummy Pineapple, Papaya & Coconut",Sour - Smoothie / Pastry,5.1,Sibeeria Brewery,Czech Republic,
1600397753,2026-09-10,2.5,"","",Kalnapilis Original,Lager - Pale,5.0,Kalnapilis Brewery,Lithuania,Breakfast room @ Marriott
1600398448,2026-09-10,3.0,"“What beer do you recommend?”

“What kind of beer you like?”

“Lager”

“I recommend the lager”","",Slageris,Lager - Helles,5.2,Dundulis,Lithuania,Špunka
1600398610,2026-09-10,4.0,Very smooth!,Finland,Canis Lupus,Lager - Pale,4.6,Vilniaus Alus,Lithuania,Po Bačka
1600398773,2026-09-10,3.8,"",Finland,Vilniaus Nefiltruotas Šviesusis,Kellerbier / Zwickelbier,5.2,Vilniaus Alus,Lithuania,Po Bačka
1600398785,2026-09-10,4.0,"","",Juodas,Lager - Dark,6.7,Būsi Trečias,Lithuania,Būsi Trečias
1600399088,2026-09-10,3.5,"","",Vilniaus Nefiltruotas Šviesusis,Kellerbier / Zwickelbier,5.2,Vilniaus Alus,Lithuania,Po Bačka
1600399152,2026-09-10,3.0,"","Vilnius, Lithuania","Forever Brewing Sorbet Line #2",Fruit Beer,4.5,Волинський бровар,Ukraine,Pilaitės biblioteka
1600399176,2026-09-10,3.8,"Light, smooth.",Finland,Varniukų Tamsus,Dark Ale,5.2,Davra Alaus Darykla,Lithuania,Po Bačka
1600399197,2026-09-10,3.5,"","",Canis Lupus,Lager - Pale,4.6,Vilniaus Alus,Lithuania,Po Bačka
1600399271,2026-09-10,4.5,"","",Chocolate Stout Nitro,Stout - Milk / Sweet,5.7,Browar Stu Mostów,Poland,Nisha Craft Capital
1600399272,2026-09-10,3.5,"","",Varniukų Tamsus,Dark Ale,5.2,Davra Alaus Darykla,Lithuania,Po Bačka
1600399343,2026-09-10,4.0,"",Koblenz,Humulupu IPA,IPA - Session,5.0,Dundulis,Lithuania,Gringo Pub
1600399468,2026-09-10,4.0,"","",Player,Pale Ale - American,5.0,PINTA,Poland,Local Pub
1600400745,2026-09-10,3.8,"",Vilnius,Overflow,IPA - New England / Hazy,6.7,Sofia Electric Brewing ,Bulgaria,Alaus Biblioteka
1600400983,2026-09-10,4.0,"",Vilnius,Kisel: Passion Fruit & Mango,Sour - Fruited Gose,3.8,Sofia Electric Brewing ,Bulgaria,Alaus Biblioteka
1600401213,2026-09-10,3.5,"",Vilnius,July Morning,Pilsner - Czech / Bohemian,4.4,Sofia Electric Brewing ,Bulgaria,Alaus Biblioteka
1600401352,2026-09-10,4.0,"","",APA,Pale Ale - American,5.0,Būsi Trečias,Lithuania,Būsi Trečias
1600401476,2026-09-10,0.0,"",Espoo,Medaus Mėnuo (Honeymoon),Honey Beer,4.9,Craft & Draft Brewpub & Whiskey,Lithuania,
1600401501,2026-09-10,3.8,"",Vilnius,Selo Pale,Pale Ale - New England / Hazy,5.0,Sofia Electric Brewing ,Bulgaria,Alaus Biblioteka
1600401754,2026-09-10,4.0,"",Vilnius,One Track Lover,IPA - New Zealand,7.1,Sofia Electric Brewing ,Bulgaria,Alaus Biblioteka
1600402916,2026-09-10,4.3,"","",It's Coming Home (Final Eight - England),IPA - New England / Hazy,6.2,Funky Fluid,Poland,Local Pub
1600403585,2026-09-10,3.0,"","",Baltijos,Märzen,5.8,Švyturys,Lithuania,
1600403715,2026-09-10,3.8,Kinda mix of Finnish Sima and mead,"",Kuršių,Mead - Session / Short,6.1,Šušvės Midus,Lithuania,Local Pub
1600403826,2026-09-10,3.3,"","",Nida,Wheat Beer - Other,4.6,Bear & Boar,Lithuania,Local Pub
1600403842,2026-09-10,3.8,"",Finland,Nida,Wheat Beer - Other,4.6,Bear & Boar,Lithuania,Local Pub
1600404024,2026-09-10,3.8,"Slightly challenging, but nice.",Finland,Kuršių,Mead - Session / Short,6.1,Šušvės Midus,Lithuania,Local Pub
1600404717,2026-09-10,2.5,"","",Baltijos,Märzen,5.8,Švyturys,Lithuania,Artagonist Art Hotel
1600405816,2026-09-10,4.3,"","",Meetilk,Blonde / Golden Ale - Other,4.5,Humalakoda,Estonia,Alaus Biblioteka
1600405852,2026-09-10,4.3,"",Vilnius,Beef Juice Volume 3,Stout - Imperial / Double Oatmeal,12.2,Sofia Electric Brewing ,Bulgaria,Alaus Biblioteka
1600405978,2026-09-10,3.8,"",Vilnius,Märzen,Märzen,5.5,Brauerei Wagner Merkendorf,Germany,Alaus Biblioteka
1600406166,2026-09-10,4.3,"","",The Doorway Effect,IPA - Imperial / Double New England / Hazy,8.0,Verdant Brewing Co,England,Nisha Craft Capital
1600406683,2026-09-10,3.3,"","",Zilgas Humpaliņa,Farmhouse Ale - Saison,6.3,Labietis. Pagan Brews,Latvia,Alaus Biblioteka
1600406846,2026-09-10,2.5,"","",Žemaičių Gyvas,Lager - Other,0.0,Gubernija Brewery,Lithuania,Žemaičių Ąsotis
1600407159,2026-09-10,4.0,"","",Pomegranate Lime Gose,Sour - Fruited Gose,4.8,Bear & Boar,Lithuania,Bear & Boar Taproom
1600407373,2026-09-10,4.0,"","",Pineapple Breeze,IPA - Milkshake,5.5,Bear & Boar,Lithuania,
1600407435,2026-09-10,4.0,Lisää granaattiomenaa olueen,Finland,Pomegranate Lime Gose,Sour - Fruited Gose,4.8,Bear & Boar,Lithuania,Šernas pub
1600407657,2026-09-10,4.3,"","",Argo Pilsner,Pilsner - Other,5.0,Argo Brewing Company,Georgia,
1600407810,2026-09-10,4.0,"",Finland,Pineapple Breeze,IPA - Milkshake,5.5,Bear & Boar,Lithuania,Šernas pub
1600408349,2026-09-10,0.0,"",Kansas City,Juodas,Lager - Dark,6.7,Būsi Trečias,Lithuania,Būsi Trečias
1600408412,2026-09-10,0.0,"",KCMO,Juodas,Lager - Dark,6.7,Būsi Trečias,Lithuania,Būsi Trečias
1600408840,2026-09-10,3.5,"","",Two Liberties / Dvi Laisvės,IPA - American,6.0,Genys Brewing Co.,Lithuania,Šnekutis
1600409260,2026-09-10,3.8,"","",Mango Ale,Fruit Beer,4.0,Švyturys,Lithuania,
1600409303,2026-09-10,4.3,"","",Mango Ale,Fruit Beer,4.0,Švyturys,Lithuania,
1600409460,2026-09-10,3.8,"","",Tongerlo Bruin - Brune,Belgian Dubbel,6.5,Brouwerij Haacht Brasserie,Belgium,Beer House
1600410414,2026-09-10,4.0,"","Haifa, IL",Golden Hour,IPA - Triple New England / Hazy,10.2,FrauGruber Brewing,Germany,Nisha Craft Capital
1600410546,2026-09-10,3.8,"",Vilnius,Zilgas Humpaliņa,Farmhouse Ale - Saison,6.3,Labietis. Pagan Brews,Latvia,Alaus Biblioteka
1600411797,2026-09-10,4.3,"",Vilnius,Selo Pale,Pale Ale - New England / Hazy,5.0,Sofia Electric Brewing ,Bulgaria,Alaus Biblioteka
1600411935,2026-09-10,4.0,"","",Selo Pale,Pale Ale - New England / Hazy,5.0,Sofia Electric Brewing ,Bulgaria,Alaus Biblioteka
1600411963,2026-09-10,4.0,"","",Pievų Rūko,Lager - Pale,5.0,Mažas Alaus Cechas,Lithuania,Beer House
1600412024,2026-09-10,3.8,"",Vilnius,One Track Lover,IPA - New Zealand,7.1,Sofia Electric Brewing ,Bulgaria,Alaus Biblioteka
1600412074,2026-09-10,3.8,"","",One Track Lover,IPA - New Zealand,7.1,Sofia Electric Brewing ,Bulgaria,Alaus Biblioteka
1600412203,2026-09-10,0.0,"",Peru,Zi-Zu Lager,Lager - Other,4.7,Sakiškės Brewery / Sakiškių Alus,Lithuania,Garinis Angelas
1600412383,2026-09-10,0.0,"",Espoo,July Morning,Pilsner - Czech / Bohemian,4.4,Sofia Electric Brewing ,Bulgaria,Alaus Biblioteka
1600412677,2026-09-10,4.3,"",Vilnius,IPA,IPA - American,6.2,Lagunitas Brewing Company,United States,Gringo Pub
1600413777,2026-09-10,3.8,"Light, easy drinking. Good balance, not too sweet or hoppy.","Arden, NC",Vilkmergės Premium Lager,Lager - Helles,5.0,Vilkmerges Alus,Lithuania,Charlie Pizza
1600414099,2026-09-10,0.0,"",Kotka,Bėganti Kopa (Running Dune),Wheat Beer - Witbier / Blanche,4.5,Brick by Brick (Raudonų Plytų Alaus Dirbtuvės),Lithuania,Protėviai
1600414110,2026-09-10,0.0,"",Peru,Pickle Sour Ale,Sour - Tomato / Vegetable Gose,4.3,Sakiškės Brewery / Sakiškių Alus,Lithuania,Garinis Angelas
1600414269,2026-09-10,3.8,"","",Grafo,Lager - American,5.2,Biržų Alus ,Lithuania,Žemaičių Ąsotis
1600414330,2026-09-10,0.0,"","",Vilkmergės Premium Lager,Lager - Helles,5.0,Vilkmerges Alus,Lithuania,Charlie Pizza
1600415407,2026-09-10,4.0,"мед з агурком п'ю ўпершыню ў жыцці, ніколі не позна пашыраць гарызонты","",Bitė Darže,Mead - Session / Short,9.4,Šušvės Midus,Lithuania,Local Pub
1600415860,2026-09-10,3.5,"Пінта не ў Пінце, а ў Вільні, здараецца і такое","",Sunnies,Blonde / Golden Ale - American,4.5,PINTA,Poland,Local Pub
1600416040,2026-09-10,4.3,"","",Simkala APA,Pale Ale - American,5.0,Širvėnos bravoras DUNDULIS,Lithuania,nArauti
1600416843,2026-09-10,4.3,"",Vilnius,Beef Juice Volume 3,Stout - Imperial / Double Oatmeal,12.2,Sofia Electric Brewing ,Bulgaria,Alaus Biblioteka
1600416898,2026-09-10,3.8,"","",It's Coming Home (Final Eight - England),IPA - New England / Hazy,6.2,Funky Fluid,Poland,Local Pub
1600416921,2026-09-10,4.3,"","",Beef Juice Volume 3,Stout - Imperial / Double Oatmeal,12.2,Sofia Electric Brewing ,Bulgaria,Alaus Biblioteka
1600416994,2026-09-10,0.0,"",Peru,Hazelnut Brown Ale,Brown Ale - English,6.0,Sakiškės Brewery / Sakiškių Alus,Lithuania,Garinis Angelas
1600417122,2026-09-10,3.5,"",Vilnius,Vaim,IPA - White / Wheat,6.5,Humalakoda,Estonia,Alaus Biblioteka
1600417384,2026-09-10,2.8,"","",Lech Premium,Lager - Pale,5.0,Lech Browary Wielkopolski,Poland,Le Chef @ Ozas
1600417609,2026-09-10,4.5,"","",Whatever,Sour - Fruited,3.0,OneTwo,Romania,Whatabee
1600418459,2026-09-10,3.8,"Не піў ніколі амерыканскія блонды, а тут другі за месяц","",Sunnies,Blonde / Golden Ale - American,4.5,PINTA,Poland,Local Pub
1600418647,2026-09-10,4.0,"","",Kuršių,Mead - Session / Short,6.1,Šušvės Midus,Lithuania,Local Pub
1600418986,2026-09-10,3.5,"Херата, калі чэсна","",It's Coming Home (Final Eight - England),IPA - New England / Hazy,6.2,Funky Fluid,Poland,Local Pub
1600419229,2026-09-10,4.0,"","",Rožė Ir Inkaras,Lager - American Light,4.5,Ežio Alus,Lithuania,Šnekutis
1600419612,2026-09-10,3.5,Бязлікая апка.,"",Player,Pale Ale - American,5.0,PINTA,Poland,Local Pub
1600419702,2026-09-10,3.5,"",Minsk,KOTU NORI,Hard Kombucha / Jun,5.0,DĖVĖTI,Lithuania,Dėvėti
1600421787,2026-09-10,3.3,"",Vilnius,Hefeweizen,Wheat Beer - Hefeweizen,5.0,Ārpus Brewing Co.,Latvia,Aquarius Brewery
1600421953,2026-09-10,4.3,"","",Ekstra,Lager - Dortmunder / Export,5.2,Švyturys,Lithuania,Pilies KATPĖDĖLĖ
1600422040,2026-09-10,4.5,"","Haifa, IL",Micke's Lingon Trip (2022),Mead - Melomel,12.0,Marlobobo,Norway,Obuolys Ir Bite
1600422162,2026-09-10,4.3,"",Minsk,Trappistes Rochefort 8,Belgian Strong Dark Ale,9.2,Abbaye Notre-Dame de Saint-Rémy,Belgium,Brussels Mussels
1600422660,2026-09-10,2.8,"","",Gose With Raspberries,Sour - Fruited Gose,3.5,Sakiškės Brewery / Sakiškių Alus,Lithuania,
1600422720,2026-09-10,4.5,"","",Malheur 8°,Belgian Strong Golden Ale,8.0,Brouwerij Malheur,Belgium,Brussels Mussels
1600422820,2026-09-10,3.5,"","",ABRAKADABRA [ Drumstasis IPA ],IPA - New England / Hazy,5.4,Dundulis,Lithuania,ELEKTRIT
1600423279,2026-09-10,4.0,"","",Westmalle Trappist Dubbel,Belgian Dubbel,7.0,Brouwerij der Trappisten van Westmalle,Belgium,Beer House
1600423916,2026-09-10,3.3,"","",Humulupu IPA,IPA - Session,5.0,Dundulis,Lithuania,Lokys
1600424066,2026-09-10,3.0,"","",Lager,Lager - Mexican,4.5,Bear & Boar,Lithuania,Beer House
1600424494,2026-09-10,3.8,"","",Selo Pale,Pale Ale - New England / Hazy,5.0,Sofia Electric Brewing ,Bulgaria,Alaus Biblioteka
1600424594,2026-09-10,4.0,"",Vilnius,Dieva Suns (Dog of God),IPA - New England / Hazy,6.0,Labietis. Pagan Brews,Latvia,Aquarius Brewery
1600424731,2026-09-10,4.0,Талковы пэйлік. Балгарскае міні-тто,"",Selo Pale,Pale Ale - New England / Hazy,5.0,Sofia Electric Brewing ,Bulgaria,Alaus Biblioteka
1600424828,2026-09-10,4.0,"","",Kisel: Passion Fruit & Mango,Sour - Fruited Gose,3.8,Sofia Electric Brewing ,Bulgaria,Alaus Biblioteka
1600425385,2026-09-10,3.8,"","",One Track Lover,IPA - New Zealand,7.1,Sofia Electric Brewing ,Bulgaria,Alaus Biblioteka
1600425440,2026-09-10,0.0,"",KCMO,It's Coming Home (Final Eight - England),IPA - New England / Hazy,6.2,Funky Fluid,Poland,Local Pub
1600425524,2026-09-10,3.8,Не быў ніколі ў Балгарыі. Шкада,"",Kisel: Passion Fruit & Mango,Sour - Fruited Gose,3.8,Sofia Electric Brewing ,Bulgaria,Alaus Biblioteka
1600425834,2026-09-10,0.0,"",Kansas City,It's Coming Home (Final Eight - England),IPA - New England / Hazy,6.2,Funky Fluid,Poland,Local Pub
1600425891,2026-09-10,2.5,"","",My Antonia,Pilsner - Imperial / Double,7.5,Birra Del Borgo,Italy,
1600425933,2026-09-10,3.8,Хацелася б большай пышнасці,"",One Track Lover,IPA - New Zealand,7.1,Sofia Electric Brewing ,Bulgaria,Alaus Biblioteka
1600426311,2026-09-10,3.3,"","",Pomegranate Lime Gose,Sour - Fruited Gose,4.8,Bear & Boar,Lithuania,Beer House
1600427511,2026-09-10,4.0,"","",Kisel: Passion Fruit & Mango,Sour - Fruited Gose,3.8,Sofia Electric Brewing ,Bulgaria,Alaus Biblioteka
1600427562,2026-09-10,3.5,"","",Seville Sunrise,Sour - Fruited Berliner Weisse,3.8,Eternal Night Brewing,Estonia,Alaus Biblioteka
1600427574,2026-09-10,4.0,"",Ottawa,Clash of Krush,IPA - New England / Hazy,5.8,Pivovar Vik,Czech Republic,Def Enjoy
1600427629,2026-09-10,4.0,"","",Pilnas Gazas,Blonde / Golden Ale - American,5.1,Ežio Alus,Lithuania,Šnekutis
1600428047,2026-09-10,3.3,"","",Pigem Eil,Sour - Flanders Red Ale,7.0,Hiiumaa Pruulikoda,Estonia,Alaus Biblioteka
1600428652,2026-09-10,4.0,"","",Santaños Tequila & Lime,Lager - Fruited  ,4.5,A. Le Coq,Estonia,
1600428688,2026-09-10,4.3,Iki dugno!,Vilnius. Lithuania.,Pilnas Gazas,Blonde / Golden Ale - American,5.1,Ežio Alus,Lithuania,Šnekutis
1600428696,2026-09-10,4.0,"","",Santaños Tequila & Lime,Lager - Fruited  ,4.5,A. Le Coq,Estonia,
1600429323,2026-09-10,3.5,Мутно аж в глазах и сознании помутнело,"",Clash of Krush,IPA - New England / Hazy,5.8,Pivovar Vik,Czech Republic,Def Enjoy
1600429417,2026-09-10,0.0,"",Espoo,One Track Lover,IPA - New Zealand,7.1,Sofia Electric Brewing ,Bulgaria,Alaus Biblioteka
1600429689,2026-09-10,0.0,Where’s the coconut? 🥥 i like it though,Espoo,Coconut Milk Stout,Stout - Milk / Sweet,4.7,Dūmų Brewery,Lithuania,Alaus Biblioteka
1600429833,2026-09-10,4.0,"","",Vilniaus Dubbel,Belgian Dubbel,6.5,Vilniaus Alus,Lithuania,nArauti
1600430523,2026-09-10,4.3,Балгарскі дуб. Смачна 🇧🇬,"",Beef Juice Volume 3,Stout - Imperial / Double Oatmeal,12.2,Sofia Electric Brewing ,Bulgaria,Alaus Biblioteka
1600430681,2026-09-10,3.8,"","Haifa, IL",Kisel: Passion Fruit & Mango,Sour - Fruited Gose,3.8,Sofia Electric Brewing ,Bulgaria,Alaus Biblioteka
1600430861,2026-09-10,3.8,"","",Delirium Argentum,IPA - Belgian,7.0,Delirium - Huyghe Brewery,Belgium,Beer House
1600431207,2026-09-10,4.5,"Incredibly smooth, very niiice!","",Beef Juice Volume 3,Stout - Imperial / Double Oatmeal,12.2,Sofia Electric Brewing ,Bulgaria,Alaus Biblioteka
1600431384,2026-09-10,4.3,"","",Green Monster IPA,IPA - American,6.0,Green Monster Brewery,Lithuania,iBar
1600432293,2026-09-10,3.0,"","Haifa, IL",July Morning,Pilsner - Czech / Bohemian,4.4,Sofia Electric Brewing ,Bulgaria,Alaus Biblioteka
1600432674,2026-09-10,4.3,цудоўная прэпаці перад Путояй,"",Beef Juice Volume 3,Stout - Imperial / Double Oatmeal,12.2,Sofia Electric Brewing ,Bulgaria,Alaus Biblioteka
1600433674,2026-09-10,4.3,"","",Swing,IPA - New England / Hazy,6.5,SOMA Beer,Spain,Def Enjoy
1600434133,2026-09-10,4.0,"","",Evocation,IPA - New England / Hazy,6.0,Browar Monsters,Poland,
1600434788,2026-09-10,3.3,"Ok, slight sweetness","",Premium Nealkoholinis,Non-Alcoholic - Lager,0.0,Vilkmerges Alus,Lithuania,
1600434824,2026-09-10,3.5,"","Haifa, IL",Selo Pale,Pale Ale - New England / Hazy,5.0,Sofia Electric Brewing ,Bulgaria,Alaus Biblioteka
1600435234,2026-09-10,3.8,"",Vilnius,Chills DDH,IPA - New England / Hazy,6.8,Outer Range Brewing Co.,United States,Def Enjoy
1600435322,2026-09-10,4.0,"","",Chills DDH,IPA - New England / Hazy,6.8,Outer Range Brewing Co.,United States,Def Enjoy
1600435522,2026-09-10,4.0,"",Vilnius,Swing,IPA - New England / Hazy,6.5,SOMA Beer,Spain,Def Enjoy
1600435703,2026-09-10,4.5,"","",Oude Geuze (Vieille),Lambic - Gueuze,6.5,Oud Beersel,Belgium,Brussels Mussels
1600435728,2026-09-10,4.3,"","",Čupakabra,Sour - Tomato / Vegetable Gose,4.2,Labietis. Pagan Brews,Latvia,
1600435871,2026-09-10,3.3,"","",Baltas (White),Wheat Beer - Hefeweizen,5.0,Švyturys,Lithuania,
1600435895,2026-09-10,4.5,"",Minsk,Geuze Mariage Parfait (2022),Lambic - Gueuze,8.0,Brouwerij Boon,Belgium,Brussels Mussels
1600437595,2026-09-10,4.0,"","",Grape X Red Currant X Strawberry X Peanut Butter Fruited Gose,Sour - Fruited Gose,4.5,Ārpus Brewing Co.,Latvia,Local Pub
1600437872,2026-09-10,3.8,Это надо сравнивать с кита пусе. Ну и тут хуже.,"",Mama Whipa,IPA - White / Wheat,6.0,Les Intenables - Craft Beer,France,Def Enjoy
1600438118,2026-09-10,3.5,"","Haifa, IL",One Track Lover,IPA - New Zealand,7.1,Sofia Electric Brewing ,Bulgaria,Alaus Biblioteka
1600438131,2026-09-10,0.0,"",Vilnius,TDH Hand-Selected Nectaron X Riwaka IPA,IPA - New England / Hazy,7.5,Ārpus Brewing Co.,Latvia,Liv_in City
1600438211,2026-09-10,4.0,"",Minsk,Chimay Dorée (Gold),Belgian Enkel / Patersbier,4.8,Bières de Chimay,Belgium,Brussels Mussels
1600438752,2026-09-10,3.3,"","",Hoppy Lager,Lager - Other,5.4,Bear & Boar,Lithuania,Šernas pub
1600438865,2026-09-10,0.0,"",Kansas City,ECHO the 10th Edition,Porter - Imperial / Double Baltic,10.0,Nepo Brewing,Poland,Local Pub
1600438929,2026-09-10,0.0,"",KCMO,ECHO the 10th Edition,Porter - Imperial / Double Baltic,10.0,Nepo Brewing,Poland,Local Pub
1600439030,2026-09-10,4.0,"","",Geuze Mariage Parfait (2022),Lambic - Gueuze,8.0,Brouwerij Boon,Belgium,Brussels Mussels
1600439454,2026-09-10,3.8,"","",Aušrinis: Superdelic x Motueka,IPA - Cold,5.6,Dundulis,Lithuania,ELEKTRIT
1600440498,2026-09-10,3.0,"","",Kyivske Draft,Lager - Pale,5.0,Obolon (Оболонь),Ukraine,
1600440551,2026-09-10,2.8,"","",Kyivske Draft,Lager - Pale,5.0,Obolon (Оболонь),Ukraine,
1600440553,2026-09-10,4.3,Як стары-добры Арпус. Але можа гэта дзякуючы Марталісу,"",Ārpus X Mortalis Brewing Co. Alphonso Mango X Coconut X Sticky Rice X Pineapple Smoothie Sour Ale,Sour - Smoothie / Pastry,4.5,Ārpus Brewing Co.,Latvia,Nisha Craft Capital
1600440708,2026-09-10,3.3,"","Haifa, IL",Sakura,Fruit Beer,5.0,Bear & Boar,Lithuania,Alaus Biblioteka
1600442066,2026-09-10,4.3,"",Vilnius,Ro-Coco,Sour - Smoothie / Pastry,6.5,Sáez & Son,Spain,Def Enjoy
1600442090,2026-09-10,4.3,"","",Gaismas Ragana (Witch Of Light),Mead - Braggot,8.0,Labietis. Pagan Brews,Latvia,
1600442244,2026-09-10,3.8,"",Vilnius,Dank Orbit,IPA - American,7.0,Outer Range Brewing Co.,United States,Def Enjoy
1600442499,2026-09-10,4.5,"",Minsk,Oude Geuze (Vieille),Lambic - Gueuze,6.5,Oud Beersel,Belgium,Brussels Mussels
1600442865,2026-09-10,3.5,Erstes Bier in Vilnius 🍻🇱🇹👌,Wuppertal ,Nida,Wheat Beer - Other,4.6,Bear & Boar,Lithuania,Little Big
1600442904,2026-09-10,3.8,Gut angekommen 🇱🇹,Wuppertal,Citra IPA,IPA - American,5.4,Bear & Boar,Lithuania,Little Big
1600443948,2026-09-10,3.3,"Sehr blumig hefig, nicht fruchtig",Wuppertal,Nida,Wheat Beer - Other,4.6,Bear & Boar,Lithuania,Little Big
1600444133,2026-09-10,4.0,"Як гозэ, дык цалкам сабе. Хаця ў людзей на фота больш смузяшна","",Grape X Red Currant X Strawberry X Peanut Butter Fruited Gose,Sour - Fruited Gose,4.5,Ārpus Brewing Co.,Latvia,Nisha Craft Capital
1600444148,2026-09-10,4.5,"калаб з Марталісам, круты смузік","",Ārpus X Mortalis Brewing Co. Alphonso Mango X Coconut X Sticky Rice X Pineapple Smoothie Sour Ale,Sour - Smoothie / Pastry,4.5,Ārpus Brewing Co.,Latvia,Nisha Craft Capital
1600445122,2026-09-10,3.8,"",Kaunas,HRR: Czarny Wierszalin,Stout - Other,5.0,Harpagan Craft Beer,Poland,Vienuolyno Kiemelis
1600445363,2026-09-10,3.5,"","",Citra IPA,IPA - American,5.4,Bear & Boar,Lithuania,Šernas pub
1600445780,2026-09-10,3.5,"",Wuppertal ,Citra IPA,IPA - American,5.4,Bear & Boar,Lithuania,Vilnius
1600446063,2026-09-10,3.8,"",Kaunas,IPA,IPA - American,5.5,Magic Road,Poland,Magic Kebabai
1600446408,2026-09-10,4.0,"пастарэла, але норм","",God of the Guilty,IPA - New England / Hazy,6.5,Third Moon Brewing Company,Canada,Nisha Craft Capital
1600446541,2026-09-10,3.5,"",Kaunas,Hops Around the World: South Africa,IPA - Other,6.3,Nepo Brewing,Poland,African Market
1600446971,2026-09-10,3.3,"",Kaunas,Summit.,Lager - Helles,5.3,Moon Lark Brewery,Poland,SOHO Summer Terrace
1600447156,2026-09-10,4.5,"","Haifa, IL",Bulwark,Porter - Imperial / Double,12.7,Sofia Electric Brewing ,Bulgaria,Alaus Biblioteka
1600448408,2026-09-10,4.3,"Ого, нечакана ахраненна","",The Doorway Effect,IPA - Imperial / Double New England / Hazy,8.0,Verdant Brewing Co,England,Nisha Craft Capital
1600449000,2026-09-10,3.8,"","",Ganuzēns (Shepherd`S Boy),Farmhouse Ale - Saison,4.5,Labietis. Pagan Brews,Latvia,
1600449889,2026-09-10,2.8,"","",ReAle,IPA - Red,6.4,Birra Del Borgo,Italy,
1600450432,2026-09-10,2.5,"",Wuppertal ,Estrella Damm,Lager - Pale,5.4,Damm,Spain,Bomžų Parkas
1600450572,2026-09-10,2.0,"","",Bernelių Užeigos Gyvas Alus,Pale Ale - American,5.0,Bernelių Užeiga,Lithuania,Bernelių Užeiga
1600450584,2026-09-10,3.5,"","",Seville Sunrise,Sour - Fruited Berliner Weisse,3.8,Eternal Night Brewing,Estonia,Alaus Biblioteka
1600450636,2026-09-10,3.0,"","",Humulupu IPA,IPA - Session,5.0,Dundulis,Lithuania,Šnekutis
1600451186,2026-09-10,3.8,"","",HopGang: Don't Shoot,IPA - American,5.8,Inne Beczki,Poland,
1600451392,2026-09-10,3.3,"","",Čupakabra,Sour - Tomato / Vegetable Gose,4.2,Labietis. Pagan Brews,Latvia,
1600451456,2026-09-10,2.5,"","",Beerville Šviesusis / Gaišais Alus / Light,Lager - Pale,5.1,Aukštaitijos Bravorai,Lithuania,Le Meridien Golf And Spa Resort
1600451480,2026-09-10,3.8,"",Ottawa,Mama Whipa,IPA - White / Wheat,6.0,Les Intenables - Craft Beer,France,
1600451522,2026-09-10,3.5,"","",Bocmano Ūsai (Bosun’s Moustache),IPA - American,6.0,Brick by Brick (Raudonų Plytų Alaus Dirbtuvės),Lithuania,Submarinas
1600451854,2026-09-10,3.8,"",Ottawa,Chills DDH,IPA - New England / Hazy,6.8,Outer Range Brewing Co.,United States,Def Enjoy
1600452246,2026-09-10,2.8,"","",Kyivske Stout,Stout - Other,6.0,Obolon (Оболонь),Ukraine,
1600452848,2026-09-10,4.3,"","",Pie Strings Theory 2026,Sour - Smoothie / Pastry,6.0,Sofia Electric Brewing ,Bulgaria,Alaus Biblioteka
1600453202,2026-09-10,3.5,"","",Pelašķu velns (The Yarrow Devil),Stout - Imperial / Double,9.9,Labietis. Pagan Brews,Latvia,
1600453311,2026-09-10,4.3,"","",The Doorway Effect,IPA - Imperial / Double New England / Hazy,8.0,Verdant Brewing Co,England,
1600453588,2026-09-10,0.0,"",Vilnius,Anarkist New England IPA,IPA - New England / Hazy,5.4,Theodor Schiøtz Brewing Company,Denmark,Liv_in City
1600453900,2026-09-10,4.0,Нармальна надзіва. Чакаў горшага,"",God of the Guilty,IPA - New England / Hazy,6.5,Third Moon Brewing Company,Canada,Nisha Craft Capital
1600453969,2026-09-10,4.5,"Getting ready for Putoja fest! Overall amazing sip, great balance of stout, coffee and boozyness.",Vilnius,Legendy Polskie: Czart,Stout - Imperial / Double Coffee,15.0,Jan Olbracht Browar Rzemieślniczy,Poland,Kavuko ir Aliuko būstė
1600455211,2026-09-10,4.0,Gerai ir įdomiai. Labai lietuviškai.,Vilnius. Lithuania.,Juodaragio Regyklos Kadaginė IPA,IPA - Farmhouse,5.0,Dundulis,Lithuania,Savičiaus Špunka
1600455312,2026-09-10,3.5,"","",Rinkuškių Proginis,Lager - Pale,5.2,Rinkuškiai,Lithuania,Vilnius
1600456053,2026-09-10,3.8,"","Lingen, Lower Saxony, Germany",Slojikų Myžalinis,Lager - Pale,4.7,Sakiškės Brewery / Sakiškių Alus,Lithuania,Slojikai
1600457468,2026-09-10,1.8,"",Klaipeda,Non-alcoholic Cronus,Non-Alcoholic - Other Beer,0.0,Maxima LT,Lithuania,
1600457698,2026-09-10,3.5,"",Wuppertal ,IPA,IPA - Other,5.5,Kauno Alus,Lithuania,Malkų turgaus skveras
1600457916,2026-09-10,2.8,"",Wuppertal,Estrella Damm,Lager - Pale,5.4,Damm,Spain,Little Big
1600458496,2026-09-10,3.3,Etwas wie Red Ale,Wuppertal,IPA,IPA - Other,5.5,Kauno Alus,Lithuania,Little Big
1600458629,2026-09-10,4.3,"",Minsk,Humulupu IPA,IPA - Session,5.0,Dundulis,Lithuania,Bromas
1600460785,2026-09-10,2.0,"","",Radziņš (Typical Latvian Wheat Bread With Caraway),Wheat Beer - Other,4.3,Labietis. Pagan Brews,Latvia,
1600461039,2026-09-10,3.0,інтуіцыя не падвяла - два свежых юнікі,"",Meta Sviesus Lageris,Lager - Pale,4.9,Craft & Draft Brewpub & Whiskey,Lithuania,Craft & Draft
1600461401,2026-09-10,3.3,"Ох, вайб мінскага Піплса з Талерам","",Pusele Sviesus Lageris,Lager - Pale,5.2,Craft & Draft Brewpub & Whiskey,Lithuania,Craft & Draft
1600461862,2026-09-10,3.0,"","",E034,Wheat Beer - Hefeweizen,4.5,Labietis. Pagan Brews,Latvia,
1600462306,2026-09-10,3.3,"","",Pusele Sviesus Lageris,Lager - Pale,5.2,Craft & Draft Brewpub & Whiskey,Lithuania,Craft & Draft
1600462640,2026-09-10,3.8,Kyseloučkis pivečkis,"",Pomegranate Lime Gose,Sour - Fruited Gose,4.8,Bear & Boar,Lithuania,Šernas pub
1600463384,2026-09-10,3.0,У якія дзебры Ластоўскі толькі не завядзе!,"",Meta Sviesus Lageris,Lager - Pale,4.9,Craft & Draft Brewpub & Whiskey,Lithuania,Craft & Draft
1600465251,2026-09-10,3.8,"",Minsk,Mama Whipa,IPA - White / Wheat,6.0,Les Intenables - Craft Beer,France,Def Enjoy
1600465511,2026-09-10,3.5,"","Lingen, Lower Saxony, Germany",Citra IPA,IPA - American,5.4,Bear & Boar,Lithuania,Slojikai
1600466065,2026-09-10,3.5,"","",Pipars (Pepper),Spiced / Herbed Beer,5.5,Labietis. Pagan Brews,Latvia,
1600466349,2026-09-10,2.8,"","",Lech Premium,Lager - Pale,5.0,Lech Browary Wielkopolski,Poland,Jewish Ghetto Memorial
1600466375,2026-09-10,4.3,"",Minsk,Ro-Coco,Sour - Smoothie / Pastry,6.5,Sáez & Son,Spain,Def Enjoy
1600468510,2026-09-10,3.3,"","Haifa, IL","Beauty Extreme - Carrot, Pineapple, Calamansi & Ginger",Sour - Smoothie / Pastry,4.6,Magic Road,Poland,Local Pub
1600468755,2026-09-10,4.3,"","",Brenta Bräu Helles,Lager - Helles,5.2,Birrificio Val Rendena,Italy,
1600469778,2026-09-10,0.0,"",Vilnius,Anarkist New England IPA,IPA - New England / Hazy,5.4,Theodor Schiøtz Brewing Company,Denmark,Liv_in City
1600470675,2026-09-10,2.8,"","",Bocmano Ūsai (Bosun’s Moustache),IPA - American,6.0,Brick by Brick (Raudonų Plytų Alaus Dirbtuvės),Lithuania,Eat More Chinese
1600472502,2026-09-10,0.0,"",Poznan,Malted Forest Berry Mead,Mead - Other,9.5,Sakiškės Brewery / Sakiškių Alus,Lithuania,Begemoto Sapnas
1600472915,2026-09-10,4.0,"","",Sky-Me,Sour - Smoothie / Pastry,6.5,LOKO* by Sáez & Son,Spain,Def Enjoy
1600472974,2026-09-10,2.8,"","",Aušrinis: Superdelic x Motueka,IPA - Cold,5.6,Dundulis,Lithuania,
1600473410,2026-09-10,3.5,"",Kaunas,Oktoberfest Bier (2026),Festbier,5.0,Paulaner Brauerei,Germany,Octopus house
1600475359,2026-09-10,3.0,"",Poznan,Mezcal Infused Imperial Blonde Ale,Blonde / Golden Ale - Other,10.2,Sakiškės Brewery / Sakiškių Alus,Lithuania,Begemoto Sapnas
1600475728,2026-09-10,4.0,"","",Organic Tattoo Lager,Lager - Pale,4.0,Genys Brewing Co.,Lithuania,Vilnius
1600478065,2026-09-10,3.5,"","Lingen, Lower Saxony, Germany",Humulupu IPA,IPA - Session,5.0,Dundulis,Lithuania,Slojikai
1600478942,2026-09-10,2.5,"","",Walter Oriģinālais/Original,Lager - Pale,4.2,RIMI Latvia,Latvia,
1600479256,2026-09-10,2.0,"","",Paderborner Pilger,Kellerbier / Zwickelbier - Dunkel,5.0,Paderborner Brauerei,Germany,
1600482453,2026-09-10,3.0,"",Oslo,Pusele Sviesus Lageris,Lager - Pale,5.2,Craft & Draft Brewpub & Whiskey,Lithuania,Craft & Draft
1600482863,2026-09-10,0.0,"",Vilnius,Pilsner Urquell,Pilsner - Czech / Bohemian,4.4,Plzeňský Prazdroj,Czech Republic,Liv_in City
1600483018,2026-09-10,3.8,Nu. Nu? Geriu. Taip. Geriu. Juoda važiuoja šalia. Taip. Skani. Labai. Sultinga.,Vilnius. Lithuania.,Sunnies,Blonde / Golden Ale - American,4.5,PINTA,Poland,Local Pub
1600484480,2026-09-10,0.0,"",Oslo,IPUTĖ (Little IPA),IPA - American,5.1,Craft & Draft Brewpub & Whiskey,Lithuania,Craft & Draft
1600484639,2026-09-10,3.0,"",Oslo,Tamsi Praeitis (Dark Past),Lager - Dark,4.9,Craft & Draft Brewpub & Whiskey,Lithuania,Craft & Draft
1600484640,2026-09-10,0.0,"","",July Morning,Pilsner - Czech / Bohemian,4.4,Sofia Electric Brewing ,Bulgaria,Alaus Biblioteka
1600484907,2026-09-10,3.0,"",Oslo,Medaus Mėnuo (Honeymoon),Honey Beer,4.9,Craft & Draft Brewpub & Whiskey,Lithuania,Craft & Draft
1600485939,2026-09-10,4.0,"Taip bl. Va čia tai senovė. Pasijaučiau kunigaikščiu.  tikra LDK klasika. Šušvė kala į tarpukojį. Negailėdama kabančių. Medaus alus iš krano, taigi ahujenai draugai.",Vilnius. Lithuania.,Kuršių,Mead - Session / Short,6.1,Šušvės Midus,Lithuania,Local Pub
1600486344,2026-09-10,3.3,"","",Baltas (White),Wheat Beer - Hefeweizen,5.0,Švyturys,Lithuania,Uncle Sam's American Pub
1600486444,2026-09-10,2.8,"","",Baltas (White),Wheat Beer - Hefeweizen,5.0,Švyturys,Lithuania,
1600486823,2026-09-10,3.0,"",Oslo,Daujotų Kvietinis,Wheat Beer - Hefeweizen,5.1,Davra Alaus Darykla,Lithuania,Craft & Draft
1600486861,2026-09-10,3.0,"","",Lager,Lager - Mexican,4.5,Bear & Boar,Lithuania,Beer House
1600487618,2026-09-10,4.0,"","",Brizas,Pale Ale - American,4.8,Pilialaukis,Lithuania,Vilnius
1600489098,2026-09-10,3.0,"",Oslo,Šviesi Ateitis (Bright Future),Lager - Pale,4.8,Craft & Draft Brewpub & Whiskey,Lithuania,Craft & Draft
1600489373,2026-09-10,4.0,"","Lingen, Lower Saxony, Germany",Bėganti Kopa (Running Dune),Wheat Beer - Witbier / Blanche,4.5,Brick by Brick (Raudonų Plytų Alaus Dirbtuvės),Lithuania,Slojikai
1600489401,2026-09-10,2.8,"",Oslo,Meta Sviesus Lageris,Lager - Pale,4.9,Craft & Draft Brewpub & Whiskey,Lithuania,Craft & Draft
1600489643,2026-09-10,4.0,Nakouřenickis,"",Smoked Helles,Rauchbier,4.8,Sakiškės Brewery / Sakiškių Alus,Lithuania,Solo Society
1600489649,2026-09-10,4.0,"","",English Porter,Porter - English,5.4,Bear & Boar,Lithuania,
1600489826,2026-09-10,1.5,"","",SUPER 8 IPA,IPA - Belgian,6.0,Brouwerij Haacht Brasserie,Belgium,Beer House
1600490897,2026-09-10,2.5,"Thin,a little citra","",Citra IPA,IPA - American,5.4,Bear & Boar,Lithuania,Beer House
1600492450,2026-09-10,2.0,"","",Humulupu IPA,IPA - Session,5.0,Dundulis,Lithuania,Beer House
1600492857,2026-09-10,3.3,"4,5€",Oslo,Vilkmergês Tamsusis (Vilkmerges Dark),Lager - Munich Dunkel,6.0,Vilkmerges Alus,Lithuania,Mr. Pub
1600493765,2026-09-11,3.5,"","",ABRAKADABRA [ Drumstasis IPA ],IPA - New England / Hazy,5.4,Dundulis,Lithuania,
1600494095,2026-09-11,1.5,Way to sweet,"",Double Horn,Lager - Dark,4.0,Alsteka,Lithuania,Beer House
1600494472,2026-09-11,4.3,"",Kaunas,TDH Strata X Taiheke IPA,IPA - New England / Hazy,6.5,Ārpus Brewing Co.,Latvia,Strategy Labs
1600494603,2026-09-11,3.3,"",Poznan,Anarkist New England IPA,IPA - New England / Hazy,5.4,Theodor Schiøtz Brewing Company,Denmark,Blusynė
1600495185,2026-09-11,4.3,"","",Brenta Bräu Weizen,Wheat Beer - Hefeweizen,5.3,Birrificio Val Rendena,Italy,
1600497875,2026-09-11,2.0,"",Vilnius,Yantar (Янтар світле),Lager - Pale,4.4,AB InBev Efes Ukraine,Ukraine,
1600498923,2026-09-11,3.8,"","",Farm To Glass '26: Riwaka,IPA - New Zealand,6.3,Funky Fluid,Poland,
1600501920,2026-09-11,3.5,"","",Apynių Sodas ,Kölsch,5.2,Dundulis,Lithuania,
1600502337,2026-09-11,3.5,"",Srem,Anarkist New England IPA,IPA - New England / Hazy,5.4,Theodor Schiøtz Brewing Company,Denmark,
1600502882,2026-09-11,3.5,"Neblogas, bet kas čia įpylė","Vilnius, Lithuania",Meat Lovers Lager,Lager - American,0.0,Rinkuškiai,Lithuania,Meat Lovers Pub
1600502996,2026-09-11,3.8,"","Vilnius, Lithuania",Šviesus,Lager - Pale,5.0,Būsi Trečias,Lithuania,Būsi Trečias
1600503151,2026-09-11,3.8,"","Vilnius, Lithuania",Šviesi Ateitis (Bright Future),Lager - Pale,4.8,Craft & Draft Brewpub & Whiskey,Lithuania,Craft & Draft
1600503209,2026-09-11,3.8,Antras raundas,"Vilnius, Lithuania",Šviesi Ateitis (Bright Future),Lager - Pale,4.8,Craft & Draft Brewpub & Whiskey,Lithuania,Craft & Draft
1600505789,2026-09-11,3.0,"",Poznan,Complot IPA,IPA - Other,6.6,Damm,Spain,Blusynė
1600511719,2026-09-11,3.3,"",Poznan,Anarkist New England IPA,IPA - New England / Hazy,5.4,Theodor Schiøtz Brewing Company,Denmark,Devyni drakonai
1600558272,2026-09-11,3.5,"",Kaunas,DIALOG,IPA - New England / Hazy,5.0,Browar Cztery Ściany / Four Walls Brewery,Poland,Dialogas tamsoje
1600558338,2026-09-11,3.5,"",Kaunas,Superfly,IPA - American,6.0,Hackney Church Brew Co.,England,Super Sushi 24/7
1600558407,2026-09-11,3.5,"",Kaunas,Renaissance,Pale Ale - American,4.5,Hackney Church Brew Co.,England,René
1600558636,2026-09-11,3.8,"",Kaunas,SORBET,Sour - Fruited Gose,5.2,Browar Cztery Ściany / Four Walls Brewery,Poland,Pizzeria Sorrentino
1600559684,2026-09-11,3.0,"","Haifa, IL",Gubernija Duonos Gira / Dark Rye Bread Kvass,Kvass,0.5,Gubernija Brewery,Lithuania,Tilto 6
1600560197,2026-09-11,2.8,"","",Kalnapilis 7.30,Lager - Strong,7.3,Kalnapilis Brewery,Lithuania,
1600560707,2026-09-11,3.3,"","",Bernelių Užeigos Gyvas Alus,Pale Ale - American,5.0,Bernelių Užeiga,Lithuania,
1600561029,2026-09-11,3.8,"","",Baltas (White),Wheat Beer - Hefeweizen,5.0,Švyturys,Lithuania,Uncle Sam's American Pub
1600561058,2026-09-11,4.3,"","",Anarkist New England IPA,IPA - New England / Hazy,5.4,Theodor Schiøtz Brewing Company,Denmark,
1600561072,2026-09-11,3.3,"","",Grimbergen Dubbel,Belgian Dubbel,6.5,Brouwerij Alken-Maes,Belgium,
1600563525,2026-09-11,4.0,Приехали и сразу выпили.,beer:cerveza:bier:birra:alus:piwo:bira:pivo:olut ,VD-10!,Pale Ale - XPA (Extra Pale),5.0,Basker Brewing Co.,Lithuania,Gero alaus parduotuvė
1600563548,2026-09-11,4.3,Прыбылі з тэрміновым візітам у Вільню і неадкладна ўмандзілі,"Belarus, Minsk",VD-10!,Pale Ale - XPA (Extra Pale),5.0,Basker Brewing Co.,Lithuania,Gero alaus parduotuvė
1600563783,2026-09-11,4.0,"Странный трипель, травки не пойму эти нравятся или нет.",beer:cerveza:bier:birra:alus:piwo:bira:pivo:olut ,Circus Herb Tripel - Presented by the Herb Master,Spiced / Herbed Beer,8.5,Circus Brouwerij,Belgium,Gero alaus parduotuvė
1600563836,2026-09-11,3.3,Ох які дзіўны напой... Гара травы ды барбарыскі,"Belarus, Minsk",Circus Herb Tripel - Presented by the Herb Master,Spiced / Herbed Beer,8.5,Circus Brouwerij,Belgium,iLunch
1600564039,2026-09-11,2.5,"","",Sapporo Premium Beer,Lager - Pale,4.9,Sapporo Breweries,Japan,
1600564282,2026-09-11,4.0,Прыемна канешне з самага ранку накаціць піўка на летняй верандзе,"Belarus, Minsk",Slow IPA,IPA - Session,5.0,Basker Brewing Co.,Lithuania,Game Room
1600564480,2026-09-11,4.0,Очень даже неплохо получилось. Вкусно.,beer:cerveza:bier:birra:alus:piwo:bira:pivo:olut ,Špunka Pils,Pilsner - Czech / Bohemian,4.8,Dundulis,Lithuania,Gero alaus parduotuvė
1600564519,2026-09-11,3.8,Нечакана добры пілз,"Belarus, Minsk",Špunka Pils,Pilsner - Czech / Bohemian,4.8,Dundulis,Lithuania,Shilta.lt redakcija
1600564563,2026-09-11,3.8,"Перепью и в банке. Сессионка лёгкая, хмелек есть.",beer:cerveza:bier:birra:alus:piwo:bira:pivo:olut ,Slow IPA,IPA - Session,5.0,Basker Brewing Co.,Lithuania,Gero alaus parduotuvė
1600564885,2026-09-11,4.0,Sweet,"",Mėnulio Tako,Wheat Beer - Hefeweizen,5.2,Mažas Alaus Cechas,Lithuania,
1600565174,2026-09-11,4.0,"","Åbo, Finland",Volfas Engelman New England IPA,IPA - New England / Hazy,0.0,Volfas Engelman,Lithuania,Who Hit John
1600565818,2026-09-11,3.5,"","",Bohemijos Tamsusis,Lager - Tmavé (Czech Dark),4.2,Volfas Engelman,Lithuania,Televizijos bokštas | Vilnius TV tower (Televizijos bokštas)
1600565822,2026-09-11,2.8,"","",Balta Pinta,Wheat Beer - Hefeweizen,5.0,Volfas Engelman,Lithuania,Televizijos bokštas | Vilnius TV tower (Televizijos bokštas)
1600565864,2026-09-11,2.5,"","",Bohemijos Tamsusis,Lager - Tmavé (Czech Dark),4.2,Volfas Engelman,Lithuania,Televizijos bokštas | Vilnius TV tower (Televizijos bokštas)
1600565885,2026-09-11,3.3,"","",Rinktinis,Lager - Pale,5.2,Volfas Engelman,Lithuania,Televizijos bokštas | Vilnius TV tower (Televizijos bokštas)
1600565969,2026-09-11,3.5,Некаторыя пілі яшчэ ў 2022 годзе а мы вось толькі дапіліся,"Belarus, Minsk",Atpūtys,Pale Ale - English,4.9,Tikras Alus,Lithuania,Amatų skveras
1600565975,2026-09-11,1.8,"","",Rinktinis,Lager - Pale,5.2,Volfas Engelman,Lithuania,Televizijos bokštas | Vilnius TV tower (Televizijos bokštas)
1600566025,2026-09-11,3.5,И по цвету и по хмелю похож на инглиш. Но по вкусу подкачал.,beer:cerveza:bier:birra:alus:piwo:bira:pivo:olut ,Atpūtys,Pale Ale - English,4.9,Tikras Alus,Lithuania,Milijonas Rožių
1600566134,2026-09-11,3.5,"",Minsk,Abbaye de Vauclair - Blonde,Farmhouse Ale - Bière de Garde,6.2,Lidl France,France,Bernardinų sodas
1600566153,2026-09-11,3.5,Начнём,Minsk,Abbaye de Vauclair - Blonde,Farmhouse Ale - Bière de Garde,6.2,Lidl France,France,La Crepe terrasse @ Bernardinų sodas
1600566297,2026-09-11,0.0,"",Kotka,Keturi Vėjai (Four Winds),Kölsch,4.9,Brick by Brick (Raudonų Plytų Alaus Dirbtuvės),Lithuania,Halės Smokehouse
1600566384,2026-09-11,3.5,"","",Balta Pinta,Wheat Beer - Hefeweizen,5.0,Volfas Engelman,Lithuania,Televizijos bokštas | Vilnius TV tower (Televizijos bokštas)
1600566418,2026-09-11,2.5,"","",Rinktinis,Lager - Pale,5.2,Volfas Engelman,Lithuania,
1600566496,2026-09-11,3.5,"","",Bohemijos Tamsusis,Lager - Tmavé (Czech Dark),4.2,Volfas Engelman,Lithuania,
1600566558,2026-09-11,2.5,"",Minsk,Argus Rubi Pomegranate,Fruit Beer,4.5,Volfas Engelman,Lithuania,Bernardinų sodas
1600566608,2026-09-11,4.0,"","",Balta Pinta,Wheat Beer - Hefeweizen,5.0,Volfas Engelman,Lithuania,Smash By Mama Sakė Paeis
1600566636,2026-09-11,2.5,"",Minsk,Argus Rubi Pomegranate,Fruit Beer,4.5,Volfas Engelman,Lithuania,Bernardinų sodas
1600566861,2026-09-11,3.8,"","",Baltijos,Märzen,5.8,Švyturys,Lithuania,Etno Dvaras
1600567010,2026-09-11,4.0,"А и впрямь очень освежающий. Хорошо, что мы только приехали, а не уезжаем Constantine",beer:cerveza:bier:birra:alus:piwo:bira:pivo:olut ,Pomegranate Lime Gose,Sour - Fruited Gose,4.8,Bear & Boar,Lithuania,Menu fabrikas LOFTAS
1600567025,2026-09-11,4.3,Ебаць які ён кіслы ды салёны уфффьььь бадзерыць,"Belarus, Minsk",Pomegranate Lime Gose,Sour - Fruited Gose,4.8,Bear & Boar,Lithuania,švitrigailos stotelė
1600567121,2026-09-11,3.5,Karolis and Dovile wedding,Vilnius,Anarkist New England IPA,IPA - New England / Hazy,5.4,Theodor Schiøtz Brewing Company,Denmark,Grey
1600567464,2026-09-11,2.5,"","",Alaus Kelias,Lager - Pale,5.5,Rinkuškiai,Lithuania,
1600568099,2026-09-11,3.8,"",Minsk,Porteris Black Beer,Porter - Baltic,6.0,Aukštaitijos Bravorai,Lithuania,Holy Sauce
1600568139,2026-09-11,3.0,"",Minsk,Porteris Black Beer,Porter - Baltic,6.0,Aukštaitijos Bravorai,Lithuania,Bernardinų sodas
1600568634,2026-09-11,3.5,"Цырк паехаў, а мы п'ем. Горка, але ж і ўсё.",beer:cerveza:bier:birra:alus:piwo:bira:pivo:olut ,Circus Session IPA - Presented by the Juggler,IPA - Session,4.0,Circus Brouwerij,Belgium,Pizza Siracusa
1600568707,2026-09-11,3.8,Па гэтай спякоце ды на сонцы седзячы здаецца нават загарэўшымі вярнемся на Мінскас,"Belarus, Minsk",Circus Fantastic IPA - Presented by the Hopnotizer,IPA - Belgian,5.7,Circus Brouwerij,Belgium,Vilnius City Hotel
1600568782,2026-09-11,3.5,"Ну здаецца ўсі ІПА з халадосу высмакталі, можна паўзці ў гатэль засяляцца","Belarus, Minsk",Circus Session IPA - Presented by the Juggler,IPA - Session,4.0,Circus Brouwerij,Belgium,Menu fabrikas LOFTAS
1600568809,2026-09-11,3.8,"О, а тут хотя бы хмель имеется.",beer:cerveza:bier:birra:alus:piwo:bira:pivo:olut ,Circus Fantastic IPA - Presented by the Hopnotizer,IPA - Belgian,5.7,Circus Brouwerij,Belgium,Vilnius City Hotel
1600568979,2026-09-11,3.8,"",Wuppertal,Penki Mazgai,IPA - New England / Hazy,5.0,Brick by Brick (Raudonų Plytų Alaus Dirbtuvės),Lithuania,Lukiškių kalėjimas
1600569296,2026-09-11,3.5,"",Wuppertal ,Bocmano Ūsai (Bosun’s Moustache),IPA - American,6.0,Brick by Brick (Raudonų Plytų Alaus Dirbtuvės),Lithuania,Lukiškių kalėjimas 2.0
1600569317,2026-09-11,4.0,"",Wokingham,Juodas,Lager - Dark,6.7,Būsi Trečias,Lithuania,Būsi Trečias
1600569328,2026-09-11,3.5,"",Wuppertal,Bocmano Ūsai (Bosun’s Moustache),IPA - American,6.0,Brick by Brick (Raudonų Plytų Alaus Dirbtuvės),Lithuania,Lukiškių kalėjimas 2.0
1600569364,2026-09-11,2.0,"","",Kyivske Stout,Stout - Other,6.0,Obolon (Оболонь),Ukraine,
1600569639,2026-09-11,4.5,"","",Bistrampolio Dvaro Šviesusis / Bistrampolio Dvaro Light / Muižas Gaišais Alus,Lager - Pale,5.0,Aukštaitijos Bravorai,Lithuania,Etno dvaras
1600569800,2026-09-11,4.3,First Lithuanian beer. 👌,"",Vilkmergės Premium Lager,Lager - Helles,5.0,Vilkmerges Alus,Lithuania,Leo's
1600569833,2026-09-11,3.5,"",Wuppertal ,Penki Mazgai,IPA - New England / Hazy,5.0,Brick by Brick (Raudonų Plytų Alaus Dirbtuvės),Lithuania,Lukiškių kalėjimas
1600570000,2026-09-11,0.0,We put soju in it 🤷‍♂️,Reykjavik,Ekstra,Lager - Dortmunder / Export,5.2,Švyturys,Lithuania,Gogi guy Korean BBQ
1600570086,2026-09-11,3.5,"","Haifa, IL",Dark Flavoured Beer,Dark Ale,5.6,Vilniaus Alus,Lithuania,Gabi
1600570628,2026-09-11,3.0,5€,Oslo,Lager,Lager - Mexican,4.5,Bear & Boar,Lithuania,Beer House
1600571133,2026-09-11,3.0,"","",Kalnapilis Original,Lager - Pale,5.0,Kalnapilis Brewery,Lithuania,Plus Plus Plus
1600571145,2026-09-11,2.8,"","",Alco Free Pale Ale,Non-Alcoholic - Pale Ale,0.5,Sakiškės Brewery / Sakiškių Alus,Lithuania,Chačapuri
1600571159,2026-09-11,3.0,Ein Kölsch👀,Wuppertal,Keturi Vėjai (Four Winds),Kölsch,4.9,Brick by Brick (Raudonų Plytų Alaus Dirbtuvės),Lithuania,Vašingtono skveras
1600571199,2026-09-11,3.3,"","",Anarkist New England IPA,IPA - New England / Hazy,5.4,Theodor Schiøtz Brewing Company,Denmark,Chačapuri
1600571282,2026-09-11,3.0,"",Wuppertal ,Ekstra,Lager - Dortmunder / Export,5.2,Švyturys,Lithuania,Baltasis tiltas | White bridge (Baltasis tiltas)
1600571383,2026-09-11,4.0,"",Wokingham,Kvietinis,Wheat Beer - Hefeweizen,4.7,Būsi Trečias,Lithuania,Būsi Trečias
1600571391,2026-09-11,2.8,Lager halt,Wuppertal,Ekstra,Lager - Dortmunder / Export,5.2,Švyturys,Lithuania,Baltasis tiltas | White bridge (Baltasis tiltas)
1600571455,2026-09-11,2.8,"","",Narauti,Lager - Amber / Red,0.0,Narauti,Lithuania,nArauti
1600571824,2026-09-11,2.8,"",Wuppertal ,Keturi Vėjai (Four Winds),Kölsch,4.9,Brick by Brick (Raudonų Plytų Alaus Dirbtuvės),Lithuania,Vašingtono aikštė
1600572013,2026-09-11,3.8,"","",Špunka Pils,Pilsner - Czech / Bohemian,4.8,Dundulis,Lithuania,Šnekutis
1600572616,2026-09-11,4.0,"","",Sidras Pusiau Sausas,Cider - Traditional / Apfelwein,4.5,Volfas Engelman,Lithuania,Smash By Mama Sakė Paeis
1600573423,2026-09-11,3.0,"",Petts Wood,Kalnapilis Original,Lager - Pale,5.0,Kalnapilis Brewery,Lithuania,Courtyard by Marriott Vilnius City Center
1600573809,2026-09-11,3.8,"","",Citra IPA,IPA - American,5.4,Bear & Boar,Lithuania,Beer House
1600573853,2026-09-11,4.0,"","",Humulupu IPA,IPA - Session,5.0,Dundulis,Lithuania,Užupio kavinė
1600574353,2026-09-11,3.3,"",Oslo,Sakura,Fruit Beer,5.0,Bear & Boar,Lithuania,Beer House
1600574366,2026-09-11,3.8,"","",Ekstra,Lager - Dortmunder / Export,5.2,Švyturys,Lithuania,Užupio kavinė
1600574489,2026-09-11,0.0,"Very old school IPA, not a bad drop at all",Reykjavik,Bocmano Ūsai (Bosun’s Moustache),IPA - American,6.0,Brick by Brick (Raudonų Plytų Alaus Dirbtuvės),Lithuania,Gogi guy Korean BBQ
1600574647,2026-09-11,4.0,"","Lingen, Lower Saxony, Germany",Lager,Lager - Mexican,4.5,Bear & Boar,Lithuania,Halės turgavietė
1600574693,2026-09-11,3.0,"","",Ekstra,Lager - Dortmunder / Export,5.2,Švyturys,Lithuania,
1600575154,2026-09-11,3.3,"","",Špunka Pils,Pilsner - Czech / Bohemian,4.8,Dundulis,Lithuania,Šnekutis
1600575430,2026-09-11,3.3,"","",Keturi Vėjai (Four Winds),Kölsch,4.9,Brick by Brick (Raudonų Plytų Alaus Dirbtuvės),Lithuania,Stikliai Restaurant
1600575510,2026-09-11,3.0,"","",Keturi Vėjai (Four Winds),Kölsch,4.9,Brick by Brick (Raudonų Plytų Alaus Dirbtuvės),Lithuania,Stiklių Taverna
1600575634,2026-09-11,4.0,"","",Dolomiti Non Filtrata,Kellerbier / Zwickelbier,5.8,Fabbrica di Pedavena,Italy,
1600575765,2026-09-11,3.5,Summer feeling,"",Keturi Vėjai (Four Winds),Kölsch,4.9,Brick by Brick (Raudonų Plytų Alaus Dirbtuvės),Lithuania,Stiklių Taverna
1600575998,2026-09-11,3.8,"",Finland,Jovarų Šnekutis,Farmhouse Ale - Other,6.0,A. Udrienes I.Į. Jovarų Alus,Lithuania,Šnekutis
1600576085,2026-09-11,3.5,"","",Jovarų Šnekutis,Farmhouse Ale - Other,6.0,A. Udrienes I.Į. Jovarų Alus,Lithuania,Šnekutis
1600576571,2026-09-11,4.0,"",Petts Wood,Blanc Select,Wheat Beer - Witbier / Blanche,4.7,Kalnapilis Brewery,Lithuania,Courtyard by Marriott Vilnius City Center
1600576612,2026-09-11,3.5,"",Dunakeszi ,Nefiltruotas,Kellerbier / Zwickelbier,5.0,Kauno Alus,Lithuania,Alaus kolonėlė
1600576621,2026-09-11,4.5,"",Singapore,Senojo Pasvalio Tamsusis,Dark Ale,5.6,Alsteka,Lithuania,Šnekutis
1600576642,2026-09-11,3.3,"",Budapest,Mango Milkshake APA,Pale Ale - Milkshake,5.2,Green Monster Brewery,Lithuania,Alaus kolonėlė
1600576679,2026-09-11,3.0,"",Budapest,Nefiltruotas,Kellerbier / Zwickelbier,5.0,Kauno Alus,Lithuania,Alaus kolonėlė
1600577003,2026-09-11,3.5,"",Dunakeszi ,Mango Milkshake APA,Pale Ale - Milkshake,5.2,Green Monster Brewery,Lithuania,Alaus kolonėlė
1600577389,2026-09-11,3.5,"","",Humulupu IPA,IPA - Session,5.0,Dundulis,Lithuania,Šnekutis
1600577565,2026-09-11,0.0,"",Poznan,Rinktinis,Lager - Pale,5.2,Volfas Engelman,Lithuania,Smash By Mama Sakė Paeis
1600577684,2026-09-11,4.0,"","Haifa, IL",Apricot X Orange X Lemon X Vanilla Smoothie Sour Ale,Sour - Smoothie / Pastry,4.5,Ārpus Brewing Co.,Latvia,Nisha Craft Capital
1600578184,2026-09-11,0.0,"","",Jovarų alus su medumi,Honey Beer,5.6,A. Udrienes I.Į. Jovarų Alus,Lithuania,Šnekutis
1600578260,2026-09-11,0.0,"","",Jovarų Šnekutis,Farmhouse Ale - Other,6.0,A. Udrienes I.Į. Jovarų Alus,Lithuania,Šnekutis
1600578321,2026-09-11,0.0,"","",Kanapinis Šviesusis / Kanapinis Light,Kellerbier / Zwickelbier,5.1,Aukštaitijos Bravorai,Lithuania,Šnekutis
1600578854,2026-09-11,3.3,"",Dunakeszi ,Širvenos,Spiced / Herbed Beer,6.0,Biržų Alus ,Lithuania,Alaus kolonėlė
1600578884,2026-09-11,3.0,"",Budapest,Širvenos,Spiced / Herbed Beer,6.0,Biržų Alus ,Lithuania,Alaus kolonėlė
1600579215,2026-09-11,3.3,"",Wuppertal ,Bernelių Užeigos Gyvas Alus,Pale Ale - American,5.0,Bernelių Užeiga,Lithuania,Bernelių Užeiga
1600579466,2026-09-11,3.5,Ziemlich malzig,Wuppertal,Bernelių Užeigos Gyvas Alus,Pale Ale - American,5.0,Bernelių Užeiga,Lithuania,Bernelių Užeiga
1600579783,2026-09-11,4.3,"",Singapore,Double Horn,Lager - Dark,4.0,Alsteka,Lithuania,Šnekutis
1600579887,2026-09-11,3.0,"","",IPA,IPA - Other,6.0,Volfas Engelman,Lithuania,
1600580124,2026-09-11,0.0,🤙,Reykjavik,Senojo Pasvalio Tamsusis,Dark Ale,5.6,Alsteka,Lithuania,Šnekutis
1600580174,2026-09-11,2.8,"4,70€ / 50kr.",Oslo,Mėnulio Tako,Wheat Beer - Hefeweizen,5.2,Mažas Alaus Cechas,Lithuania,Beer House
1600580300,2026-09-11,3.3,"","",Double Horn,Lager - Dark,4.0,Alsteka,Lithuania,Šnekutis
1600580377,2026-09-11,3.5,"","",Argo Blue (არგო ლაგერი),Lager - Pale,4.8,Argo Brewing Company,Georgia,
1600581093,2026-09-11,0.0,"",Vilnius,Lando Norris Zero Sugar,Non-Alcoholic - Energy Drink,0.0,Monster Energy,United States,Liv_in City
1600581220,2026-09-11,2.5,"",Budapest,Black Lime Radler,Shandy / Radler,2.5,Vilniaus Alus,Lithuania,J.Luksos - Daumanto skveras
1600581259,2026-09-11,0.0,"","",Mango Smoothie Sour,Sour - Smoothie / Pastry,5.0,Sakiškės Brewery / Sakiškių Alus,Lithuania,Šnekutis
1600581618,2026-09-11,0.0,"","",Rinkuškių Proginis,Lager - Pale,5.2,Rinkuškiai,Lithuania,Šnekutis
1600581682,2026-09-11,3.0,"",Dunakeszi ,Black Lime Radler,Shandy / Radler,2.5,Vilniaus Alus,Lithuania,J.Luksos - Daumanto skveras
1600581705,2026-09-11,3.0,"Паспяхова засяліліся ў гатэль у нумар з адным ложкам, пайшлі пасварыліся на рэсэпшн, перасяліліся ў двухмесны нумар і нарэшце ўмандзілі","Belarus, Minsk",Småland,Pilsner - Czech / Bohemian,5.2,Åbro Bryggeri,Sweden,Solo Society
1600581864,2026-09-11,4.0,"Atidaryt šventei, puikiai pasirinkom",Vilnius,Hop Series: Hazy IPA (Batch 12),IPA - New England / Hazy,5.5,Dūmų Brewery,Lithuania,Alaus kolonėlė
1600581905,2026-09-11,4.3,"","",Hop Series: Hazy IPA (Batch 12),IPA - New England / Hazy,5.5,Dūmų Brewery,Lithuania,
1600581982,2026-09-11,3.8,"",Kaunas,Black Sea Tsunami Second Wave,IPA - New England / Hazy,6.7,Tetrapod Brewery,Bulgaria,Sea Son
1600582184,2026-09-11,2.5,"Митя уже в своем чекине все приключения по заселению рассказал. Стаканов, как и приборов нет, пьем из чашек, а пиво зерня конечно полная.",beer:cerveza:bier:birra:alus:piwo:bira:pivo:olut ,Småland,Pilsner - Czech / Bohemian,5.2,Åbro Bryggeri,Sweden,GSKA Saudymo Sporto Klubas
1600582288,2026-09-11,3.8,"","Lingen, Lower Saxony, Germany",Grynas,Lager - Pale,5.0,Širvėnos bravoras DUNDULIS,Lithuania,Beer House
1600582755,2026-09-11,3.5,"","",Humulupu IPA,IPA - Session,5.0,Dundulis,Lithuania,Šnekutis
1600583551,2026-09-11,2.5,"",Riga,Ekstra,Lager - Dortmunder / Export,5.2,Švyturys,Lithuania,Gogi guy Korean BBQ
1600583564,2026-09-11,3.5,"5,30€ / 57kr.",Oslo,Schöfferhofer Weizen Kristall,Wheat Beer - Kristallweizen,5.0,Radeberger Gruppe,Germany,Beer House
1600584104,2026-09-11,3.0,"",Budapest,Plaukia Pusiau Sausas,Bière de Champagne / Bière Brut,5.5,Brick by Brick (Raudonų Plytų Alaus Dirbtuvės),Lithuania,Alaus studija
1600584190,2026-09-11,3.0,"",Dunakeszi ,Pilsner Urquell,Pilsner - Czech / Bohemian,4.4,Plzeňský Prazdroj,Czech Republic,Alaus studija
1600584262,2026-09-11,3.8,"",Singapore,Draugų Šviesusis,Lager - Pale,4.5,Karpynė,Lithuania,Conti Hotel Vilnius
1600584610,2026-09-11,3.0,"","",Player,Pale Ale - American,5.0,PINTA,Poland,Local Pub
1600584850,2026-09-11,4.0,"","Haifa, IL",The Doorway Effect,IPA - Imperial / Double New England / Hazy,8.0,Verdant Brewing Co,England,Nisha Craft Capital
1600584858,2026-09-11,4.3,"","",Fractal Noise,Stout - Imperial / Double Pastry,12.0,Sofia Electric Brewing ,Bulgaria,Nordcode Technology
1600585349,2026-09-11,4.0,"",Šiauliai ,Erdinger Dunkel,Wheat Beer - Dunkelweizen,5.3,Erdinger Weissbräu,Germany,Paupio turgus
1600585665,2026-09-11,0.0,"","",Varniukai,Lager - Amber / Red,5.6,Snekutis,Lithuania,Šnekutis
1600585925,2026-09-11,0.0,"","",Nightdream Stout,Stout - Milk / Sweet,5.0,Basker Brewing Co.,Lithuania,Šnekutis
1600586501,2026-09-11,0.8,"","",Ekstra Nealkoholinis,Non-Alcoholic - Lager,0.5,Švyturys,Lithuania,Шашлычка 5км
1600587100,2026-09-11,4.0,"","",Gelato XTREME: Blueberry Cheesecake Scoop,Sour - Smoothie / Pastry,8.0,Funky Fluid,Poland,
1600587151,2026-09-11,4.0,"",Vilnius,Paris Delight,IPA - Fruited,5.2,TankBusters.Co,Poland,Local Pub
1600587600,2026-09-11,4.0,"","",Paris Delight,IPA - Fruited,5.2,TankBusters.Co,Poland,
1600588195,2026-09-11,2.8,"","",Draugų Lager Tamsusis,Lager - Dark,5.3,Karpynė,Lithuania,
1600588265,2026-09-11,4.3,"","",Lemon Verbena Leaf Infused Lambic,Lambic - Other,6.8,Oud Beersel,Belgium,
1600588374,2026-09-11,4.0,"","Lingen, Lower Saxony, Germany",Californication / Kalifornikacija,Pale Ale - American,4.5,Genys Brewing Co.,Lithuania,Beer House
1600588474,2026-09-11,4.0,"",Vilnius,Gelato XTREME: Blueberry Cheesecake Scoop,Sour - Smoothie / Pastry,8.0,Funky Fluid,Poland,Local Pub
1600588631,2026-09-11,3.3,"","",Sunnies,Blonde / Golden Ale - American,4.5,PINTA,Poland,
1600588867,2026-09-11,3.8,"","Haifa, IL",Chocolate Stout Nitro,Stout - Milk / Sweet,5.7,Browar Stu Mostów,Poland,Nisha Craft Capital
1600588884,2026-09-11,3.3,Pagoniškas labai,Vilnius,Juodaragio Regyklos Kadaginė IPA,IPA - Farmhouse,5.0,Dundulis,Lithuania,Alaus kolonėlė
1600589005,2026-09-11,3.5,"","",Italian Style Sour Ale,Sour - Berliner Weisse,4.5,Genys Brewing Co.,Lithuania,ŠMC kavinė
1600589144,2026-09-11,3.5,"","",Italian Style Sour Ale,Sour - Berliner Weisse,4.5,Genys Brewing Co.,Lithuania,Šiuolaikinio meno centras / Contemporary Art Center (Šiuolaikinio meno centras | Contemporary Art Center)
1600589152,2026-09-11,3.3,"","",Juodaragio Regyklos Kadaginė IPA,IPA - Farmhouse,5.0,Dundulis,Lithuania,Alaus kolonėlė
1600589927,2026-09-11,3.8,"",Kaunas,CANDY,Sour - Smoothie / Pastry,6.0,Browar Cztery Ściany / Four Walls Brewery,Poland,Candy Pop
1600590468,2026-09-11,3.8,"",Klaipeda,Spaten Münchner Hell / Premium Lager,Lager - Helles,5.2,Spaten-Franziskaner-Löwenbräu-Gruppe,Germany,LVSO Koncertų Salė
1600590567,2026-09-11,4.5,"","",Dolomiti Pils,Pilsner - Italian,4.9,Fabbrica di Pedavena,Italy,
1600590866,2026-09-11,3.8,Massive house Airbnb beer.,"",Gintarinis (Amber),Pilsner - Other,4.6,Švyturys,Lithuania,
1600591317,2026-09-11,3.0,"",Wokingham,Kalnapilis Lite Lemon Lime 0.0,Non-Alcoholic - Shandy / Radler,0.0,Kalnapilis Brewery,Lithuania,Algirdas City Hotels
1600591576,2026-09-11,3.8,Alus ar borjomi ūdeni pēc garšas,"",Kayaki,Lager - Pale,4.7,Global Beer Georgia,Georgia,
1600591635,2026-09-11,3.8,"",Kaunas,Anglis,Cider - Dry,5.9,Herbsts - Sidra Darītava,Latvia,Naujoji Anglija
1600592358,2026-09-11,3.5,"","",Saskiskes Brewery Cinnamon Lager,Lager - Other,0.0,Sakiškės Brewery / Sakiškių Alus,Lithuania,Sakiškės Brewery (Sakiškių Alus)
1600592426,2026-09-11,3.3,"","",Saskiskes Brewery Cinnamon Lager,Lager - Other,0.0,Sakiškės Brewery / Sakiškių Alus,Lithuania,Sakiškės Brewery (Sakiškių Alus)
1600593045,2026-09-11,3.0,"","",Wheat,Wheat Beer - Other,4.6,Bear & Boar,Lithuania,
1600593441,2026-09-11,5.0,"","",Lithuanian Pilsner,Historical Beer - Keptinis,4.7,Sakiškės Brewery / Sakiškių Alus,Lithuania,Airomi kavinė
1600593541,2026-09-11,3.0,"","",NEIPA,IPA - New England / Hazy,5.0,Volfas Engelman,Lithuania,
1600594035,2026-09-11,0.0,"","",Draugų Lager Tamsusis,Lager - Dark,5.3,Karpynė,Lithuania,Tony Soprano Statue
1600594225,2026-09-11,3.5,"","",Humulupu IPA,IPA - Session,5.0,Dundulis,Lithuania,Po Bačka
1600594817,2026-09-11,4.0,"",Kaunas,Buckshots,Porter - Smoked,11.0,Hop Hooligans,Romania,Bučeris
1600594897,2026-09-11,4.0,"",Wokingham,Radler Raspberry&Lemon Flavour 0.0,Non-Alcoholic - Shandy / Radler,0.0,Maxima LT,Lithuania,Algirdas City Hotels
1600595038,2026-09-11,4.0,"","",Hazelnut Brown Ale,Brown Ale - English,6.0,Sakiškės Brewery / Sakiškių Alus,Lithuania,Dūmų Terasa
1600595360,2026-09-11,3.3,"",Texas,Tamsi Praeitis (Dark Past),Lager - Dark,4.9,Craft & Draft Brewpub & Whiskey,Lithuania,Craft & Draft
1600595377,2026-09-11,3.0,"",Petts Wood,Ekstra,Lager - Dortmunder / Export,5.2,Švyturys,Lithuania,katpèdélé
1600596699,2026-09-11,4.0,"","Åbo, Finland",Bocmano Ūsai (Bosun’s Moustache),IPA - American,6.0,Brick by Brick (Raudonų Plytų Alaus Dirbtuvės),Lithuania,Zinijos Draugija
1600596877,2026-09-11,5.0,"",jelgava,Rice & Rose Lager,Lager - Japanese Rice,4.7,Dūmų Brewery,Lithuania,Dūmų Fabrikas
1600597047,2026-09-11,5.0,"",jelgava,Corn Lager,Lager - Pale,4.3,Dūmų Brewery,Lithuania,Dūmų Fabrikas
1600597569,2026-09-11,3.8,"",Finland,Varniukų Tamsus,Dark Ale,5.2,Davra Alaus Darykla,Lithuania,Po Bačka
1600597725,2026-09-11,3.5,"6€ / 64kr. 6,9%",Oslo,Hazelnut Brown Ale,Brown Ale - English,6.0,Sakiškės Brewery / Sakiškių Alus,Lithuania,Dūmų Terasa
1600597873,2026-09-11,4.0,"",Kaunas,Seaview,IPA - New England / Hazy,6.0,Hop Hooligans,Romania,seat&eat
1600598375,2026-09-11,2.5,"",Dunakeszi ,Utenos Radler GUAVA 0.0%,Non-Alcoholic - Shandy / Radler,0.0,Utenos Alus,Lithuania,Putoja Craft Beer Festival
1600598404,2026-09-11,3.5,"",Kaunas,The Big Crunch,Sour - Fruited,4.0,Hop Hooligans,Romania,crush
1600598702,2026-09-11,3.5,"",Vilnius,July Morning,Pilsner - Czech / Bohemian,4.4,Sofia Electric Brewing ,Bulgaria,Alaus Biblioteka
1600598983,2026-09-11,2.5,"",Budapest,Utenos Radler GUAVA 0.0%,Non-Alcoholic - Shandy / Radler,0.0,Utenos Alus,Lithuania,Putoja Craft Beer Festival
1600598984,2026-09-11,2.5,"",Budapest,Utenos Radler GUAVA 0.0%,Non-Alcoholic - Shandy / Radler,0.0,Utenos Alus,Lithuania,Putoja Craft Beer Festival
1600599151,2026-09-11,3.8,"","",July Morning,Pilsner - Czech / Bohemian,4.4,Sofia Electric Brewing ,Bulgaria,
1600599237,2026-09-11,4.0,"","",West Coast Story,IPA - American,6.7,Mount Brewing Co ,New Zealand,
1600599474,2026-09-11,0.0,"","",Goset Housussa,Sour - Fruited Gose,4.3,Panimoyhtiö Tuju,Finland,Putoja 2026
1600599640,2026-09-11,2.8,"","",Bistrampolio Dvaro Šviesusis / Bistrampolio Dvaro Light / Muižas Gaišais Alus,Lager - Pale,5.0,Aukštaitijos Bravorai,Lithuania,
1600599688,2026-09-11,4.0,"","",Beef Juice,Stout - Imperial / Double,13.0,Sofia Electric Brewing ,Bulgaria,
1600599764,2026-09-11,3.5,"",Kaunas,Тайната на Пепи / Pepi’s Secret,IPA - Session,3.8,Tetrapod Brewery,Bulgaria,Leberkas Pepi
1600600134,2026-09-11,4.0,"","",Apricot X Orange X Lemon X Vanilla Smoothie Sour Ale,Sour - Smoothie / Pastry,4.5,Ārpus Brewing Co.,Latvia,
1600600165,2026-09-11,4.0,"",Vilnius,Beef Juice,Stout - Imperial / Double,13.0,Sofia Electric Brewing ,Bulgaria,Alaus Biblioteka
1600600494,2026-09-11,3.8,"",Kaunas,TITANIC CAVE,Belgian Quadrupel,11.0,Clandestin Beer,Romania,Grant's Cave
1600601002,2026-09-11,4.0,"","",Nelson Sauvin X Simcoe X Superdelic West Coast IPA,IPA - American,6.2,Ārpus Brewing Co.,Latvia,
1600601275,2026-09-11,2.8,"","",Penki Mazgai,IPA - New England / Hazy,5.0,Brick by Brick (Raudonų Plytų Alaus Dirbtuvės),Lithuania,Raitininkų G.8
1600601323,2026-09-11,3.5,"",Kaunas,Punk Rocker Porter,Porter - American,5.0,Punk Rocker Brewing,Bulgaria,BalticBet Lažybu Punktas
1600601387,2026-09-11,0.0,"","",Czech Fraud,Pilsner - Czech / Bohemian,5.0,Panimoyhtiö Tuju,Finland,Putoja 2026
1600601425,2026-09-11,2.8,"","",Penki Mazgai,IPA - New England / Hazy,5.0,Brick by Brick (Raudonų Plytų Alaus Dirbtuvės),Lithuania,Rimi Express
1600601963,2026-09-11,2.8,"","",7fcraft New England Ipa,IPA - New England / Hazy,5.0,7Fcraft,Lithuania,7 Fridays
1600602090,2026-09-11,2.8,"","",Bėganti Kopa (Running Dune),Wheat Beer - Witbier / Blanche,4.5,Brick by Brick (Raudonų Plytų Alaus Dirbtuvės),Lithuania,Raitininkų G.8
1600602093,2026-09-11,4.0,"","",Penki Mazgai,IPA - New England / Hazy,5.0,Brick by Brick (Raudonų Plytų Alaus Dirbtuvės),Lithuania,Sellfy HQ
1600602158,2026-09-11,4.0,"",Wuppertal ,Hazelnut Brown Ale,Brown Ale - English,6.0,Sakiškės Brewery / Sakiškių Alus,Lithuania,Sakiškės Brewery (Sakiškių Alus)
1600602316,2026-09-11,3.3,"",Kaunas,Culinary Crime,Pale Ale - Fruited,5.0,Hackney Church Brew Co.,England,Kulinarijos Studija
1600602529,2026-09-11,3.0,"",Texas,Monster Toybox,IPA - Other,7.4,Strange Toys,Ukraine,Nisha Craft Capital
1600602581,2026-09-11,3.8,"","",Original (TAP07),Wheat Beer - Hefeweizen,5.4,Schneider Weisse G. Schneider & Sohn,Germany,Alaus Biblioteka
1600602711,2026-09-11,3.3,"",Texas,Oerbier,Belgian Strong Dark Ale,9.0,Brouwerij De Dolle Brouwers,Belgium,Nisha Craft Capital
1600602942,2026-09-11,4.3,"","",Kisel,Sour - Traditional Gose,4.0,Sofia Electric Brewing ,Bulgaria,Putoja 2026
1600603124,2026-09-11,3.5,"",Wuppertal ,Gose With Raspberries,Sour - Fruited Gose,3.5,Sakiškės Brewery / Sakiškių Alus,Lithuania,Putoja 2026
1600603373,2026-09-11,0.8,"","",Bėganti Kopa (Running Dune),Wheat Beer - Witbier / Blanche,4.5,Brick by Brick (Raudonų Plytų Alaus Dirbtuvės),Lithuania,
1600603602,2026-09-11,2.5,"",Dendermonde,Keturi Vėjai (Four Winds),Kölsch,4.9,Brick by Brick (Raudonų Plytų Alaus Dirbtuvės),Lithuania,7 Fridays
1600603964,2026-09-11,3.5,"","",APA,Pale Ale - American,5.0,7 Футов / 7ft Craft Brewery,Russia,7 Fridays
1600604040,2026-09-11,3.5,"Nussig, leicht süß und röstig",Wuppertal,Hazelnut Brown Ale,Brown Ale - English,6.0,Sakiškės Brewery / Sakiškių Alus,Lithuania,Dūmų Fabrikas
1600604195,2026-09-11,0.0,"","",Sommartider,Blonde / Golden Ale - Other,5.0,Wasa Brewing Company,Finland,Putoja 2026
1600604373,2026-09-11,3.8,"","Lingen, Lower Saxony, Germany",SUPER 8 IPA,IPA - Belgian,6.0,Brouwerij Haacht Brasserie,Belgium,Beer House
1600604753,2026-09-11,0.0,"","",EN RIKTIG ØL,IPA - New England / Hazy,6.9,Wasa Brewing Company,Finland,Putoja 2026
1600604808,2026-09-11,3.5,Leicht und fruchtig zum Aufwärmen 🍓,Wuppertal,Gose With Raspberries,Sour - Fruited Gose,3.5,Sakiškės Brewery / Sakiškių Alus,Lithuania,Sakiškės Brewery (Sakiškių Alus)
1600604961,2026-09-11,3.5,"","",Californication / Kalifornikacija,Pale Ale - American,4.5,Genys Brewing Co.,Lithuania,Lošimo namai - Nesė Casino
1600604975,2026-09-11,3.5,"","",Avietė Melagė,Fruit Beer,4.2,Dundulis,Lithuania,Etmonų Špunka
1600604987,2026-09-11,3.5,"","",Avietė Melagė,Fruit Beer,4.2,Dundulis,Lithuania,Etmonų Špunka
1600605308,2026-09-11,3.5,"","",Saison Dègel,Farmhouse Ale - Saison,5.3,is/was brewing,United States,Sakiškės Brewery (Sakiškių Alus)
1600605541,2026-09-11,3.8,"","",The Trifecta,IPA - New Zealand,6.5,Mount Brewing Co ,New Zealand,Putoja 2026
1600605575,2026-09-11,3.5,"",Budapest,Moksamosa: Boysenberry,Sour - Fruited,9.2,Moksa Brewing Co,United States,Putoja 2026
1600605625,2026-09-11,4.0,"","",Minoh Kokusan Momo Weizen (国産桃ヴァイツェン),Wheat Beer - Fruited,5.0,Minoh Beer,Japan,
1600605643,2026-09-11,4.0,"",Lithuania,Sourvival Kit,Sour - Berliner Weisse,3.6,Húsavík Öl,Iceland,Putoja 2026
1600605658,2026-09-11,3.8,"","",Bėganti Kopa (Running Dune),Wheat Beer - Witbier / Blanche,4.5,Brick by Brick (Raudonų Plytų Alaus Dirbtuvės),Lithuania,Grey
1600605664,2026-09-11,3.8,"",Dunakeszi ,Plum Première (1/26),Farmhouse Ale - Other,7.7,de Garde Brewing,United States,Putoja 2026
1600605712,2026-09-11,4.0,"","",Moksamosa: Boysenberry,Sour - Fruited,9.2,Moksa Brewing Co,United States,Putoja 2026
1600605715,2026-09-11,4.0,"",Riga,Mangos in the Garden,Sour - Fruited,9.0,Moksa Brewing Co,United States,Putoja 2026
1600605756,2026-09-11,3.3,"","Haifa, IL",EN RIKTIG ØL,IPA - New England / Hazy,6.9,Wasa Brewing Company,Finland,Putoja 2026
1600605869,2026-09-11,2.8,"","",Yuzu Pils,Pilsner - Other,5.4,Fruition Brewing,United States,Putoja 2026
1600605898,2026-09-11,4.3,"",Kaunas,Kisel: Passion Fruit & Mango,Sour - Fruited Gose,3.8,Sofia Electric Brewing ,Bulgaria,Putoja 2026
1600605947,2026-09-11,4.3,"","",Zódóma,IPA - New England / Hazy,6.0,RVK Brewing Co,Iceland,Putoja 2026
1600606025,2026-09-11,3.8,"",Budapest,Mangos in the Garden,Sour - Fruited,9.0,Moksa Brewing Co,United States,Putoja 2026
1600606058,2026-09-11,3.8,"","",Pear Farmhouse Ale,Farmhouse Ale - Saison,5.3,Scratch Brewing Company,United States,Sakiškės Brewery (Sakiškių Alus)
1600606068,2026-09-11,4.0,"",Dunakeszi ,The Petria Réserve,Wild Ale - American,7.0,de Garde Brewing,United States,Putoja 2026
1600606069,2026-09-11,4.0,"",Riga,Moksamosa: Boysenberry,Sour - Fruited,9.2,Moksa Brewing Co,United States,Putoja Craft Beer Festival
1600606118,2026-09-11,4.0,"",Vilnius,Audacity of Huge,IPA - New England / Hazy,6.0,Hop Hooligans,Romania,Putoja 2026
1600606119,2026-09-11,3.0,"","",Minoh X Mikkeler Tokyo Ume-chu (2025),Sour - Fruited,4.0,Minoh Beer,Japan,
1600606136,2026-09-11,3.0,"","",Yuzu Pils,Pilsner - Other,5.4,Fruition Brewing,United States,Sakiškės Brewery (Sakiškių Alus)
1600606158,2026-09-11,3.3,"","",Fruition v1 (Simcoe & Mosaic),Pale Ale - New England / Hazy,4.2,Blackjack Brew Co,England,Putoja 2026
1600606162,2026-09-11,3.8,"","",Kisel: Passion Fruit & Mango,Sour - Fruited Gose,3.8,Sofia Electric Brewing ,Bulgaria,Putoja 2026
1600606709,2026-09-11,3.5,"","",Sourvival Kit,Sour - Berliner Weisse,3.6,Húsavík Öl,Iceland,Putoja 2026
1600606712,2026-09-11,4.3,"","",The Petria Réserve,Wild Ale - American,7.0,de Garde Brewing,United States,Putoja 2026
1600606776,2026-09-11,3.8,"",Dunakeszi ,Mangos in the Garden,Sour - Fruited,9.0,Moksa Brewing Co,United States,Putoja 2026
1600606797,2026-09-11,3.8,"","",Metulj,IPA - New England / Hazy,6.0,Clef Brewery,Slovenia,Putoja 2026
1600606836,2026-09-11,3.8,"","",Minoh Kokusan Momo Weizen - Wase (国産桃ヴァイツェン 早生),Wheat Beer - Fruited,5.0,Minoh Beer,Japan,Putoja Craft Beer Festival
1600606844,2026-09-11,3.5,Atidarymui,Vilnius,The Trifecta,IPA - New Zealand,6.5,Mount Brewing Co ,New Zealand,Dūmų Terasa
1600606863,2026-09-11,4.0,"",Vilnius,Minoh Kokusan Momo Weizen - Wase (国産桃ヴァイツェン 早生),Wheat Beer - Fruited,5.0,Minoh Beer,Japan,
1600606882,2026-09-11,3.5,"","Haifa, IL",Too Long For Oolong,Sour - Fruited,5.0,OneTwo,Romania,Putoja 2026
1600606891,2026-09-11,4.0,"",Riga,Minoh Kokusan Momo Weizen - Wase (国産桃ヴァイツェン 早生),Wheat Beer - Fruited,5.0,Minoh Beer,Japan,Putoja 2026
1600606912,2026-09-11,4.8,"",Vilnius,The Petria Réserve,Wild Ale - American,7.0,de Garde Brewing,United States,Putoja 2026
1600606915,2026-09-11,3.3,"","",Bitė Darže,Mead - Session / Short,9.4,Šušvės Midus,Lithuania,Local Pub
1600606917,2026-09-11,0.0,"","",July Morning,Pilsner - Czech / Bohemian,4.4,Sofia Electric Brewing ,Bulgaria,Putoja 2026
1600606934,2026-09-11,3.5,"","",Pink Zing,Sour - Fruited,4.0,Hop Hooligans,Romania,Putoja 2026
1600606944,2026-09-11,3.8,"","",Audacity of Huge,IPA - New England / Hazy,6.0,Hop Hooligans,Romania,Putoja 2026
1600606973,2026-09-11,4.3,"Ну, понеслась",Minsk,Zódóma,IPA - New England / Hazy,6.0,RVK Brewing Co,Iceland,Putoja Craft Beer Festival
1600606991,2026-09-11,3.8,"","",Sourvival Kit,Sour - Berliner Weisse,3.6,Húsavík Öl,Iceland,Putoja 2026
1600606994,2026-09-11,3.0,"","",Fruition v1 (Simcoe & Mosaic),Pale Ale - New England / Hazy,4.2,Blackjack Brew Co,England,Putoja 2026
1600607019,2026-09-11,4.5,"",Vilnius,Simmoe,IPA - Imperial / Double,8.3,Fruition Brewing,United States,Putoja 2026
1600607041,2026-09-11,3.5,"","",The Trifecta,IPA - New Zealand,6.5,Mount Brewing Co ,New Zealand,
1600607083,2026-09-11,3.3,served with a slice of  lemon,"",Sommartider,Blonde / Golden Ale - Other,5.0,Wasa Brewing Company,Finland,Kristupo vasaros festivalis
1600607113,2026-09-11,3.3,"","","Čavun, Pilsner",Pilsner - Czech / Bohemian,4.4,Clef Brewery,Slovenia,Putoja 2026
1600607130,2026-09-11,4.0,"","",Audacity of Huge,IPA - New England / Hazy,6.0,Hop Hooligans,Romania,Putoja 2026
1600607135,2026-09-11,3.3,"","Helsinki, Finland",Yuzu Pils,Pilsner - Other,5.4,Fruition Brewing,United States,Putoja 2026
1600607154,2026-09-11,4.0,"",Vilnius,Gossip Mate 奇兰爱吃瓜,Cider - Other,3.0,Sheng Craft Beer (山乘酿造),China / People's Republic of China,Sakiškės Brewery (Sakiškių Alus)
1600607232,2026-09-11,3.3,"","",Yuzu Pils,Pilsner - Other,5.4,Fruition Brewing,United States,
1600607826,2026-09-11,3.5,"",Minsk,Total Eclipse of the Hops,IPA - Imperial / Double,8.0,Smiðjan Brugghús,Iceland,Putoja Craft Beer Festival
1600607843,2026-09-11,4.0,"","",Title Cut: Simcoe,IPA - American,6.8,Fruition Brewing,United States,Putoja 2026
1600607896,2026-09-11,3.5,"",Budapest,The Trifecta,IPA - New Zealand,6.5,Mount Brewing Co ,New Zealand,Putoja 2026
1600607899,2026-09-11,4.0,"","",Kokusan Momo Weizen - Wase (国産桃ヴァイツェン 早生) (2025),Wheat Beer - Hefeweizen,5.0,Minoh Beer,Japan,
1600607926,2026-09-11,4.0,"","",Sommartider,Blonde / Golden Ale - Other,5.0,Wasa Brewing Company,Finland,Dūmų Terasa
1600607932,2026-09-11,3.5,"",Wuppertal ,Tepache S.O.D,Sour - Fruited Gose,5.0,Craftrock Brewing,Japan,Dūmų Fabrikas
1600607950,2026-09-11,3.8,"",Dunakeszi ,Flow State,Stout - Milk / Sweet,9.0,Mount Brewing Co ,New Zealand,Putoja 2026
1600607980,2026-09-11,3.5,❌❌✔️❌❌,"",Player,Pale Ale - American,5.0,PINTA,Poland,Local Pub
1600608019,2026-09-11,4.0,"",Vilnius,Audacity of Huge,IPA - New England / Hazy,6.0,Hop Hooligans,Romania,
1600608029,2026-09-11,4.0,"","",Moksamosa: Boysenberry,Sour - Fruited,9.2,Moksa Brewing Co,United States,Putoja 2026
1600608041,2026-09-11,4.0,"",Minsk,Mango Passionfruit Skyrsour,Sour - Fruited,4.5,Smiðjan Brugghús,Iceland,Putoja Craft Beer Festival
1600608060,2026-09-11,3.8,"","",Corner Club,IPA - New England / Hazy,6.4,Galway Bay Brewery,Ireland,Putoja 2026
1600608085,2026-09-11,0.0,peach yoghurt,"",Moon is Online (月亮营业中),Cider - Other Fruit,4.0,Sheng Craft Beer (山乘酿造),China / People's Republic of China,MO Museum | MO muziejus
1600608192,2026-09-11,3.5,"","",Aroniju Humpaliņa,Wild Ale - Other,5.9,Labietis. Pagan Brews,Latvia,Putoja Craft Beer Festival
1600608213,2026-09-11,3.0,"","Haifa, IL",Yuzu Pils,Pilsner - Other,5.4,Fruition Brewing,United States,Putoja 2026
1600608221,2026-09-11,3.8,"","",Smoked Cedar Gose,Sour - Other Gose,5.2,Freigeist Bierkultur,Germany,Putoja 2026
1600608248,2026-09-11,4.8,"",Minsk,Mangos in the Garden,Sour - Fruited,9.0,Moksa Brewing Co,United States,Putoja 2026
1600608253,2026-09-11,3.8,"","",Total Eclipse of the Hops,IPA - Imperial / Double,8.0,Smiðjan Brugghús,Iceland,Dūmų Terasa
1600608255,2026-09-11,4.0,"",Minsk,Total Eclipse of the Hops,IPA - Imperial / Double,8.0,Smiðjan Brugghús,Iceland,Putoja 2026
1600608315,2026-09-11,4.0,"Mit Zimt, Ingwer und Nelken",Wuppertal,Tepache S.O.D,Sour - Fruited Gose,5.0,Craftrock Brewing,Japan,Putoja Craft Beer Festival
1600608336,2026-09-11,3.0,"",Budapest,Flow State,Stout - Milk / Sweet,9.0,Mount Brewing Co ,New Zealand,Putoja 2026
1600608345,2026-09-11,3.8,"","",Kokusan Momo Weizen - Wase (国産桃ヴァイツェン 早生) (2025),Wheat Beer - Hefeweizen,5.0,Minoh Beer,Japan,
1600608380,2026-09-11,4.0,"","",Franken,Kellerbier / Zwickelbier,4.7,:Belike brewing,Lithuania,Local Pub
1600608411,2026-09-11,3.0,"","",Ume-Chu (2026),Sour - Fruited,4.0,Minoh Beer,Japan,
1600608439,2026-09-11,3.8,❌❌❌❌✔️,"",Kwas Xy,Sour - Catharina,4.7,PINTA,Poland,Local Pub
1600608954,2026-09-11,4.3,"","",Mango Passionfruit Skyrsour,Sour - Fruited,4.5,Smiðjan Brugghús,Iceland,Putoja 2026
1600609000,2026-09-11,4.3,"","",The Petria Réserve,Wild Ale - American,7.0,de Garde Brewing,United States,Putoja 2026
1600609022,2026-09-11,3.8,"","",Plum Première (1/26),Farmhouse Ale - Other,7.7,de Garde Brewing,United States,
1600609045,2026-09-11,3.5,"","",Flow State,Stout - Milk / Sweet,9.0,Mount Brewing Co ,New Zealand,Niujorko kebabai
1600609071,2026-09-11,3.5,"","",The Trifecta,IPA - New Zealand,6.5,Mount Brewing Co ,New Zealand,Putoja 2026
1600609088,2026-09-11,3.8,"","",Too Long For Oolong,Sour - Fruited,5.0,OneTwo,Romania,Putoja 2026
1600609089,2026-09-11,3.5,"","",The Trifecta,IPA - New Zealand,6.5,Mount Brewing Co ,New Zealand,Putoja 2026
1600609095,2026-09-11,4.3,"",Minsk,Zódóma,IPA - New England / Hazy,6.0,RVK Brewing Co,Iceland,Putoja Craft Beer Festival
1600609097,2026-09-11,4.3,"","",EN RIKTIG ØL,IPA - New England / Hazy,6.9,Wasa Brewing Company,Finland,Putoja 2026
1600609099,2026-09-11,4.0,"","",The Trifecta,IPA - New Zealand,6.5,Mount Brewing Co ,New Zealand,
1600609104,2026-09-11,5.0,"",Vilnius,Pear Ale,Farmhouse Ale - Saison,5.4,Scratch Brewing Company,United States,Putoja 2026
1600609105,2026-09-11,4.3,"","",Plum Première (1/26),Farmhouse Ale - Other,7.7,de Garde Brewing,United States,Putoja 2026
1600609163,2026-09-11,4.3,"",Kaunas,Plum Première (1/26),Farmhouse Ale - Other,7.7,de Garde Brewing,United States,Putoja 2026
1600609175,2026-09-11,3.8,"",Dunakeszi ,Pink Zing,Sour - Fruited,4.0,Hop Hooligans,Romania,Putoja 2026
1600609237,2026-09-11,3.5,"",Vilnius,Brick By Brick,Red Ale - Other,5.2,Sudden Death Brewing Co.,Germany,
1600609267,2026-09-11,4.3,"","",Forest Folly,IPA - Imperial / Double New England / Hazy,8.0,Sudden Death Brewing Co.,Germany,Putoja 2026
1600609318,2026-09-11,3.5,"Кофе где-то совсем далеко, пусто",Minsk,Rindill,Mild - Other,4.0,Húsavík Öl,Iceland,Putoja Craft Beer Festival
1600609372,2026-09-11,4.0,"","",Zódóma,IPA - New England / Hazy,6.0,RVK Brewing Co,Iceland,Dūmų Terasa
1600609381,2026-09-11,4.5,"","",The Finer Points of Bad Behavior Volume VII: Peaches And Brettanomyces Bruxellensis,Farmhouse Ale - Saison,6.1,is/was brewing,United States,Putoja Craft Beer Festival
1600609404,2026-09-11,4.3,"",Minsk,Zódóma,IPA - New England / Hazy,6.0,RVK Brewing Co,Iceland,Putoja 2026
1600609416,2026-09-11,3.5,"","",The Trifecta,IPA - New Zealand,6.5,Mount Brewing Co ,New Zealand,Putoja 2026
1600609441,2026-09-11,4.8,"","",The Petria Réserve,Wild Ale - American,7.0,de Garde Brewing,United States,Putoja 2026
1600609442,2026-09-11,3.8,"",Wroclaw,Boogie,Pale Ale - American,5.0,Green Monster Brewery,Lithuania,Nisha Craft Capital
1600609448,2026-09-11,4.0,"",Kaunas,The Trifecta,IPA - New Zealand,6.5,Mount Brewing Co ,New Zealand,
1600609480,2026-09-11,5.0,"","",Senmergė,Historical Beer - Keptinis,5.2,Artūras Masiliauskas,Lithuania,Putoja Craft Beer Festival
1600610038,2026-09-11,4.0,"","",The Petria Réserve,Wild Ale - American,7.0,de Garde Brewing,United States,Putoja 2026
1600610070,2026-09-11,4.5,"","",Plum Première (1/26),Farmhouse Ale - Other,7.7,de Garde Brewing,United States,Putoja Craft Beer Festival
1600610083,2026-09-11,4.0,Ну пагналі фестываліць,"Belarus, Minsk",Himmber & Hveiti,Wheat Beer - Fruited,5.8,OY Brewing,Faroe Islands,Putoja Craft Beer Festival
1600610088,2026-09-11,3.3,"",Budapest,Saison Dègel,Farmhouse Ale - Saison,5.3,is/was brewing,United States,Putoja 2026
1600610124,2026-09-11,4.3,"",Kaunas,The Petria Réserve,Wild Ale - American,7.0,de Garde Brewing,United States,Putoja 2026
1600610142,2026-09-11,4.0,"Ну, начнем",beer:cerveza:bier:birra:alus:piwo:bira:pivo:olut ,Corner Club,IPA - New England / Hazy,6.4,Galway Bay Brewery,Ireland,Putoja 2026
1600610170,2026-09-11,4.0,"","Haifa, IL",Plum Première (1/26),Farmhouse Ale - Other,7.7,de Garde Brewing,United States,Putoja 2026
1600610177,2026-09-11,4.5,"","",The Trifecta,IPA - New Zealand,6.5,Mount Brewing Co ,New Zealand,
1600610178,2026-09-11,3.8,"",Vilnius,Simmoe,IPA - Imperial / Double,8.3,Fruition Brewing,United States,Putoja 2026
1600610199,2026-09-11,3.8,"","",Sourvival Kit,Sour - Berliner Weisse,3.6,Húsavík Öl,Iceland,Putoja 2026
1600610213,2026-09-11,3.8,"","",GORYO,Farmhouse Ale - Saison,5.0,Craftrock Brewing,Japan,Sakiškės Brewery (Sakiškių Alus)
1600610249,2026-09-11,3.8,"","",Flow State,Stout - Milk / Sweet,9.0,Mount Brewing Co ,New Zealand,Putoja 2026
1600610257,2026-09-11,4.3,"","",Zódóma,IPA - New England / Hazy,6.0,RVK Brewing Co,Iceland,Dūmų Fabrikas
1600610272,2026-09-11,3.5,"","",Tepache S.O.D,Sour - Fruited Gose,5.0,Craftrock Brewing,Japan,Putoja 2026
1600610320,2026-09-11,3.5,"","",Tepache S.O.D,Sour - Fruited Gose,5.0,Craftrock Brewing,Japan,Sakiškės Brewery (Sakiškių Alus)
1600610327,2026-09-11,3.8,"","",Flow State,Stout - Milk / Sweet,9.0,Mount Brewing Co ,New Zealand,Putoja 2026
1600610347,2026-09-11,4.3,"","",Flow State,Stout - Milk / Sweet,9.0,Mount Brewing Co ,New Zealand,Putoja Craft Beer Festival
1600610353,2026-09-11,4.3,"",Kaunas,Flow State,Stout - Milk / Sweet,9.0,Mount Brewing Co ,New Zealand,Putoja 2026
1600610387,2026-09-11,3.0,"","",The Petria Réserve,Wild Ale - American,7.0,de Garde Brewing,United States,Putoja 2026
1600610392,2026-09-11,4.3,"",Lithuania,Zódóma,IPA - New England / Hazy,6.0,RVK Brewing Co,Iceland,Putoja 2026
1600610441,2026-09-11,3.5,"","",GORYO,Farmhouse Ale - Saison,5.0,Craftrock Brewing,Japan,Putoja 2026
1600610505,2026-09-11,4.5,"",Minsk,Kleppur,IPA - Imperial / Double New England / Hazy,8.0,RVK Brewing Co,Iceland,Putoja 2026
1600610523,2026-09-11,3.8,Mit Pfirsisch,Wuppertal,Minoh Kokusan Momo Weizen (国産桃ヴァイツェン),Wheat Beer - Fruited,5.0,Minoh Beer,Japan,Putoja Craft Beer Festival
1600610559,2026-09-11,4.8,"","",Sourvival Kit,Sour - Berliner Weisse,3.6,Húsavík Öl,Iceland,Putoja Craft Beer Festival
1600610595,2026-09-11,4.0,Маё першае новазеландскае,"",Flow State,Stout - Milk / Sweet,9.0,Mount Brewing Co ,New Zealand,
1600611016,2026-09-11,4.5,"",Minsk,Sourvival Kit,Sour - Berliner Weisse,3.6,Húsavík Öl,Iceland,Putoja Craft Beer Festival
1600611035,2026-09-11,4.3,Круты вэст-кост!,"",Simmoe,IPA - Imperial / Double,8.3,Fruition Brewing,United States,Sakiškės Brewery (Sakiškių Alus)
1600611065,2026-09-11,3.5,"",Budapest,Mango Milkshake IPA,IPA - Milkshake,6.1,Cerveza 7 Vidas,Peru,Putoja 2026
1600611117,2026-09-11,4.3,"","",Disco Paradiso,IPA - Imperial / Double New England / Hazy,7.8,Galway Bay Brewery,Ireland,Putoja Craft Beer Festival
1600611121,2026-09-11,4.3,"","Belarus, Minsk",Disco Paradiso,IPA - Imperial / Double New England / Hazy,7.8,Galway Bay Brewery,Ireland,Dūmų Fabrikas
1600611127,2026-09-11,4.0,"",Vilnius,Flow State,Stout - Milk / Sweet,9.0,Mount Brewing Co ,New Zealand,Putoja Craft Beer Festival
1600611157,2026-09-11,3.8,"","",Tepache S.O.D,Sour - Fruited Gose,5.0,Craftrock Brewing,Japan,Dūmų Fabrikas
1600611167,2026-09-11,4.5,"",Wroclaw,Ārpus X Mortalis Brewing Co. Alphonso Mango X Coconut X Sticky Rice X Pineapple Smoothie Sour Ale,Sour - Smoothie / Pastry,4.5,Ārpus Brewing Co.,Latvia,Nisha Craft Capital
1600611172,2026-09-11,3.5,"","",Pear Ale,Farmhouse Ale - Saison,5.4,Scratch Brewing Company,United States,Al Pastor
1600611222,2026-09-11,3.0,"",Budapest,Rose Brut,Grape Ale - Other,6.8,Cerveza 7 Vidas,Peru,Putoja 2026
1600611250,2026-09-11,3.8,"","",Zódóma,IPA - New England / Hazy,6.0,RVK Brewing Co,Iceland,
1600611269,2026-09-11,3.5,"",Dunakeszi ,Rose Brut,Grape Ale - Other,6.8,Cerveza 7 Vidas,Peru,Putoja 2026
1600611284,2026-09-11,4.3,"","",Plum Première (1/26),Farmhouse Ale - Other,7.7,de Garde Brewing,United States,Dūmų Fabrikas
1600611309,2026-09-11,4.0,"","",Disco Paradiso,IPA - Imperial / Double New England / Hazy,7.8,Galway Bay Brewery,Ireland,Putoja 2026
1600611315,2026-09-11,4.5,"","",Plum Première (1/26),Farmhouse Ale - Other,7.7,de Garde Brewing,United States,Sakiškės Brewery (Sakiškių Alus)
1600611318,2026-09-11,3.8,Сладенький и хмельной. Первое пиво с Фарерских остров,beer:cerveza:bier:birra:alus:piwo:bira:pivo:olut ,Mjørkareinsari,Lager - IPL (India Pale Lager),5.5,OY Brewing,Faroe Islands,Putoja 2026
1600611329,2026-09-11,4.3,"","",Yuzu Haze,IPA - New England / Hazy,6.9,Fruition Brewing,United States,
1600611385,2026-09-11,4.0,"","",Czech Fraud,Pilsner - Czech / Bohemian,5.0,Panimoyhtiö Tuju,Finland,Putoja Craft Beer Festival
1600611404,2026-09-11,4.3,"","",Disco Paradiso,IPA - Imperial / Double New England / Hazy,7.8,Galway Bay Brewery,Ireland,Putoja 2026
1600611414,2026-09-11,0.0,"","",Mangos in the Garden,Sour - Fruited,9.0,Moksa Brewing Co,United States,Putoja 2026
1600611429,2026-09-11,4.0,"","",Simmoe,IPA - Imperial / Double,8.3,Fruition Brewing,United States,Sakiškės Brewery (Sakiškių Alus)
1600611432,2026-09-11,4.0,"","",Mango Passionfruit Skyrsour,Sour - Fruited,4.5,Smiðjan Brugghús,Iceland,Putoja 2026
1600611470,2026-09-11,4.0,"","",The Trifecta,IPA - New Zealand,6.5,Mount Brewing Co ,New Zealand,Dūmų Terasa
1600611473,2026-09-11,4.0,"","",Sourvival Kit,Sour - Berliner Weisse,3.6,Húsavík Öl,Iceland,
1600611511,2026-09-11,4.3,"",Kaunas,Disco Paradiso,IPA - Imperial / Double New England / Hazy,7.8,Galway Bay Brewery,Ireland,Putoja 2026
1600611998,2026-09-11,0.0,"","",Moksamosa,Sour - Fruited,9.5,Moksa Brewing Co,United States,Putoja 2026
1600612010,2026-09-11,3.8,"",Dunakeszi ,Saison Dègel,Farmhouse Ale - Saison,5.3,is/was brewing,United States,Putoja 2026
1600612020,2026-09-11,5.0,"",Lithuania,Kisel: Passion Fruit & Mango,Sour - Fruited Gose,3.8,Sofia Electric Brewing ,Bulgaria,Putoja 2026
1600612023,2026-09-11,4.5,"",Minsk,Himmber & Hveiti,Wheat Beer - Fruited,5.8,OY Brewing,Faroe Islands,Putoja Craft Beer Festival
1600612041,2026-09-11,2.5,"","",Senmergė,Historical Beer - Keptinis,5.2,Artūras Masiliauskas,Lithuania,
1600612043,2026-09-11,4.5,"","",Gossip Mate 奇兰爱吃瓜,Cider - Other,3.0,Sheng Craft Beer (山乘酿造),China / People's Republic of China,
1600612133,2026-09-11,3.8,"","Helsinki, Finland",Moon Rebooted,Cider - Other Fruit,3.0,Sheng Craft Beer (山乘酿造),China / People's Republic of China,Putoja 2026
1600612188,2026-09-11,3.8,"",Riga,The Trifecta,IPA - New Zealand,6.5,Mount Brewing Co ,New Zealand,Putoja 2026
1600612209,2026-09-11,0.0,"","",The Trifecta,IPA - New Zealand,6.5,Mount Brewing Co ,New Zealand,
1600612274,2026-09-11,3.8,"","",Total Eclipse of the Hops,IPA - Imperial / Double,8.0,Smiðjan Brugghús,Iceland,Dūmų Fabrikas
1600612283,2026-09-11,4.8,"",Vilnius,Saison Dègel,Farmhouse Ale - Saison,5.3,is/was brewing,United States,Putoja 2026
1600612284,2026-09-11,3.5,"","",Rindill,Mild - Other,4.0,Húsavík Öl,Iceland,Putoja 2026
1600612288,2026-09-11,3.8,"","",The Trifecta,IPA - New Zealand,6.5,Mount Brewing Co ,New Zealand,Sakiškės Brewery (Sakiškių Alus)
1600612312,2026-09-11,3.3,"",Dunakeszi ,Rindill,Mild - Other,4.0,Húsavík Öl,Iceland,Putoja 2026
1600612317,2026-09-11,4.0,"",Finland,Corner Club,IPA - New England / Hazy,6.4,Galway Bay Brewery,Ireland,Putoja Craft Beer Festival
1600612365,2026-09-11,3.3,"","",Yuzu Haze,IPA - New England / Hazy,6.9,Fruition Brewing,United States,Putoja 2026
1600612428,2026-09-11,3.5,"",Minsk,Mjørkareinsari,Lager - IPL (India Pale Lager),5.5,OY Brewing,Faroe Islands,Putoja 2026
1600612434,2026-09-11,3.8,"","",Fruit Expo: Berliner Weisse With Lime,Sour - Fruited Berliner Weisse,4.6,Nova Runda,Croatia,Putoja 2026
1600612448,2026-09-11,3.5,"","",Brick By Brick,Red Ale - Other,5.2,Sudden Death Brewing Co.,Germany,Putoja 2026
1600612476,2026-09-11,3.5,"",Wuppertal ,Ume-Chu (2026),Sour - Fruited,4.0,Minoh Beer,Japan,Putoja 2026
1600612494,2026-09-11,4.0,"",Vilnius,Zódóma,IPA - New England / Hazy,6.0,RVK Brewing Co,Iceland,
1600612534,2026-09-11,3.8,"","",Mango Passionfruit Skyrsour,Sour - Fruited,4.5,Smiðjan Brugghús,Iceland,
1600612540,2026-09-11,4.0,"","",Gossip Mate 奇兰爱吃瓜,Cider - Other,3.0,Sheng Craft Beer (山乘酿造),China / People's Republic of China,Putoja 2026
1600612543,2026-09-11,3.8,"",Dunakeszi ,Sourvival Kit,Sour - Berliner Weisse,3.6,Húsavík Öl,Iceland,Putoja 2026
1600612593,2026-09-11,3.0,"","",Moon Rebooted,Cider - Other Fruit,3.0,Sheng Craft Beer (山乘酿造),China / People's Republic of China,Sakiškės Brewery (Sakiškių Alus)
1600613424,2026-09-11,3.8,"",Kaunas,Tepache S.O.D,Sour - Fruited Gose,5.0,Craftrock Brewing,Japan,Putoja 2026
1600613437,2026-09-11,4.0,"","",The Petria Réserve,Wild Ale - American,7.0,de Garde Brewing,United States,Putoja 2026
1600613439,2026-09-11,3.0,"","",GORYO,Farmhouse Ale - Saison,5.0,Craftrock Brewing,Japan,Putoja 2026
1600613456,2026-09-11,4.0,"",Vilnius,Flow State,Stout - Milk / Sweet,9.0,Mount Brewing Co ,New Zealand,
1600613471,2026-09-11,3.8,"","",The Finer Points of Bad Behavior Volume XXVIII: Rhubarb & Brettanomyces Lambicus,Fruit Beer,6.1,is/was brewing,United States,Mexica
1600613485,2026-09-11,4.3,"Sehr aromatisch, Hopfen aus Slowenien",Wuppertal,Metulj,IPA - New England / Hazy,6.0,Clef Brewery,Slovenia,Putoja Craft Beer Festival
1600613493,2026-09-11,3.8,"","",Corner Club,IPA - New England / Hazy,6.4,Galway Bay Brewery,Ireland,Putoja Craft Beer Festival
1600613495,2026-09-11,4.3,"","",Patrick Millah 2026,IPA - Session,6.0,Yeccan Cervecería,Mexico,Putoja Craft Beer Festival
1600613506,2026-09-11,3.8,"","",Flow State,Stout - Milk / Sweet,9.0,Mount Brewing Co ,New Zealand,Dūmų Fabrikas
1600613510,2026-09-11,4.0,"",Vilnius,Plum Première (1/26),Farmhouse Ale - Other,7.7,de Garde Brewing,United States,Sakiškės Brewery (Sakiškių Alus)
1600613528,2026-09-11,4.0,"",Lithuania,Patrick Millah 2026,IPA - Session,6.0,Yeccan Cervecería,Mexico,Putoja 2026
1600613529,2026-09-11,4.3,"",Minsk,Plum Première (1/26),Farmhouse Ale - Other,7.7,de Garde Brewing,United States,Putoja 2026
1600613533,2026-09-11,3.5,"",Dunakeszi ,EN RIKTIG ØL,IPA - New England / Hazy,6.9,Wasa Brewing Company,Finland,Putoja 2026
1600613536,2026-09-11,3.8,"","",Corner Club,IPA - New England / Hazy,6.4,Galway Bay Brewery,Ireland,Putoja 2026
1600613538,2026-09-11,4.3,"","",Disco Paradiso,IPA - Imperial / Double New England / Hazy,7.8,Galway Bay Brewery,Ireland,Putoja 2026
1600613548,2026-09-11,3.0,"","",Rindill,Mild - Other,4.0,Húsavík Öl,Iceland,
1600613567,2026-09-11,3.3,"",Wuppertal ,"Čavun, Pilsner",Pilsner - Czech / Bohemian,4.4,Clef Brewery,Slovenia,Kalno Kalnas
1600613569,2026-09-11,3.0,"","",Gossip Mate 奇兰爱吃瓜,Cider - Other,3.0,Sheng Craft Beer (山乘酿造),China / People's Republic of China,Sakiškės Brewery (Sakiškių Alus)
1600613572,2026-09-11,3.3,"","",GORYO,Farmhouse Ale - Saison,5.0,Craftrock Brewing,Japan,Putoja 2026
1600613611,2026-09-11,4.0,А мне нравится,beer:cerveza:bier:birra:alus:piwo:bira:pivo:olut ,Rindill,Mild - Other,4.0,Húsavík Öl,Iceland,Putoja 2026
1600613630,2026-09-11,3.8,"","",Yuzu Pils,Pilsner - Other,5.4,Fruition Brewing,United States,Sakiškės Brewery (Sakiškių Alus)
1600613638,2026-09-11,1.5,"","",Patrick Millah 2024,IPA - Session,5.9,Yeccan Cervecería,Mexico,Sakiškės Brewery (Sakiškių Alus)
1600613646,2026-09-11,0.0,"","",Moon Rebooted,Cider - Other Fruit,3.0,Sheng Craft Beer (山乘酿造),China / People's Republic of China,
1600613690,2026-09-11,4.3,"","",Total Eclipse of the Hops,IPA - Imperial / Double,8.0,Smiðjan Brugghús,Iceland,Putoja 2026
1600613728,2026-09-11,2.0,"","",Mango Milkshake IPA,IPA - Milkshake,6.1,Cerveza 7 Vidas,Peru,Putoja 2026
1600614417,2026-09-11,3.5,"",Minsk,Brick By Brick,Red Ale - Other,5.2,Sudden Death Brewing Co.,Germany,Putoja 2026
1600614443,2026-09-11,3.8,"","",Fruit Expo: Apricot Sour,Sour - Fruited,4.6,Nova Runda,Croatia,Dūmų Fabrikas
1600614448,2026-09-11,3.5,"",Budapest,Good Soup,Sour - Tomato / Vegetable Gose,4.0,Nurme,Latvia,Putoja 2026
1600614456,2026-09-11,4.0,"","",Corner Club,IPA - New England / Hazy,6.4,Galway Bay Brewery,Ireland,Putoja 2026
1600614477,2026-09-11,4.0,"",Vilnius,Fruit Expo: Apricot Sour,Sour - Fruited,4.6,Nova Runda,Croatia,
1600614514,2026-09-11,3.8,"","Helsinki, Finland",Zódóma,IPA - New England / Hazy,6.0,RVK Brewing Co,Iceland,Putoja 2026
1600614551,2026-09-11,4.3,"",Vilnius,Foeder-Aged Wild Grapevine,Farmhouse Ale - Other,6.2,Scratch Brewing Company,United States,Dūmų Terasa
1600614569,2026-09-11,4.3,"",Vilnius,Moksamosa: Boysenberry,Sour - Fruited,9.2,Moksa Brewing Co,United States,Putoja Craft Beer Festival
1600614570,2026-09-11,4.0,Овер сладко.,beer:cerveza:bier:birra:alus:piwo:bira:pivo:olut ,Kleppur,IPA - Imperial / Double New England / Hazy,8.0,RVK Brewing Co,Iceland,Putoja 2026
1600614579,2026-09-11,3.8,"",Wuppertal ,Metulj,IPA - New England / Hazy,6.0,Clef Brewery,Slovenia,Putoja Craft Beer Festival
1600614607,2026-09-11,3.8,"","",Zódóma,IPA - New England / Hazy,6.0,RVK Brewing Co,Iceland,Dūmų Fabrikas
1600614608,2026-09-11,4.5,"","",Moon Rebooted,Cider - Other Fruit,3.0,Sheng Craft Beer (山乘酿造),China / People's Republic of China,Putoja 2026
1600614616,2026-09-11,3.8,"","",Minoh Kokusan Momo Weizen (国産桃ヴァイツェン),Wheat Beer - Fruited,5.0,Minoh Beer,Japan,
1600614619,2026-09-11,4.0,"","",Kleppur,IPA - Imperial / Double New England / Hazy,8.0,RVK Brewing Co,Iceland,Putoja Craft Beer Festival
1600614664,2026-09-11,4.3,Хе берлінчык з гурком,"Belarus, Minsk",Sourvival Kit,Sour - Berliner Weisse,3.6,Húsavík Öl,Iceland,Putoja Craft Beer Festival
1600614706,2026-09-11,4.5,"","",Kleppur,IPA - Imperial / Double New England / Hazy,8.0,RVK Brewing Co,Iceland,Putoja 2026
1600614717,2026-09-11,5.0,"","",Gossip Mate 奇兰爱吃瓜,Cider - Other,3.0,Sheng Craft Beer (山乘酿造),China / People's Republic of China,
1600614718,2026-09-11,3.5,"",Minsk,Watermelon Sour Ale,Sour - Fruited,3.9,Dūmų Brewery,Lithuania,Putoja 2026
1600614751,2026-09-11,3.5,"","",The Trifecta,IPA - New Zealand,6.5,Mount Brewing Co ,New Zealand,Dūmų Terasa
1600614784,2026-09-11,4.0,"","",Buzdygan Rozkoszy 2026,Stout - Imperial / Double Pastry,9.8,Harpagan Craft Beer,Poland,Putoja 2026
1600614789,2026-09-11,1.5,"","",700,Lager - Mexican,4.8,Cervecería Skyline,Mexico,Sakiškės Brewery (Sakiškių Alus)
1600614800,2026-09-11,3.5,"","Helsinki, Finland",Ume-Chu (2026),Sour - Fruited,4.0,Minoh Beer,Japan,Putoja 2026
1600614809,2026-09-11,4.0,"",Vilnius,Minoh Kokusan Momo Weizen (国産桃ヴァイツェン),Wheat Beer - Fruited,5.0,Minoh Beer,Japan,Dūmų Terasa
1600614811,2026-09-11,4.0,"","",Powab Oprycha 2026,IPA - Imperial / Double New England / Hazy,7.5,Harpagan Craft Beer,Poland,
1600614926,2026-09-11,3.0,"","",Sourvival Kit,Sour - Berliner Weisse,3.6,Húsavík Öl,Iceland,Dūmų Terasa
1600615376,2026-09-11,4.5,"","",Buzdygan Rozkoszy 2026,Stout - Imperial / Double Pastry,9.8,Harpagan Craft Beer,Poland,Putoja 2026
1600615393,2026-09-11,4.0,"","",Himmber & Hveiti,Wheat Beer - Fruited,5.8,OY Brewing,Faroe Islands,Putoja 2026
1600615414,2026-09-11,3.8,"",Vilnius,Yuzu Pils,Pilsner - Other,5.4,Fruition Brewing,United States,
1600615415,2026-09-11,3.5,"","",Mango Milkshake IPA,IPA - Milkshake,6.1,Cerveza 7 Vidas,Peru,Sakiškės Brewery (Sakiškių Alus)
1600615422,2026-09-11,2.8,"","",Saison Dègel,Farmhouse Ale - Saison,5.3,is/was brewing,United States,Putoja 2026
1600615469,2026-09-11,3.5,Banglentė,"",Minoh Kokusan Momo Weizen - Wase (国産桃ヴァイツェン 早生),Wheat Beer - Fruited,5.0,Minoh Beer,Japan,
1600615542,2026-09-11,4.0,"","",Forest Folly,IPA - Imperial / Double New England / Hazy,8.0,Sudden Death Brewing Co.,Germany,Putoja 2026
1600615622,2026-09-11,4.3,"",Kaunas,Buzdygan Rozkoszy 2026,Stout - Imperial / Double Pastry,9.8,Harpagan Craft Beer,Poland,Putoja 2026
1600615626,2026-09-11,3.8,"","",Forest Folly,IPA - Imperial / Double New England / Hazy,8.0,Sudden Death Brewing Co.,Germany,Putoja 2026
1600615667,2026-09-11,3.8,"","",Cumowe  2.0,Stout - Irish Dry,4.7,Browar Spółdzielczy,Poland,Sakiškės Brewery (Sakiškių Alus)
1600615725,2026-09-11,4.3,"","",I'M GREEN,Sour - Smoothie / Pastry,6.0,Green Head,Poland,Putoja Craft Beer Festival
1600615726,2026-09-11,4.3,"",Minsk,Disco Paradiso,IPA - Imperial / Double New England / Hazy,7.8,Galway Bay Brewery,Ireland,Putoja Craft Beer Festival
1600615781,2026-09-11,4.0,"","",Californication / Kalifornikacija,Pale Ale - American,4.5,Genys Brewing Co.,Lithuania,Sue's Indian Raja
1600615793,2026-09-11,4.3,"","Haifa, IL",Moon Rebooted,Cider - Other Fruit,3.0,Sheng Craft Beer (山乘酿造),China / People's Republic of China,Putoja 2026
1600615828,2026-09-11,4.3,Сочности маловато,Minsk,Forest Folly,IPA - Imperial / Double New England / Hazy,8.0,Sudden Death Brewing Co.,Germany,Putoja 2026
1600615837,2026-09-11,3.8,"",Vilnius,Pear Ale,Farmhouse Ale - Saison,5.4,Scratch Brewing Company,United States,Putoja Craft Beer Festival
1600615848,2026-09-11,3.8,"","",GORYO,Farmhouse Ale - Saison,5.0,Craftrock Brewing,Japan,
1600615885,2026-09-11,3.8,"","",S.O.D (Sound of Distortion - Margarita),Sour - Fruited Gose,5.0,Craftrock Brewing,Japan,Putoja 2026
1600615889,2026-09-11,4.0,"","",Kleppur,IPA - Imperial / Double New England / Hazy,8.0,RVK Brewing Co,Iceland,Putoja 2026
1600615900,2026-09-11,3.8,"","",Cumowe  2.0,Stout - Irish Dry,4.7,Browar Spółdzielczy,Poland,Sakiškės Brewery (Sakiškių Alus)
1600615920,2026-09-11,3.8,"",Vilnius,Stonewell/Finbarra Dry Irish Craft Cider,Cider - Dry,5.5,Nohoval Drinks Company Ltd,Ireland,Putoja 2026
1600615940,2026-09-11,4.0,"","",Simmoe,IPA - Imperial / Double,8.3,Fruition Brewing,United States,
1600615951,2026-09-11,3.5,"",Dunakeszi ,Good Soup,Sour - Tomato / Vegetable Gose,4.0,Nurme,Latvia,Putoja 2026
1600615977,2026-09-11,3.3,"","",Rose Brut,Grape Ale - Other,6.8,Cerveza 7 Vidas,Peru,Sakiškės Brewery (Sakiškių Alus)
1600616018,2026-09-11,4.0,"","",Moksamosa: Boysenberry,Sour - Fruited,9.2,Moksa Brewing Co,United States,Putoja 2026
1600616792,2026-09-11,4.0,Хоць адзін дастойны чэкін сёння,"",Pear Ale,Farmhouse Ale - Saison,5.4,Scratch Brewing Company,United States,Dūmų Terasa
1600616795,2026-09-11,4.0,"","",Gelato: Tropical Shake 2026,Sour - Smoothie / Pastry,5.5,Funky Fluid,Poland,Local Pub
1600616807,2026-09-11,4.0,"","",Tepache S.O.D,Sour - Fruited Gose,5.0,Craftrock Brewing,Japan,
1600616809,2026-09-11,4.5,"",Vilnius,Foeder-Aged Wild Grapevine,Farmhouse Ale - Other,6.2,Scratch Brewing Company,United States,Putoja Craft Beer Festival
1600616857,2026-09-11,3.8,"","",Good Soup,Sour - Tomato / Vegetable Gose,4.0,Nurme,Latvia,Dūmų Fabrikas
1600616860,2026-09-11,4.3,"","",Saison Dègel,Farmhouse Ale - Saison,5.3,is/was brewing,United States,Sakiškės Brewery (Sakiškių Alus)
1600616863,2026-09-11,4.5,"","",Kisel: Passion Fruit & Mango,Sour - Fruited Gose,3.8,Sofia Electric Brewing ,Bulgaria,
1600616870,2026-09-11,3.5,"",Vilnius,Yuzu Pils,Pilsner - Other,5.4,Fruition Brewing,United States,
1600616876,2026-09-11,4.5,"","",Forest Folly,IPA - Imperial / Double New England / Hazy,8.0,Sudden Death Brewing Co.,Germany,Putoja 2026
1600616917,2026-09-11,3.8,"","Haifa, IL",Naktenis BA,Porter - Imperial / Double Baltic,8.6,Malduguns,Latvia,Putoja 2026
1600616919,2026-09-11,4.0,"",Minsk,Disco Paradiso,IPA - Imperial / Double New England / Hazy,7.8,Galway Bay Brewery,Ireland,Putoja 2026
1600616948,2026-09-11,3.5,"","",Rinktinis,Lager - Pale,5.2,Volfas Engelman,Lithuania,Amatininkų užeiga
1600616960,2026-09-11,3.8,"","",Powab Oprycha 2026,IPA - Imperial / Double New England / Hazy,7.5,Harpagan Craft Beer,Poland,Putoja Craft Beer Festival
1600616963,2026-09-11,2.5,"",Vilnius,Corner Club,IPA - New England / Hazy,6.4,Galway Bay Brewery,Ireland,Putoja 2026
1600616970,2026-09-11,3.5,"","",Mango Milkshake IPA,IPA - Milkshake,6.1,Cerveza 7 Vidas,Peru,Sakiškės Brewery (Sakiškių Alus)
1600617010,2026-09-11,4.0,"","",Humulupu IPA,IPA - Session,5.0,Dundulis,Lithuania,Etmonų Špunka
1600617037,2026-09-11,4.0,"",Vilnius,Saison Dègel,Farmhouse Ale - Saison,5.3,is/was brewing,United States,Putoja 2026
1600617046,2026-09-11,4.0,"",Minsk,Brick By Brick,Red Ale - Other,5.2,Sudden Death Brewing Co.,Germany,Putoja Craft Beer Festival
1600617048,2026-09-11,4.3,"","",It's Coming Home (Final Eight - England),IPA - New England / Hazy,6.2,Funky Fluid,Poland,Local Pub
1600617111,2026-09-11,4.0,"","",Good Soup,Sour - Tomato / Vegetable Gose,4.0,Nurme,Latvia,Dūmų Fabrikas
1600617121,2026-09-11,3.0,"","",Smoked Cedar Gose,Sour - Other Gose,5.2,Freigeist Bierkultur,Germany,
1600617136,2026-09-11,4.8,🍉🍉🍉,Riga,Gossip Mate 奇兰爱吃瓜,Cider - Other,3.0,Sheng Craft Beer (山乘酿造),China / People's Republic of China,Putoja 2026
1600617163,2026-09-11,3.8,"","",Powab Oprycha 2026,IPA - Imperial / Double New England / Hazy,7.5,Harpagan Craft Beer,Poland,Putoja 2026
1600617200,2026-09-11,2.5,"","",Disco Paradiso,IPA - Imperial / Double New England / Hazy,7.8,Galway Bay Brewery,Ireland,Putoja 2026
1600617232,2026-09-11,4.8,"","",Moksamosa: Boysenberry,Sour - Fruited,9.2,Moksa Brewing Co,United States,
1600617842,2026-09-11,4.5,"",Vilnius,Foeder-Aged Wild Grapevine,Farmhouse Ale - Other,6.2,Scratch Brewing Company,United States,Putoja 2026
1600617951,2026-09-11,3.8,"",Dunakeszi ,Gossip Mate 奇兰爱吃瓜,Cider - Other,3.0,Sheng Craft Beer (山乘酿造),China / People's Republic of China,Putoja 2026
1600618020,2026-09-11,4.3,Ух цяжкі напой,"Belarus, Minsk",Total Eclipse of the Hops,IPA - Imperial / Double,8.0,Smiðjan Brugghús,Iceland,Putoja 2026
1600618068,2026-09-11,3.5,"","",GORYO,Farmhouse Ale - Saison,5.0,Craftrock Brewing,Japan,Putoja 2026
1600618108,2026-09-11,3.0,"","",The Finer Points of Bad Behavior: Volume 3,Fruit Beer,6.1,is/was brewing,United States,
1600618116,2026-09-11,4.3,"","",Flow State,Stout - Milk / Sweet,9.0,Mount Brewing Co ,New Zealand,Putoja 2026
1600618121,2026-09-11,4.0,"","",Flow State,Stout - Milk / Sweet,9.0,Mount Brewing Co ,New Zealand,
1600618134,2026-09-11,4.0,"",Minsk,The Trifecta,IPA - New Zealand,6.5,Mount Brewing Co ,New Zealand,Putoja 2026
1600618190,2026-09-11,3.3,"",Vilnius,Minoh Kokusan Momo Weizen (国産桃ヴァイツェン),Wheat Beer - Fruited,5.0,Minoh Beer,Japan,Putoja 2026
1600618222,2026-09-11,4.0,"","",Gossip Mate 奇兰爱吃瓜,Cider - Other,3.0,Sheng Craft Beer (山乘酿造),China / People's Republic of China,Sakiškės Brewery (Sakiškių Alus)
1600618260,2026-09-11,4.3,"",Dunakeszi ,Moon Rebooted,Cider - Other Fruit,3.0,Sheng Craft Beer (山乘酿造),China / People's Republic of China,Putoja 2026
1600618261,2026-09-11,3.8,"","",Pear Ale,Farmhouse Ale - Saison,5.4,Scratch Brewing Company,United States,
1600618267,2026-09-11,3.8,"","",Forest Folly,IPA - Imperial / Double New England / Hazy,8.0,Sudden Death Brewing Co.,Germany,
1600618308,2026-09-11,3.8,"","",Mangos in the Garden,Sour - Fruited,9.0,Moksa Brewing Co,United States,Dūmų Fabrikas
1600618344,2026-09-11,3.3,"","",Ryezidskie,Historical Beer - Grodziskie / Grätzer,3.0,Freigeist Bierkultur,Germany,Putoja 2026
1600618347,2026-09-11,3.0,"",Budapest,No Name,IPA - Session New England / Hazy,5.4,Malduguns,Latvia,Putoja 2026
1600618352,2026-09-11,5.0,It's like it was brewed for me!,"Helsinki, Finland",Kisel: Passion Fruit & Mango,Sour - Fruited Gose,3.8,Sofia Electric Brewing ,Bulgaria,Putoja Craft Beer Festival
1600618375,2026-09-11,4.0,"Лёгкая копченка, не ного соли, хорошо.",beer:cerveza:bier:birra:alus:piwo:bira:pivo:olut ,Smoked Cedar Gose,Sour - Other Gose,5.2,Freigeist Bierkultur,Germany,Putoja 2026
1600618449,2026-09-11,4.0,Уфь вэнджанкі не пашкадавалі,"Belarus, Minsk",Ryezidskie,Historical Beer - Grodziskie / Grätzer,3.0,Freigeist Bierkultur,Germany,Putoja 2026
1600618458,2026-09-11,4.5,"",Vilnius,Gossip Mate 奇兰爱吃瓜,Cider - Other,3.0,Sheng Craft Beer (山乘酿造),China / People's Republic of China,Putoja 2026
1600618521,2026-09-11,4.3,"","",Flow State,Stout - Milk / Sweet,9.0,Mount Brewing Co ,New Zealand,Putoja 2026
1600618550,2026-09-11,3.0,"","",Moksamosa: Boysenberry,Sour - Fruited,9.2,Moksa Brewing Co,United States,Putoja Craft Beer Festival
1600618573,2026-09-11,4.3,"Вінаграднік лагодны, смачны","",Foeder-Aged Wild Grapevine,Farmhouse Ale - Other,6.2,Scratch Brewing Company,United States,Dūmų Terasa
1600618578,2026-09-11,3.8,"","",Stonewell/Finbarra Dry Irish Craft Cider,Cider - Dry,5.5,Nohoval Drinks Company Ltd,Ireland,Putoja 2026
1600618626,2026-09-11,3.8,"",Wuppertal ,Too Long For Oolong,Sour - Fruited,5.0,OneTwo,Romania,Putoja 2026
1600619175,2026-09-11,3.8,"","",Forest Folly,IPA - Imperial / Double New England / Hazy,8.0,Sudden Death Brewing Co.,Germany,Putoja 2026
1600619243,2026-09-11,4.0,"",Vilnius,Mangos in the Garden,Sour - Fruited,9.0,Moksa Brewing Co,United States,Putoja 2026
1600619274,2026-09-11,4.0,"","",Simmoe,IPA - Imperial / Double,8.3,Fruition Brewing,United States,Putoja 2026
1600619291,2026-09-11,3.0,"",Vilnius,Ryezidskie,Historical Beer - Grodziskie / Grätzer,3.0,Freigeist Bierkultur,Germany,Putoja 2026
1600619294,2026-09-11,3.8,"",Kaunas,Goset Housussa,Sour - Fruited Gose,4.3,Panimoyhtiö Tuju,Finland,Putoja 2026
1600619322,2026-09-11,4.0,"","",Stonewell/Finbarra Dry Irish Craft Cider,Cider - Dry,5.5,Nohoval Drinks Company Ltd,Ireland,Putoja Craft Beer Festival
1600619326,2026-09-11,3.5,"","",Goset Housussa,Sour - Fruited Gose,4.3,Panimoyhtiö Tuju,Finland,
1600619338,2026-09-11,3.8,"",Budapest,OOZE,Wild Ale - Other,8.0,Nurme,Latvia,Putoja 2026
1600619369,2026-09-11,3.5,"","",Pils Naturbelassen,Pilsner - German,4.9,Thuisbrunner Elch-Bräu,Germany,
1600619414,2026-09-11,1.5,"","",Pear Ale,Farmhouse Ale - Saison,5.4,Scratch Brewing Company,United States,Putoja 2026
1600619422,2026-09-11,3.3,"","","Čavun, Pilsner",Pilsner - Czech / Bohemian,4.4,Clef Brewery,Slovenia,
1600619426,2026-09-11,4.0,"","",Total Eclipse of the Hops,IPA - Imperial / Double,8.0,Smiðjan Brugghús,Iceland,Putoja 2026
1600619440,2026-09-11,3.0,"","",Brick By Brick,Red Ale - Other,5.2,Sudden Death Brewing Co.,Germany,
1600619452,2026-09-11,3.5,"","",Simmoe,IPA - Imperial / Double,8.3,Fruition Brewing,United States,Putoja 2026
1600619469,2026-09-11,3.3,"","",EN RIKTIG ØL,IPA - New England / Hazy,6.9,Wasa Brewing Company,Finland,Putoja 2026
1600619480,2026-09-11,4.3,"Крепкий, но классный. Привет исландский бейдж.",beer:cerveza:bier:birra:alus:piwo:bira:pivo:olut ,Total Eclipse of the Hops,IPA - Imperial / Double,8.0,Smiðjan Brugghús,Iceland,Putoja 2026
1600619497,2026-09-11,4.0,"",Dunakeszi ,OOZE,Wild Ale - Other,8.0,Nurme,Latvia,Putoja 2026
1600619540,2026-09-11,4.5,"","",Moon Rebooted,Cider - Other Fruit,3.0,Sheng Craft Beer (山乘酿造),China / People's Republic of China,Putoja 2026
1600619571,2026-09-11,4.0,"","",EN RIKTIG ØL,IPA - New England / Hazy,6.9,Wasa Brewing Company,Finland,Sakiškės Brewery (Sakiškių Alus)
1600619606,2026-09-11,4.0,"",Kaunas,Total Eclipse of the Hops,IPA - Imperial / Double,8.0,Smiðjan Brugghús,Iceland,Putoja 2026
1600619639,2026-09-11,4.5,"","",Moon Rebooted,Cider - Other Fruit,3.0,Sheng Craft Beer (山乘酿造),China / People's Republic of China,Putoja Craft Beer Festival
1600619640,2026-09-11,3.8,"","Haifa, IL",OOZE,Wild Ale - Other,8.0,Nurme,Latvia,Putoja 2026
1600619660,2026-09-11,4.0,"","",Kisel: Passion Fruit & Mango,Sour - Fruited Gose,3.8,Sofia Electric Brewing ,Bulgaria,Dūmų Fabrikas
1600619666,2026-09-11,5.0,"Top!
🫡",Minsk,Moksamosa: Boysenberry,Sour - Fruited,9.2,Moksa Brewing Co,United States,Putoja Craft Beer Festival
1600619760,2026-09-11,4.5,"",Kaunas,Moon Rebooted,Cider - Other Fruit,3.0,Sheng Craft Beer (山乘酿造),China / People's Republic of China,Putoja 2026
1600620263,2026-09-11,4.0,"","",Audacity of Huge,IPA - New England / Hazy,6.0,Hop Hooligans,Romania,Putoja 2026
1600620282,2026-09-11,3.8,"","Helsinki, Finland",Moksamosa: Boysenberry,Sour - Fruited,9.2,Moksa Brewing Co,United States,Putoja 2026
1600620290,2026-09-11,3.0,"","",Moon Rebooted,Cider - Other Fruit,3.0,Sheng Craft Beer (山乘酿造),China / People's Republic of China,Putoja 2026
1600620294,2026-09-11,4.0,"","",OOZE,Wild Ale - Other,8.0,Nurme,Latvia,Dūmų Fabrikas
1600620316,2026-09-11,4.0,"","",OOZE,Wild Ale - Other,8.0,Nurme,Latvia,Putoja 2026
1600620371,2026-09-11,2.0,"","",Patrick Millah 2026,IPA - Session,6.0,Yeccan Cervecería,Mexico,Sakiškės Brewery (Sakiškių Alus)
1600620402,2026-09-11,3.0,Degintas,Vilnius,Rindill,Mild - Other,4.0,Húsavík Öl,Iceland,Putoja 2026
1600620413,2026-09-11,4.3,Нечакана вельмі добры Рэд,"Belarus, Minsk",Brick By Brick,Red Ale - Other,5.2,Sudden Death Brewing Co.,Germany,Putoja 2026
1600620415,2026-09-11,3.5,"","",Sommartider,Blonde / Golden Ale - Other,5.0,Wasa Brewing Company,Finland,Sakiškės Brewery (Sakiškių Alus)
1600620428,2026-09-11,3.5,"","",Sommartider,Blonde / Golden Ale - Other,5.0,Wasa Brewing Company,Finland,Putoja 2026
1600620451,2026-09-11,4.0,"","",EN RIKTIG ØL,IPA - New England / Hazy,6.9,Wasa Brewing Company,Finland,Dūmų Terasa
1600620463,2026-09-11,3.8,"","Vilnius, Lithuania",Delicate Summer,Mead - Braggot,6.5,Artūras Masiliauskas,Lithuania,Dūmų Terasa
1600620499,2026-09-11,3.5,"","",EN RIKTIG ØL,IPA - New England / Hazy,6.9,Wasa Brewing Company,Finland,Sakiškės Brewery (Sakiškių Alus)
1600620531,2026-09-11,3.5,"",Finland,Tepache S.O.D,Sour - Fruited Gose,5.0,Craftrock Brewing,Japan,Putoja Craft Beer Festival
1600620537,2026-09-11,2.3,"","",Rindill,Mild - Other,4.0,Húsavík Öl,Iceland,
1600620561,2026-09-11,3.8,"Ну хз, для вінаграда норм можа быць","",Rose Brut,Grape Ale - Other,6.8,Cerveza 7 Vidas,Peru,Dūmų Terasa
1600620563,2026-09-11,3.0,"","",Sommartider,Blonde / Golden Ale - Other,5.0,Wasa Brewing Company,Finland,Dūmų Terasa
1600620595,2026-09-11,3.0,"",Budapest,Simmoe,IPA - Imperial / Double,8.3,Fruition Brewing,United States,Putoja 2026
1600620643,2026-09-11,4.3,"",Vilnius,The BeeKeeper Vol. 6,Sour - Smoothie / Pastry,6.8,TankBusters.Co,Poland,Putoja Craft Beer Festival
1600620654,2026-09-11,3.8,"","Lingen, Lower Saxony, Germany",Labas Vakaras,Porter - English,5.0,Dundulis,Lithuania,Beer House
1600620707,2026-09-11,4.5,"","",OOZE,Wild Ale - Other,8.0,Nurme,Latvia,Putoja 2026
1600620723,2026-09-11,3.0,"",Budapest,Yuzu Pils,Pilsner - Other,5.4,Fruition Brewing,United States,Putoja 2026
1600620871,2026-09-11,3.3,"","",Gossip Mate 奇兰爱吃瓜,Cider - Other,3.0,Sheng Craft Beer (山乘酿造),China / People's Republic of China,Putoja Craft Beer Festival
1600620944,2026-09-11,2.5,"Хуіта, канечне, зато з Мексікі","",700,Lager - Mexican,4.8,Cervecería Skyline,Mexico,Dūmų Terasa
1600620964,2026-09-11,4.0,"",Vilnius,Nelson Sauvin X Simcoe X Superdelic West Coast IPA,IPA - American,6.2,Ārpus Brewing Co.,Latvia,Nisha Craft Capital
1600621809,2026-09-11,4.0,"","",Buzdygan Rozkoszy 2026,Stout - Imperial / Double Pastry,9.8,Harpagan Craft Beer,Poland,Dūmų Terasa
1600621855,2026-09-11,3.0,"",Lithuania,Patrick Millah 2026,IPA - Session,6.0,Yeccan Cervecería,Mexico,Putoja Craft Beer Festival
1600621894,2026-09-11,4.0,"","",Tropical Fusion,IPA - New Zealand,5.8,TankBusters.Co,Poland,Sakiškės Brewery (Sakiškių Alus)
1600621899,2026-09-11,2.8,"","",July Morning,Pilsner - Czech / Bohemian,4.4,Sofia Electric Brewing ,Bulgaria,Putoja 2026
1600621901,2026-09-11,4.0,"","",EN RIKTIG ØL,IPA - New England / Hazy,6.9,Wasa Brewing Company,Finland,Putoja Craft Beer Festival
1600621916,2026-09-11,4.0,"","",Kaimiskas Hoppy Lithuanian Farmhouse Ale,Farmhouse Ale - Saison,7.1,One World Brewing,United States,
1600621917,2026-09-11,4.5,"",Vilnius,Apricot X Orange X Lemon X Vanilla Smoothie Sour Ale,Sour - Smoothie / Pastry,4.5,Ārpus Brewing Co.,Latvia,Nisha Craft Capital
1600621933,2026-09-11,4.5,"",Vilnius,OOZE,Wild Ale - Other,8.0,Nurme,Latvia,Putoja 2026
1600621946,2026-09-11,3.0,"",Dunakeszi ,Yuzu Pils,Pilsner - Other,5.4,Fruition Brewing,United States,Putoja 2026
1600621958,2026-09-11,3.8,"","",Tropical Fusion,IPA - New Zealand,5.8,TankBusters.Co,Poland,Dūmų Terasa
1600622017,2026-09-11,4.0,Вкус лакрицы сразу почувствовал.,beer:cerveza:bier:birra:alus:piwo:bira:pivo:olut ,Forest Folly,IPA - Imperial / Double New England / Hazy,8.0,Sudden Death Brewing Co.,Germany,Putoja 2026
1600622044,2026-09-11,4.0,"","",Buzdygan Rozkoszy 2026,Stout - Imperial / Double Pastry,9.8,Harpagan Craft Beer,Poland,Sakiškės Brewery (Sakiškių Alus)
1600622087,2026-09-11,4.5,"","",Mangos in the Garden,Sour - Fruited,9.0,Moksa Brewing Co,United States,
1600622108,2026-09-11,4.0,"","",Minoh X Mikkeler Tokyo Ume-chu (2025),Sour - Fruited,4.0,Minoh Beer,Japan,Putoja Craft Beer Festival
1600622116,2026-09-11,4.0,"","",The Beekeeper Vol. 19,Sour - Smoothie / Pastry,5.0,TankBusters.Co,Poland,Dūmų Terasa
1600622142,2026-09-11,3.5,"","",OOZE,Wild Ale - Other,8.0,Nurme,Latvia,Putoja 2026
1600622246,2026-09-11,2.8,Pelynas,Vilnius,Delicate Summer,Mead - Braggot,6.5,Artūras Masiliauskas,Lithuania,Putoja 2026
1600622257,2026-09-11,4.0,"",Vilnius,Mango Milkshake IPA,IPA - Milkshake,6.1,Cerveza 7 Vidas,Peru,Putoja 2026
1600622258,2026-09-11,5.0,"Top again!
🤙🏻",Minsk,Mangos in the Garden,Sour - Fruited,9.0,Moksa Brewing Co,United States,Putoja Craft Beer Festival
1600622261,2026-09-11,4.5,Apfel und Rhabarber🥰,Wuppertal,Rós,Cider - Traditional / Apfelwein,5.5,Nohoval Drinks Company Ltd,Ireland,Putoja Craft Beer Festival
1600622277,2026-09-11,5.0,"",Peru,700 Años México-Tenochtitlan,Other,0.0,Yeccan Cervecería,Mexico,Sakiškės Brewery (Sakiškių Alus)
1600622292,2026-09-11,3.8,Ну сярэдненкі,"Belarus, Minsk",Triple IPA,IPA - Triple,8.5,Dūmų Brewery,Lithuania,Putoja 2026
1600622318,2026-09-11,4.0,"",Vilnius,Moksamosa: Boysenberry,Sour - Fruited,9.2,Moksa Brewing Co,United States,
1600622366,2026-09-11,3.5,"","",EN RIKTIG ØL,IPA - New England / Hazy,6.9,Wasa Brewing Company,Finland,Dūmų Fabrikas
1600622392,2026-09-11,4.8,"","",Špunka Pils,Pilsner - Czech / Bohemian,4.8,Dundulis,Lithuania,Savičiaus Špunka
1600622889,2026-09-11,3.5,"",Vilnius,Cumowe  2.0,Stout - Irish Dry,4.7,Browar Spółdzielczy,Poland,Putoja 2026
1600622891,2026-09-11,3.8,"",Kaunas,Ume-Chu (2026),Sour - Fruited,4.0,Minoh Beer,Japan,Putoja 2026
1600623006,2026-09-11,4.0,"","",Mango Milkshake IPA,IPA - Milkshake,6.1,Cerveza 7 Vidas,Peru,Putoja Craft Beer Festival
1600623009,2026-09-11,3.5,"",Budapest,Mango Passionfruit Skyrsour,Sour - Fruited,4.5,Smiðjan Brugghús,Iceland,Putoja 2026
1600623036,2026-09-11,3.0,"","",Sommartider,Blonde / Golden Ale - Other,5.0,Wasa Brewing Company,Finland,Putoja Craft Beer Festival
1600623040,2026-09-11,2.8,"","Vilnius, Lithuania",The Petria Réserve,Wild Ale - American,7.0,de Garde Brewing,United States,Dūmų Terasa
1600623047,2026-09-11,4.0,"","",Ryezidskie,Historical Beer - Grodziskie / Grätzer,3.0,Freigeist Bierkultur,Germany,Putoja Craft Beer Festival
1600623077,2026-09-11,3.8,"","",Smoked Cedar Gose,Sour - Other Gose,5.2,Freigeist Bierkultur,Germany,Sakiškės Brewery (Sakiškių Alus)
1600623080,2026-09-11,3.0,"",Oslo,July Morning,Pilsner - Czech / Bohemian,4.4,Sofia Electric Brewing ,Bulgaria,
1600623086,2026-09-11,0.0,"очень смешно, но непонятно","",Gossip Mate 奇兰爱吃瓜,Cider - Other,3.0,Sheng Craft Beer (山乘酿造),China / People's Republic of China,Casino Tornado
1600623093,2026-09-11,3.5,"","",Smoked Cedar Gose,Sour - Other Gose,5.2,Freigeist Bierkultur,Germany,Sakiškės Brewery (Sakiškių Alus)
1600623101,2026-09-11,4.0,"","",Kisel: Passion Fruit & Mango,Sour - Fruited Gose,3.8,Sofia Electric Brewing ,Bulgaria,Putoja 2026
1600623151,2026-09-11,3.8,"",Wokingham,Amber City Cherry,Fruit Beer,4.6,Maxima LT,Lithuania,Algirdas City Hotels
1600623173,2026-09-11,0.0,"","",Pearfection,Sour - Fruited Gose,8.0,Nurme,Latvia,Putoja 2026
1600623189,2026-09-11,3.0,"",Budapest,Total Eclipse of the Hops,IPA - Imperial / Double,8.0,Smiðjan Brugghús,Iceland,Putoja 2026
1600623235,2026-09-11,3.5,"",Riga,Mango Passionfruit Skyrsour,Sour - Fruited,4.5,Smiðjan Brugghús,Iceland,Putoja 2026
1600623244,2026-09-11,3.3,"","",Smoked Cedar Gose,Sour - Other Gose,5.2,Freigeist Bierkultur,Germany,Putoja Craft Beer Festival
1600623265,2026-09-11,4.5,"","",Gossip Mate 奇兰爱吃瓜,Cider - Other,3.0,Sheng Craft Beer (山乘酿造),China / People's Republic of China,Putoja 2026
1600623289,2026-09-11,4.0,"","",Minoh Kokusan Momo Weizen (国産桃ヴァイツェン),Wheat Beer - Fruited,5.0,Minoh Beer,Japan,Putoja Craft Beer Festival
1600623352,2026-09-11,4.3,"","",Mangos in the Garden,Sour - Fruited,9.0,Moksa Brewing Co,United States,Putoja 2026
1600623395,2026-09-11,3.8,"",Vilnius,Złodziejskie,Spiced / Herbed Beer,5.0,Browar Spółdzielczy,Poland,Putoja 2026
1600623517,2026-09-11,3.8,"","",Sommartider,Blonde / Golden Ale - Other,5.0,Wasa Brewing Company,Finland,Dūmų Fabrikas
1600623608,2026-09-11,3.8,"","",Powab Oprycha 2026,IPA - Imperial / Double New England / Hazy,7.5,Harpagan Craft Beer,Poland,Sakiškės Brewery (Sakiškių Alus)
1600623675,2026-09-11,4.0,"","",Mangos in the Garden,Sour - Fruited,9.0,Moksa Brewing Co,United States,Putoja 2026
1600623683,2026-09-11,3.8,"",Finland,Disco Paradiso,IPA - Imperial / Double New England / Hazy,7.8,Galway Bay Brewery,Ireland,Putoja Craft Beer Festival
1600624394,2026-09-11,4.3,"О, бутэлечку зачапілі","Belarus, Minsk",OOZE,Wild Ale - Other,8.0,Nurme,Latvia,Putoja 2026
1600624410,2026-09-11,3.0,"","",Camaro Cerveza Extra,Lager - Mexican,4.5,Lidl Nederland,Netherlands,
1600624416,2026-09-11,4.0,"",Vilnius,OOZE,Wild Ale - Other,8.0,Nurme,Latvia,Putoja 2026
1600624447,2026-09-11,3.0,"","Haifa, IL",Total Eclipse of the Hops,IPA - Imperial / Double,8.0,Smiðjan Brugghús,Iceland,Putoja 2026
1600624472,2026-09-11,4.3,"","",Aroniju Humpaliņa,Wild Ale - Other,5.9,Labietis. Pagan Brews,Latvia,Putoja 2026
1600624493,2026-09-11,3.5,"","",Audacity of Huge,IPA - New England / Hazy,6.0,Hop Hooligans,Romania,Dūmų Fabrikas
1600624514,2026-09-11,3.8,"","",Gossip Mate 奇兰爱吃瓜,Cider - Other,3.0,Sheng Craft Beer (山乘酿造),China / People's Republic of China,Putoja 2026
1600624530,2026-09-11,4.5,"","",Moon Rebooted,Cider - Other Fruit,3.0,Sheng Craft Beer (山乘酿造),China / People's Republic of China,Putoja 2026
1600624587,2026-09-11,4.0,"",Minsk,Mango Milkshake IPA,IPA - Milkshake,6.1,Cerveza 7 Vidas,Peru,Putoja 2026
1600624593,2026-09-11,4.0,"","Vilnius, Lithuania",Kleppur,IPA - Imperial / Double New England / Hazy,8.0,RVK Brewing Co,Iceland,Dūmų Terasa
1600624687,2026-09-11,3.5,Кептинис,beer:cerveza:bier:birra:alus:piwo:bira:pivo:olut ,Senmergė,Historical Beer - Keptinis,5.2,Artūras Masiliauskas,Lithuania,Putoja 2026
1600624708,2026-09-11,0.0,"","",Zódóma,IPA - New England / Hazy,6.0,RVK Brewing Co,Iceland,Putoja 2026
1600624744,2026-09-11,4.0,"","",Tropical Fusion,IPA - New Zealand,5.8,TankBusters.Co,Poland,Putoja Craft Beer Festival
1600624765,2026-09-11,3.8,"","",Moon Rebooted,Cider - Other Fruit,3.0,Sheng Craft Beer (山乘酿造),China / People's Republic of China,Dūmų Terasa
1600624777,2026-09-11,5.0,"Crazy blackcurrant and pomace, so intense!","Helsinki, Finland",OOZE,Wild Ale - Other,8.0,Nurme,Latvia,Putoja Craft Beer Festival
1600624910,2026-09-11,3.8,"",Riga,Sourvival Kit,Sour - Berliner Weisse,3.6,Húsavík Öl,Iceland,
1600624919,2026-09-11,4.0,да 13-годдзя Шынкарні,"",Tropical Fusion,IPA - New Zealand,5.8,TankBusters.Co,Poland,Sakiškės Brewery (Sakiškių Alus)
1600624940,2026-09-11,3.3,"",Dunakeszi ,"Čavun, Pilsner",Pilsner - Czech / Bohemian,4.4,Clef Brewery,Slovenia,Putoja 2026
1600624953,2026-09-11,2.5,"","",Gossip Mate 奇兰爱吃瓜,Cider - Other,3.0,Sheng Craft Beer (山乘酿造),China / People's Republic of China,Putoja 2026
1600624974,2026-09-11,4.0,Какос,"",The Beekeeper Vol. 19,Sour - Smoothie / Pastry,5.0,TankBusters.Co,Poland,Dūmų Terasa
1600625007,2026-09-11,3.8,"","",杨桃油柑青提,Cider - Other,3.0,Sheng Craft Beer (山乘酿造),China / People's Republic of China,Putoja 2026
1600625024,2026-09-11,3.0,"","",Delicate Summer,Mead - Braggot,6.5,Artūras Masiliauskas,Lithuania,Putoja 2026
1600625031,2026-09-11,4.0,"","",Kleppur,IPA - Imperial / Double New England / Hazy,8.0,RVK Brewing Co,Iceland,Sakiškės Brewery (Sakiškių Alus)
1600625059,2026-09-11,3.5,"","",Pink Zing,Sour - Fruited,4.0,Hop Hooligans,Romania,Putoja Craft Beer Festival
1600625068,2026-09-11,3.5,Тыповенькі локал,"Belarus, Minsk",Senmergė,Historical Beer - Keptinis,5.2,Artūras Masiliauskas,Lithuania,Putoja 2026
1600626114,2026-09-11,4.0,"","",Senmergė,Historical Beer - Keptinis,5.2,Artūras Masiliauskas,Lithuania,Putoja 2026
1600626169,2026-09-11,3.0,"","",Delicate Summer,Mead - Braggot,6.5,Artūras Masiliauskas,Lithuania,Putoja 2026
1600626199,2026-09-11,4.0,"","",Saison Dègel,Farmhouse Ale - Saison,5.3,is/was brewing,United States,
1600626203,2026-09-11,3.8,"","",The Beekeeper Vol.19,Sour - Smoothie / Pastry,5.0,TankBusters.Co,Poland,Sakiškės Brewery (Sakiškių Alus)
1600626237,2026-09-11,4.0,"","",Triple IPA,IPA - Triple,8.5,Dūmų Brewery,Lithuania,
1600626255,2026-09-11,3.8,"","",Sourvival Kit,Sour - Berliner Weisse,3.6,Húsavík Öl,Iceland,
1600626264,2026-09-11,4.5,"","",Moon Rebooted,Cider - Other Fruit,3.0,Sheng Craft Beer (山乘酿造),China / People's Republic of China,Putoja 2026
1600626277,2026-09-11,3.0,"",Kaunas,Delicate Summer,Mead - Braggot,6.5,Artūras Masiliauskas,Lithuania,Putoja 2026
1600626302,2026-09-11,4.0,Guave und Passionsfrucht,Wuppertal,I'M GREEN,Sour - Smoothie / Pastry,6.0,Green Head,Poland,Putoja Craft Beer Festival
1600626340,2026-09-11,4.3,"","",Rhapsody,IPA - Cold,7.0,Green Head,Poland,Putoja 2026
1600626358,2026-09-11,3.0,"",Minsk,Senmergė,Historical Beer - Keptinis,5.2,Artūras Masiliauskas,Lithuania,Putoja 2026
1600626372,2026-09-11,4.3,"","",Kisel: Passion Fruit & Mango,Sour - Fruited Gose,3.8,Sofia Electric Brewing ,Bulgaria,Putoja Craft Beer Festival
1600626468,2026-09-11,4.0,"","",OOZE,Wild Ale - Other,8.0,Nurme,Latvia,Sakiškės Brewery (Sakiškių Alus)
1600626475,2026-09-11,5.0,"",Minsk,Moon Rebooted,Cider - Other Fruit,3.0,Sheng Craft Beer (山乘酿造),China / People's Republic of China,Putoja 2026
1600626488,2026-09-11,4.3,"",Minsk,Pearfection,Sour - Fruited Gose,8.0,Nurme,Latvia,Putoja Craft Beer Festival
1600626530,2026-09-11,4.5,"",Vilnius,Gossip Mate 奇兰爱吃瓜,Cider - Other,3.0,Sheng Craft Beer (山乘酿造),China / People's Republic of China,
1600626531,2026-09-11,4.0,"","",I'M GREEN,Sour - Smoothie / Pastry,6.0,Green Head,Poland,Sakiškės Brewery (Sakiškių Alus)
1600626566,2026-09-11,4.3,"","",The Finer Points of Bad Behavior Volume XXVIII: Rhubarb & Brettanomyces Lambicus,Fruit Beer,6.1,is/was brewing,United States,Putoja 2026
1600626573,2026-09-11,4.0,"","",Mangos in the Garden,Sour - Fruited,9.0,Moksa Brewing Co,United States,Putoja 2026
1600626619,2026-09-11,3.5,"","",Minoh Kokusan Momo Weizen - Wase (国産桃ヴァイツェン 早生),Wheat Beer - Fruited,5.0,Minoh Beer,Japan,Putoja 2026
1600626622,2026-09-11,3.0,"","",No Name,IPA - Session New England / Hazy,5.4,Malduguns,Latvia,
1600626646,2026-09-11,2.0,"","",Rindill,Mild - Other,4.0,Húsavík Öl,Iceland,
1600626663,2026-09-11,3.5,"","Vilnius, Lithuania",Gossip Mate 奇兰爱吃瓜,Cider - Other,3.0,Sheng Craft Beer (山乘酿造),China / People's Republic of China,Dūmų Terasa
1600626741,2026-09-11,4.0,"","",Saison Dègel,Farmhouse Ale - Saison,5.3,is/was brewing,United States,Putoja 2026
1600627522,2026-09-11,4.0,"","",The Finer Points of Bad Behavior Volume XXVIII: Rhubarb & Brettanomyces Lambicus,Fruit Beer,6.1,is/was brewing,United States,Putoja 2026
1600627527,2026-09-11,3.5,"",Vilnius,Rindill,Mild - Other,4.0,Húsavík Öl,Iceland,Sakiškės Brewery (Sakiškių Alus)
1600627550,2026-09-11,3.5,"","",Triple IPA,IPA - Triple,8.5,Dūmų Brewery,Lithuania,Putoja 2026
1600627580,2026-09-11,4.0,"",Lithuania,Forest Folly,IPA - Imperial / Double New England / Hazy,8.0,Sudden Death Brewing Co.,Germany,Putoja Craft Beer Festival
1600627608,2026-09-11,4.0,"",Minsk,Senmergė,Historical Beer - Keptinis,5.2,Artūras Masiliauskas,Lithuania,Putoja 2026
1600627620,2026-09-11,4.0,"","",The Finer Points of Bad Behavior Volume XXVIII: Rhubarb & Brettanomyces Lambicus,Fruit Beer,6.1,is/was brewing,United States,Putoja Craft Beer Festival
1600627639,2026-09-11,4.0,"","",Buzdygan Rozkoszy 2026,Stout - Imperial / Double Pastry,9.8,Harpagan Craft Beer,Poland,Sakiškės Brewery (Sakiškių Alus)
1600627644,2026-09-11,4.0,"",Wuppertal ,I'M GREEN,Sour - Smoothie / Pastry,6.0,Green Head,Poland,Putoja 2026
1600627646,2026-09-11,3.0,archaeology,"",Pa Ķirbi,Stout - Imperial / Double,9.0,Malduguns,Latvia,Bowling Smugis
1600627649,2026-09-11,4.3,"","Helsinki, Finland",Fruit Expo: Berliner Weisse With Lime,Sour - Fruited Berliner Weisse,4.6,Nova Runda,Croatia,Putoja Craft Beer Festival
1600627686,2026-09-11,4.0,"","",Zódóma,IPA - New England / Hazy,6.0,RVK Brewing Co,Iceland,Putoja Craft Beer Festival
1600627734,2026-09-11,4.5,"","",I'M GREEN,Sour - Smoothie / Pastry,6.0,Green Head,Poland,
1600627743,2026-09-11,4.0,"Польская іпка ў лепшых праявах, але свежая","",Powab Oprycha 2026,IPA - Imperial / Double New England / Hazy,7.5,Harpagan Craft Beer,Poland,Dūmų Terasa
1600627757,2026-09-11,4.0,"",Vilnius,Pa Ķirbi (Barrel Aged),Stout - Other,6.4,Malduguns,Latvia,Putoja 2026
1600627812,2026-09-11,3.8,"","",Yuzu Pils,Pilsner - Other,5.4,Fruition Brewing,United States,Dūmų Fabrikas
1600627845,2026-09-11,3.3,"",Dunakeszi ,Rhapsody,IPA - Cold,7.0,Green Head,Poland,Putoja 2026
1600627956,2026-09-11,4.0,Неплохо тоже.,beer:cerveza:bier:birra:alus:piwo:bira:pivo:olut ,Aroniju Humpaliņa,Wild Ale - Other,5.9,Labietis. Pagan Brews,Latvia,Putoja 2026
1600628024,2026-09-11,0.0,"",Peru,Rós Apple & Rhubarb Limited Edition 2016 Vintage,Cider - Traditional / Apfelwein,5.5,Nohoval Drinks Company Ltd,Ireland,Sakiškės Brewery (Sakiškių Alus)
1600628034,2026-09-11,3.0,"","Haifa, IL",Ume-Chu (2026),Sour - Fruited,4.0,Minoh Beer,Japan,Putoja 2026
1600628049,2026-09-11,4.3,"",Planet Earth,The Trifecta,IPA - New Zealand,6.5,Mount Brewing Co ,New Zealand,Putoja Craft Beer Festival
1600628070,2026-09-11,3.8,"","",I'M GREEN,Sour - Smoothie / Pastry,6.0,Green Head,Poland,Dūmų Fabrikas
1600628071,2026-09-11,4.8,"",Vilnius,Mangos in the Garden,Sour - Fruited,9.0,Moksa Brewing Co,United States,Sakiškės Brewery (Sakiškių Alus)
1600628086,2026-09-11,0.0,"Вот это прикол, свекла 🫜 блять. Оставлю без оценки, на любителя",Minsk,Good Soup,Sour - Tomato / Vegetable Gose,4.0,Nurme,Latvia,Putoja 2026
1600628222,2026-09-11,3.0,"",Minsk,Delicate Summer,Mead - Braggot,6.5,Artūras Masiliauskas,Lithuania,Putoja 2026
1600628226,2026-09-11,3.3,"",Lithuania,Rose Brut,Grape Ale - Other,6.8,Cerveza 7 Vidas,Peru,Putoja 2026
1600629165,2026-09-11,3.5,"","",Pa Ķirbi,Stout - Imperial / Double,9.0,Malduguns,Latvia,
1600629177,2026-09-11,3.8,"","",Stonewell/Finbarra Dry Irish Craft Cider,Cider - Dry,5.5,Nohoval Drinks Company Ltd,Ireland,Sakiškės Brewery (Sakiškių Alus)
1600629207,2026-09-11,3.3,"",Vilnius,Simmoe,IPA - Imperial / Double,8.3,Fruition Brewing,United States,
1600629252,2026-09-11,4.8,Why is everything here so good?,"Helsinki, Finland",Fruit Expo: Apricot Sour,Sour - Fruited,4.6,Nova Runda,Croatia,Putoja Craft Beer Festival
1600629293,2026-09-11,3.5,"",Kaunas,Sommartider,Blonde / Golden Ale - Other,5.0,Wasa Brewing Company,Finland,Putoja 2026
1600629298,2026-09-11,3.0,"",Oslo,Minoh Kokusan Momo Weizen (国産桃ヴァイツェン),Wheat Beer - Fruited,5.0,Minoh Beer,Japan,
1600629336,2026-09-11,3.5,"",Vilnius,Kisel: Passion Fruit,Sour - Fruited Gose,4.0,Sofia Electric Brewing ,Bulgaria,Alaus Biblioteka
1600629360,2026-09-11,4.5,"","",Mangos in the Garden,Sour - Fruited,9.0,Moksa Brewing Co,United States,Putoja Craft Beer Festival
1600629373,2026-09-11,3.8,"","",Yuzu Pils,Pilsner - Other,5.4,Fruition Brewing,United States,Putoja 2026
1600629381,2026-09-11,3.8,"",Dunakeszi ,Powab Oprycha 2026,IPA - Imperial / Double New England / Hazy,7.5,Harpagan Craft Beer,Poland,Putoja 2026
1600629393,2026-09-11,4.0,"",Vilnius,Mangos in the Garden,Sour - Fruited,9.0,Moksa Brewing Co,United States,
1600629434,2026-09-11,3.5,"Завялі не правільна, гэта Rye IPA а не Red IPA","Belarus, Minsk",E037,IPA - Red,6.5,Labietis. Pagan Brews,Latvia,Putoja 2026
1600629443,2026-09-11,4.0,"","",I'M GREEN,Sour - Smoothie / Pastry,6.0,Green Head,Poland,Dūmų Fabrikas
1600629451,2026-09-11,2.0,"","",Patrick Millah,Mild - Other,5.9,Yeccan Cervecería,Mexico,
1600629452,2026-09-11,3.0,"","",Moksamosa: Boysenberry,Sour - Fruited,9.2,Moksa Brewing Co,United States,Putoja 2026
1600629460,2026-09-11,3.8,"","",Moksamosa: Boysenberry,Sour - Fruited,9.2,Moksa Brewing Co,United States,Putoja 2026
1600629513,2026-09-11,4.0,"",Minsk,Foeder-Aged Wild Grapevine,Farmhouse Ale - Other,6.2,Scratch Brewing Company,United States,Putoja 2026
1600629516,2026-09-11,4.0,"","",The BeeKeeper Vol. 6,Sour - Smoothie / Pastry,6.8,TankBusters.Co,Poland,Putoja 2026
1600629625,2026-09-11,3.8,"Винно-танинно. Такое себе. Но Митя малайчынка, ухватил ещё бутылочку.",beer:cerveza:bier:birra:alus:piwo:bira:pivo:olut ,Pa Ķirbi (Barrel Aged),Stout - Other,6.4,Malduguns,Latvia,Putoja 2026
1600629730,2026-09-11,2.5,"","",Sommartider,Blonde / Golden Ale - Other,5.0,Wasa Brewing Company,Finland,Putoja 2026
1600629736,2026-09-11,4.0,Sehr rund und cold 🥶,Wuppertal,Rhapsody,IPA - Cold,7.0,Green Head,Poland,Putoja Craft Beer Festival
1600629772,2026-09-11,3.0,"",Budapest,Brick By Brick,Red Ale - Other,5.2,Sudden Death Brewing Co.,Germany,Putoja 2026
1600629831,2026-09-11,4.0,"",Vilnius,Finer Points of Bad Behavior Volume Xviii With Brett. Brucellosis And Peach,Farmhouse Ale - Saison,6.1,is/was brewing,United States,Putoja 2026
1600629871,2026-09-11,3.8,"",Dunakeszi ,Buzdygan Rozkoszy 2026,Stout - Imperial / Double Pastry,9.8,Harpagan Craft Beer,Poland,Putoja 2026
1600629889,2026-09-11,4.3,"","",Stonewell Medium Dry Irish Craft Cider (2025),Cider - Applewine,5.5,Nohoval Drinks Company Ltd,Ireland,Putoja Craft Beer Festival
1600630779,2026-09-11,4.0,"","",Stonewell/Finbarra Dry Irish Craft Cider,Cider - Dry,5.5,Nohoval Drinks Company Ltd,Ireland,Sakiškės Brewery (Sakiškių Alus)
1600630801,2026-09-11,4.0,"",Minsk,Fruit Expo: Apricot Sour,Sour - Fruited,4.6,Nova Runda,Croatia,Putoja 2026
1600630828,2026-09-11,3.8,Прыемны паўсухі,"",Stonewell/Finbarra Dry Irish Craft Cider,Cider - Dry,5.5,Nohoval Drinks Company Ltd,Ireland,Dūmų Terasa
1600630830,2026-09-11,3.0,"",Budapest,Kokusan Momo Weizen - Wase (国産桃ヴァイツェン 早生) (2026),Wheat Beer - Fruited,5.0,Minoh Beer,Japan,Putoja 2026
1600630844,2026-09-11,3.8,"",Vilnius,Kleppur,IPA - Imperial / Double New England / Hazy,8.0,RVK Brewing Co,Iceland,Putoja 2026
1600630845,2026-09-11,3.0,"","",Pearfection,Sour - Fruited Gose,8.0,Nurme,Latvia,Putoja 2026
1600630855,2026-09-11,3.8,"","",Pearfection,Sour - Fruited Gose,8.0,Nurme,Latvia,Putoja 2026
1600630861,2026-09-11,4.3,"","",Rós Apple & Rhubarb Craft Cider 2017 Vintage,Cider - Other Fruit,5.5,Nohoval Drinks Company Ltd,Ireland,Putoja 2026
1600630873,2026-09-11,3.5,"",Riga,Brick By Brick,Red Ale - Other,5.2,Sudden Death Brewing Co.,Germany,Putoja 2026
1600630881,2026-09-11,3.5,"",Vilnius,I'M GREEN,Sour - Smoothie / Pastry,6.0,Green Head,Poland,Putoja 2026
1600630884,2026-09-11,3.8,"",Minsk,Pear Ale,Farmhouse Ale - Saison,5.4,Scratch Brewing Company,United States,Putoja 2026
1600630895,2026-09-11,3.3,"","",Ume-Chu (2026),Sour - Fruited,4.0,Minoh Beer,Japan,Umi Nami
1600630912,2026-09-11,4.3,"","",Rós Apple & Rhubarb Craft Cider 2017 Vintage,Cider - Other Fruit,5.5,Nohoval Drinks Company Ltd,Ireland,Sakiškės Brewery (Sakiškių Alus)
1600630939,2026-09-11,4.0,"",Vilnius,Moksamosa: Boysenberry,Sour - Fruited,9.2,Moksa Brewing Co,United States,
1600630953,2026-09-11,3.5,"","",Foeder-Aged Wild Grapevine,Farmhouse Ale - Other,6.2,Scratch Brewing Company,United States,Putoja 2026
1600630965,2026-09-11,4.0,"",Vilnius,Tepache S.O.D,Sour - Fruited Gose,5.0,Craftrock Brewing,Japan,
1600630985,2026-09-11,3.8,"","",Good Soup,Sour - Tomato / Vegetable Gose,4.0,Nurme,Latvia,
1600631025,2026-09-11,4.0,"",Vilnius,Metulj,IPA - New England / Hazy,6.0,Clef Brewery,Slovenia,Putoja 2026
1600631076,2026-09-11,3.5,"","",Stonewell/Finbarra Dry Irish Craft Cider,Cider - Dry,5.5,Nohoval Drinks Company Ltd,Ireland,Sakiškės Brewery (Sakiškių Alus)
1600631117,2026-09-11,3.8,"","",Mango Passionfruit Skyrsour,Sour - Fruited,4.5,Smiðjan Brugghús,Iceland,Putoja 2026
1600631195,2026-09-11,3.5,"","Vilnius, Lithuania",Pa Ķirbi (Barrel Aged),Stout - Other,6.4,Malduguns,Latvia,Dūmų Terasa
1600631250,2026-09-11,3.0,"",Oslo,"Čavun, Pilsner",Pilsner - Czech / Bohemian,4.4,Clef Brewery,Slovenia,
1600631326,2026-09-11,3.8,"",Vilnius,Rhapsody,IPA - Cold,7.0,Green Head,Poland,Putoja 2026
1600631327,2026-09-11,4.5,"",Vilnius,Mangos in the Garden,Sour - Fruited,9.0,Moksa Brewing Co,United States,Putoja 2026
1600631364,2026-09-11,4.3,"",Vilnius,The Petria Réserve,Wild Ale - American,7.0,de Garde Brewing,United States,
1600632204,2026-09-11,3.8,"",Vilnius,Moksamosa,Sour - Fruited,9.5,Moksa Brewing Co,United States,Putoja 2026
1600632245,2026-09-11,3.8,"","Vilnius, Lithuania",Rós Apple & Rhubarb Craft Cider 2017 Vintage,Cider - Other Fruit,5.5,Nohoval Drinks Company Ltd,Ireland,Dūmų Terasa
1600632319,2026-09-11,4.0,"","",Mjørkareinsari,Lager - IPL (India Pale Lager),5.5,OY Brewing,Faroe Islands,Sakiškės Brewery (Sakiškių Alus)
1600632329,2026-09-11,4.3,"Was bot expecting mango to take a backseat, but here it does.","Helsinki, Finland",Mangos in the Garden,Sour - Fruited,9.0,Moksa Brewing Co,United States,Putoja Craft Beer Festival
1600632338,2026-09-11,3.8,"",Vilnius,EN RIKTIG ØL,IPA - New England / Hazy,6.9,Wasa Brewing Company,Finland,
1600632358,2026-09-11,2.3,Glemte jeg ikke var noe fan av hveteøl,København,Gubernija Baltas / Wheat Hefeweizen,Wheat Beer - Hefeweizen,4.8,Gubernija Brewery,Lithuania,Genys Beer Garden
1600632409,2026-09-11,4.3,"","",Mangos in the Garden,Sour - Fruited,9.0,Moksa Brewing Co,United States,Putoja Craft Beer Festival
1600632424,2026-09-11,3.5,"",Minsk,GORYO,Farmhouse Ale - Saison,5.0,Craftrock Brewing,Japan,Putoja 2026
1600632429,2026-09-11,3.8,"",Vilnius,Rose Brut,Grape Ale - Other,6.8,Cerveza 7 Vidas,Peru,Putoja 2026
1600632435,2026-09-11,2.8,"",Vilnius,Sommartider,Blonde / Golden Ale - Other,5.0,Wasa Brewing Company,Finland,Putoja 2026
1600632449,2026-09-11,4.3,"","",The Petria Réserve,Wild Ale - American,7.0,de Garde Brewing,United States,Putoja 2026
1600632475,2026-09-11,3.5,"","",Minoh Kokusan Momo Weizen (国産桃ヴァイツェン),Wheat Beer - Fruited,5.0,Minoh Beer,Japan,Putoja 2026
1600632500,2026-09-11,4.5,"","",OOZE,Wild Ale - Other,8.0,Nurme,Latvia,
1600632502,2026-09-11,3.8,Plum kompot,"",Kisel,Sour - Traditional Gose,4.0,Sofia Electric Brewing ,Bulgaria,
1600632504,2026-09-11,0.0,"",Peru,La  P'ipa New Zeland,IPA - New Zealand,6.3,Birrificio Menaresta,Italy,Sakiškės Brewery (Sakiškių Alus)
1600632512,2026-09-11,3.3,"","",Czech Fraud,Pilsner - Czech / Bohemian,5.0,Panimoyhtiö Tuju,Finland,Вечер знакомств
1600632541,2026-09-11,4.5,"","",Moksamosa,Sour - Fruited,9.5,Moksa Brewing Co,United States,
1600632572,2026-09-11,4.0,Это вкусно,beer:cerveza:bier:birra:alus:piwo:bira:pivo:olut ,Pearfection,Sour - Fruited Gose,8.0,Nurme,Latvia,Putoja 2026
1600632596,2026-09-11,4.8,"","",Yuzu Pils,Pilsner - Other,5.4,Fruition Brewing,United States,Putoja Craft Beer Festival
1600632620,2026-09-11,4.3,"","",Metulj,IPA - New England / Hazy,6.0,Clef Brewery,Slovenia,Putoja 2026
1600632656,2026-09-11,4.8,"","",Gossip Mate 奇兰爱吃瓜,Cider - Other,3.0,Sheng Craft Beer (山乘酿造),China / People's Republic of China,Dūmų Fabrikas
1600632661,2026-09-11,3.5,"","",Pink Zing,Sour - Fruited,4.0,Hop Hooligans,Romania,Dūmų Terasa
1600632724,2026-09-11,4.0,"",Wuppertal ,Powab Oprycha 2026,IPA - Imperial / Double New England / Hazy,7.5,Harpagan Craft Beer,Poland,Putoja 2026
1600632766,2026-09-11,3.5,"","",Too Long For Oolong,Sour - Fruited,5.0,OneTwo,Romania,Putoja 2026
1600632767,2026-09-11,3.8,"","",Tepache S.O.D,Sour - Fruited Gose,5.0,Craftrock Brewing,Japan,Putoja 2026
1600633697,2026-09-11,4.0,"",Minsk,E037,IPA - Red,6.5,Labietis. Pagan Brews,Latvia,Putoja 2026
1600633709,2026-09-11,3.5,"",Dunakeszi ,Kokusan Momo Weizen - Wase (国産桃ヴァイツェン 早生) (2026),Wheat Beer - Fruited,5.0,Minoh Beer,Japan,Putoja 2026
1600633778,2026-09-11,4.0,"","",Total Eclipse of the Hops,IPA - Imperial / Double,8.0,Smiðjan Brugghús,Iceland,Putoja 2026
1600633787,2026-09-11,3.8,"",Vilnius,Mango Milkshake IPA,IPA - Milkshake,6.1,Cerveza 7 Vidas,Peru,
1600633816,2026-09-11,4.0,"",Minsk,Fruit Expo: Apricot Sour,Sour - Fruited,4.6,Nova Runda,Croatia,Putoja Craft Beer Festival
1600633836,2026-09-11,4.0,Класная сідэрыя,"",Rós Apple & Rhubarb 2025 Vintage,Cider - Other Fruit,5.5,Nohoval Drinks Company Ltd,Ireland,Sakiškės Brewery (Sakiškių Alus)
1600633898,2026-09-11,2.8,"","",Rose Brut,Grape Ale - Other,6.8,Cerveza 7 Vidas,Peru,Sakiškės Brewery (Sakiškių Alus)
1600633933,2026-09-11,4.0,"",Vilnius,Mango Milkshake IPA,IPA - Milkshake,6.1,Cerveza 7 Vidas,Peru,Putoja 2026
1600633950,2026-09-11,3.5,"","",Puaro Lager,Lager - Other,5.0,Detective,Lithuania,
1600634025,2026-09-11,3.3,"",Dunakeszi ,Ume-Chu (2026),Sour - Fruited,4.0,Minoh Beer,Japan,Putoja 2026
1600634029,2026-09-11,2.5,"","",Minoh Kokusan Momo Weizen (国産桃ヴァイツェン),Wheat Beer - Fruited,5.0,Minoh Beer,Japan,Putoja 2026
1600634073,2026-09-11,3.5,"","",Rós Apple & Rhubarb Craft Cider 2017 Vintage,Cider - Other Fruit,5.5,Nohoval Drinks Company Ltd,Ireland,Putoja 2026
1600634117,2026-09-11,4.5,"","",Forest Folly,IPA - Imperial / Double New England / Hazy,8.0,Sudden Death Brewing Co.,Germany,Dūmų Fabrikas
1600634160,2026-09-11,4.3,"","",Rós Apple & Rhubarb Craft Cider 2017 Vintage,Cider - Other Fruit,5.5,Nohoval Drinks Company Ltd,Ireland,Putoja 2026
1600634162,2026-09-11,4.0,"","",Mango Passionfruit Skyrsour,Sour - Fruited,4.5,Smiðjan Brugghús,Iceland,Putoja 2026
1600634185,2026-09-11,4.0,"","",Forest Folly,IPA - Imperial / Double New England / Hazy,8.0,Sudden Death Brewing Co.,Germany,Dūmų Fabrikas
1600634214,2026-09-11,3.8,"",Vilnius,Naktenis,Porter - Baltic,8.6,Malduguns,Latvia,
1600634242,2026-09-11,3.5,"","Vilnius, Lithuania",Mjørkareinsari,Lager - IPL (India Pale Lager),5.5,OY Brewing,Faroe Islands,Putoja Craft Beer Festival
1600634248,2026-09-11,2.3,"","",Kleppur,IPA - Imperial / Double New England / Hazy,8.0,RVK Brewing Co,Iceland,
1600634255,2026-09-11,3.5,"","",Audacity of Huge,IPA - New England / Hazy,6.0,Hop Hooligans,Romania,Putoja 2026
1600634318,2026-09-11,4.0,Kvapaas jogurčiuko,Vilnius,Fruit Expo: Apricot Sour,Sour - Fruited,4.6,Nova Runda,Croatia,Putoja 2026
1600634336,2026-09-11,4.0,"","",Metulj,IPA - New England / Hazy,6.0,Clef Brewery,Slovenia,Putoja 2026
1600634444,2026-09-11,3.5,"","",Metulj,IPA - New England / Hazy,6.0,Clef Brewery,Slovenia,Putoja 2026
1600634459,2026-09-11,4.0,"","",Mango Milkshake IPA,IPA - Milkshake,6.1,Cerveza 7 Vidas,Peru,Dūmų Fabrikas
1600635101,2026-09-11,3.0,"",Budapest,GORYO,Farmhouse Ale - Saison,5.0,Craftrock Brewing,Japan,Putoja 2026
1600635119,2026-09-11,2.5,"","",Balta Pinta,Wheat Beer - Hefeweizen,5.0,Volfas Engelman,Lithuania,ibis Vilnius Centre
1600635210,2026-09-11,3.8,"","",The Finer Points of Bad Behavior Volume XXX: Peach & Brettanomyces Bruxellensis,Farmhouse Ale - Saison,6.1,is/was brewing,United States,Putoja 2026
1600635240,2026-09-11,4.0,"",Kaunas,Pa Ķirbi (Barrel Aged),Stout - Other,6.4,Malduguns,Latvia,Putoja 2026
1600635280,2026-09-11,3.0,"","",Balta Pinta,Wheat Beer - Hefeweizen,5.0,Volfas Engelman,Lithuania,Breakfast room @ Marriott
1600635289,2026-09-11,3.0,"",Budapest,Tepache S.O.D,Sour - Fruited Gose,5.0,Craftrock Brewing,Japan,Putoja 2026
1600635361,2026-09-11,4.8,"",Planet Earth,Zódóma,IPA - New England / Hazy,6.0,RVK Brewing Co,Iceland,Putoja Craft Beer Festival
1600635396,2026-09-11,3.5,"","",Ume-Chu (2026),Sour - Fruited,4.0,Minoh Beer,Japan,Sakiškės Brewery (Sakiškių Alus)
1600635435,2026-09-11,3.3,"","",Moksamosa: Boysenberry,Sour - Fruited,9.2,Moksa Brewing Co,United States,Umi Sushi
1600635444,2026-09-11,3.8,"",Minsk,No Name,IPA - Session New England / Hazy,5.4,Malduguns,Latvia,Putoja Craft Beer Festival
1600635494,2026-09-11,3.5,"",Vilnius,Moon Rebooted,Cider - Other Fruit,3.0,Sheng Craft Beer (山乘酿造),China / People's Republic of China,Putoja 2026
1600635526,2026-09-11,4.3,"","",The BeeKeeper Vol. 6,Sour - Smoothie / Pastry,6.8,TankBusters.Co,Poland,Putoja 2026
1600635553,2026-09-11,5.0,mmm jaatist on tunda ja skukest hapukust mis ananas ilmselt snnsb,"",Mango X Grape X Pineapple X Banana X Ice Cream Smoothie Sour Ale,Sour - Smoothie / Pastry,4.5,Ārpus Brewing Co.,Latvia,
1600635554,2026-09-11,0.0,"",Peru,All My Heroes Are Dead,IPA - Session,5.5,TankBusters.Co,Poland,Sakiškės Brewery (Sakiškių Alus)
1600635593,2026-09-11,4.3,"","",Forest Folly,IPA - Imperial / Double New England / Hazy,8.0,Sudden Death Brewing Co.,Germany,Putoja 2026
1600635649,2026-09-11,5.0,"","",The BeeKeeper Vol. 6,Sour - Smoothie / Pastry,6.8,TankBusters.Co,Poland,Putoja 2026
1600635673,2026-09-11,4.0,"","",The BeeKeeper Vol. 6,Sour - Smoothie / Pastry,6.8,TankBusters.Co,Poland,Putoja 2026
1600635717,2026-09-11,4.3,"",Lithuania,Mango Passionfruit Skyrsour,Sour - Fruited,4.5,Smiðjan Brugghús,Iceland,Putoja 2026
1600635786,2026-09-11,2.3,"","",Tropical Fusion,IPA - New Zealand,5.8,TankBusters.Co,Poland,Putoja 2026
1600635789,2026-09-11,3.3,"",Vilnius,Fruit Expo: Berliner Weisse With Lime,Sour - Fruited Berliner Weisse,4.6,Nova Runda,Croatia,Putoja 2026
1600635792,2026-09-11,4.5,"",Kaunas,The BeeKeeper Vol. 6,Sour - Smoothie / Pastry,6.8,TankBusters.Co,Poland,Putoja 2026
1600635869,2026-09-11,3.5,"","",Smoked Cedar Gose,Sour - Other Gose,5.2,Freigeist Bierkultur,Germany,
1600635880,2026-09-11,4.3,А и добра! Абрикос нежный получился.,beer:cerveza:bier:birra:alus:piwo:bira:pivo:olut ,Fruit Expo: Apricot Sour,Sour - Fruited,4.6,Nova Runda,Croatia,Putoja 2026
1600635951,2026-09-11,4.5,"Нарэшце Амерыка! Смаката канешне, адчуваецца іншы ўзровень","Belarus, Minsk",Moksamosa: Boysenberry,Sour - Fruited,9.2,Moksa Brewing Co,United States,Putoja 2026
1600636052,2026-09-11,4.3,"","",Fruit Expo: Berliner Weisse With Lime,Sour - Fruited Berliner Weisse,4.6,Nova Runda,Croatia,
1600636771,2026-09-11,3.8,"","",Rye Combustion,IPA - Rye,6.5,Maktoob Brewing,Romania,Comedy Club
1600636783,2026-09-11,4.3,"","",Audacity of Huge,IPA - New England / Hazy,6.0,Hop Hooligans,Romania,Sakiškės Brewery (Sakiškių Alus)
1600636793,2026-09-11,3.5,"",Rotterdam,Dark Forest / Tamsus Miškas,Porter - Baltic,6.0,Genys Brewing Co.,Lithuania,Šnekutis
1600636795,2026-09-11,3.8,"","",Mjørkareinsari,Lager - IPL (India Pale Lager),5.5,OY Brewing,Faroe Islands,Putoja 2026
1600636834,2026-09-11,2.8,"","Vilnius, Lithuania",Patrick Millah 2026,IPA - Session,6.0,Yeccan Cervecería,Mexico,Dūmų Terasa
1600636862,2026-09-11,3.8,"",Vilnius,"Čavun, Pilsner",Pilsner - Czech / Bohemian,4.4,Clef Brewery,Slovenia,Putoja 2026
1600636867,2026-09-11,3.5,"","",Senmergė,Historical Beer - Keptinis,5.2,Artūras Masiliauskas,Lithuania,Putoja Craft Beer Festival
1600636908,2026-09-11,3.5,Sur salami,"",Smoked Cedar Gose,Sour - Other Gose,5.2,Freigeist Bierkultur,Germany,Putoja Craft Beer Festival
1600636914,2026-09-11,4.5,"","",Kisel,Sour - Traditional Gose,4.0,Sofia Electric Brewing ,Bulgaria,Putoja Craft Beer Festival
1600636952,2026-09-11,3.8,"","",Metulj,IPA - New England / Hazy,6.0,Clef Brewery,Slovenia,Putoja 2026
1600636957,2026-09-11,4.0,"","",The BeeKeeper Vol. 6,Sour - Smoothie / Pastry,6.8,TankBusters.Co,Poland,Putoja 2026
1600636963,2026-09-11,4.0,"","",OOZE,Wild Ale - Other,8.0,Nurme,Latvia,Dūmų Fabrikas
1600636990,2026-09-11,3.8,"","",Minoh Kokusan Momo Weizen - Wase (国産桃ヴァイツェン 早生),Wheat Beer - Fruited,5.0,Minoh Beer,Japan,Putoja 2026
1600637002,2026-09-11,3.8,"",Dunakeszi ,GORYO,Farmhouse Ale - Saison,5.0,Craftrock Brewing,Japan,Putoja 2026
1600637004,2026-09-11,3.5,"","Haifa, IL",Fruit Expo: Berliner Weisse With Lime,Sour - Fruited Berliner Weisse,4.6,Nova Runda,Croatia,Putoja 2026
1600637030,2026-09-11,4.3,Aus Peru🇵🇪,Wuppertal ,Mango Milkshake IPA,IPA - Milkshake,6.1,Cerveza 7 Vidas,Peru,Putoja 2026
1600637217,2026-09-11,3.8,Аднекуль каўбаскі ў смаку,"",GORYO,Farmhouse Ale - Saison,5.0,Craftrock Brewing,Japan,Putoja 2026
1600637228,2026-09-11,3.8,"","",Kisel: Passion Fruit & Mango,Sour - Fruited Gose,3.8,Sofia Electric Brewing ,Bulgaria,Putoja 2026
1600637264,2026-09-11,4.0,"","",Metulj,IPA - New England / Hazy,6.0,Clef Brewery,Slovenia,Sakiškės Brewery (Sakiškių Alus)
1600637269,2026-09-11,4.0,"Пэйстри, неплохо.",beer:cerveza:bier:birra:alus:piwo:bira:pivo:olut ,Mangos in the Garden,Sour - Fruited,9.0,Moksa Brewing Co,United States,Putoja 2026
1600637304,2026-09-11,3.8,"","",Smoked Cedar Gose,Sour - Other Gose,5.2,Freigeist Bierkultur,Germany,Putoja Craft Beer Festival
1600637348,2026-09-11,4.0,"","",とだビアーノ,Fruit Beer,4.0,Craftrock Brewing,Japan,
1600637349,2026-09-11,3.8,"","",July Morning,Pilsner - Czech / Bohemian,4.4,Sofia Electric Brewing ,Bulgaria,Putoja Craft Beer Festival
1600637431,2026-09-11,4.0,"","",Audacity of Huge,IPA - New England / Hazy,6.0,Hop Hooligans,Romania,Putoja 2026
1600637531,2026-09-11,4.0,"","",July Morning,Pilsner - Czech / Bohemian,4.4,Sofia Electric Brewing ,Bulgaria,Sakiškės Brewery (Sakiškių Alus)
1600638079,2026-09-11,2.3,"","",Patrick Millah 2026,IPA - Session,6.0,Yeccan Cervecería,Mexico,Putoja 2026
1600638092,2026-09-11,4.0,"",Vilnius,700 Años,Pale Ale - Other,0.0,Yeccan Cervecería,Mexico,Putoja 2026
1600638124,2026-09-11,3.5,"",Minsk,Minoh Kokusan Momo Weizen - Wase (国産桃ヴァイツェン 早生),Wheat Beer - Fruited,5.0,Minoh Beer,Japan,Putoja 2026
1600638140,2026-09-11,4.5,"",Stijns place,Rinktinis,Lager - Pale,5.2,Volfas Engelman,Lithuania,ibis Vilnius Centre
1600638148,2026-09-11,3.5,"",Lithuania,Minoh Kokusan Momo Weizen - Wase (国産桃ヴァイツェン 早生),Wheat Beer - Fruited,5.0,Minoh Beer,Japan,Putoja 2026
1600638236,2026-09-11,3.5,"","",Patrick Millah 2026,IPA - Session,6.0,Yeccan Cervecería,Mexico,Putoja 2026
1600638268,2026-09-11,3.5,"","","Čavun, Pilsner",Pilsner - Czech / Bohemian,4.4,Clef Brewery,Slovenia,Sakiškės Brewery (Sakiškių Alus)
1600638295,2026-09-11,2.0,"Ayoptway matozo stanton group by lemon curwamat... tai blogiausia, ką galėjo sukurti žmonija. Suprantu ir užskaitau Nurmės eksperimentus su raugintais agurkais ir kopūstais. Ar krienais. Bet viskam turi būtii ribos.","",Good Soup,Sour - Tomato / Vegetable Gose,4.0,Nurme,Latvia,Putoja 2026
1600638316,2026-09-11,3.5,"","Vilnius, Lithuania",Mirdza,Non-Alcoholic - Mead,0.0,Labietis. Pagan Brews,Latvia,Dūmų Terasa
1600638357,2026-09-11,3.0,"",Budapest,Cumowe Dry Stout,Stout - Irish Dry,5.5,Browar Spółdzielczy,Poland,Putoja 2026
1600638365,2026-09-11,4.3,"Вкусно, американцы хороши.",beer:cerveza:bier:birra:alus:piwo:bira:pivo:olut ,Moksamosa: Boysenberry,Sour - Fruited,9.2,Moksa Brewing Co,United States,Putoja 2026
1600638385,2026-09-11,3.8,Ну на фоне амерыкосаў кволенька,"Belarus, Minsk",Fruit Expo: Apricot Sour,Sour - Fruited,4.6,Nova Runda,Croatia,Putoja 2026
1600638403,2026-09-11,4.0,"",Minsk,Goset Housussa,Sour - Fruited Gose,4.3,Panimoyhtiö Tuju,Finland,Putoja 2026
1600638429,2026-09-11,4.0,"","",I'M GREEN,Sour - Smoothie / Pastry,6.0,Green Head,Poland,
1600638474,2026-09-11,4.0,"",Vilnius,Rhapsody,IPA - Cold,7.0,Green Head,Poland,
1600638495,2026-09-11,2.8,"","Haifa, IL",Rindill,Mild - Other,4.0,Húsavík Öl,Iceland,Putoja 2026
1600638512,2026-09-11,4.3,"",Vilnius,Pink Zing,Sour - Fruited,4.0,Hop Hooligans,Romania,Putoja 2026
1600638535,2026-09-11,3.8,"","",Total Eclipse of the Hops,IPA - Imperial / Double,8.0,Smiðjan Brugghús,Iceland,Marcio urvas
1600638579,2026-09-11,3.5,"","",Pearfection,Sour - Fruited Gose,8.0,Nurme,Latvia,Putoja 2026
1600638612,2026-09-11,4.8,"","",Kriek Boon,Lambic - Kriek,4.0,Brouwerij Boon,Belgium,
1600638691,2026-09-11,4.0,"","",Pink Zing,Sour - Fruited,4.0,Hop Hooligans,Romania,
1600638721,2026-09-11,3.3,"",Minsk,Kisel: Passion Fruit & Mango,Sour - Fruited Gose,3.8,Sofia Electric Brewing ,Bulgaria,Putoja 2026
1600638810,2026-09-11,4.3,"",Vilnius,Total Eclipse of the Hops,IPA - Imperial / Double,8.0,Smiðjan Brugghús,Iceland,
1600638831,2026-09-11,4.0,"","",Kisel: Passion Fruit & Mango,Sour - Fruited Gose,3.8,Sofia Electric Brewing ,Bulgaria,Sakiškės Brewery (Sakiškių Alus)
1600639029,2026-09-11,3.8,"",Minsk,Goset Housussa,Sour - Fruited Gose,4.3,Panimoyhtiö Tuju,Finland,Putoja 2026
1600639546,2026-09-11,3.0,"","",Minoh Kokusan Momo Weizen - Wase (国産桃ヴァイツェン 早生),Wheat Beer - Fruited,5.0,Minoh Beer,Japan,Putoja 2026
1600639574,2026-09-11,4.0,"","",Flow State,Stout - Milk / Sweet,9.0,Mount Brewing Co ,New Zealand,Putoja 2026
1600639583,2026-09-11,3.3,"","",Delicate Summer,Mead - Braggot,6.5,Artūras Masiliauskas,Lithuania,Putoja 2026
1600639596,2026-09-11,3.8,"","",Pink Zing,Sour - Fruited,4.0,Hop Hooligans,Romania,Sakiškės Brewery (Sakiškių Alus)
1600639607,2026-09-11,3.0,"","",Saison Dègel,Farmhouse Ale - Saison,5.3,is/was brewing,United States,Putoja 2026
1600639610,2026-09-11,4.0,"","",EN RIKTIG ØL,IPA - New England / Hazy,6.9,Wasa Brewing Company,Finland,
1600639626,2026-09-11,4.0,"",Vilnius,Tepache S.O.D,Sour - Fruited Gose,5.0,Craftrock Brewing,Japan,Putoja 2026
1600639659,2026-09-11,3.8,"","",Rindill,Mild - Other,4.0,Húsavík Öl,Iceland,Putoja 2026
1600639679,2026-09-11,3.0,"",Vilnius,Audacity of Huge,IPA - New England / Hazy,6.0,Hop Hooligans,Romania,
1600639683,2026-09-11,3.8,"","",Minoh X Mikkeler Tokyo Ume-chu (2025),Sour - Fruited,4.0,Minoh Beer,Japan,Putoja Craft Beer Festival
1600639717,2026-09-11,3.3,"",Riga,EN RIKTIG ØL,IPA - New England / Hazy,6.9,Wasa Brewing Company,Finland,
1600639771,2026-09-11,3.8,"","",Tropical Fusion,IPA - New Zealand,5.8,TankBusters.Co,Poland,Putoja 2026
1600639791,2026-09-11,3.5,"","",Ume-Chu (2026),Sour - Fruited,4.0,Minoh Beer,Japan,Putoja 2026
1600639864,2026-09-11,4.5,"","",EN RIKTIG ØL,IPA - New England / Hazy,6.9,Wasa Brewing Company,Finland,Putoja 2026
1600639912,2026-09-11,3.8,"",Lithuania,Minoh Kokusan Momo Weizen - Wase (国産桃ヴァイツェン 早生),Wheat Beer - Fruited,5.0,Minoh Beer,Japan,Putoja 2026
1600639919,2026-09-11,4.0,"","",Tropical Fusion,IPA - New Zealand,5.8,TankBusters.Co,Poland,Putoja 2026
1600639948,2026-09-11,3.8,"",Kaunas,Tropical Fusion,IPA - New Zealand,5.8,TankBusters.Co,Poland,Putoja 2026
1600639968,2026-09-11,3.5,Японкі мілыя налівалі,"",Minoh Kokusan Momo Weizen - Wase (国産桃ヴァイツェン 早生),Wheat Beer - Fruited,5.0,Minoh Beer,Japan,Sakiškės Brewery (Sakiškių Alus)
1600639989,2026-09-11,2.8,"","",Plum Première (1/26),Farmhouse Ale - Other,7.7,de Garde Brewing,United States,
1600640054,2026-09-11,4.0,"","",Fruit Expo: Berliner Weisse With Lime,Sour - Fruited Berliner Weisse,4.6,Nova Runda,Croatia,Putoja 2026
1600640095,2026-09-11,3.8,"",Minsk,Sommartider,Blonde / Golden Ale - Other,5.0,Wasa Brewing Company,Finland,Putoja 2026
1600640158,2026-09-11,3.5,"","Vilnius, Lithuania",Forest Folly,IPA - Imperial / Double New England / Hazy,8.0,Sudden Death Brewing Co.,Germany,Dūmų Terasa
1600640184,2026-09-11,3.5,"","",Minoh Kokusan Momo Weizen - Wase (国産桃ヴァイツェン 早生),Wheat Beer - Fruited,5.0,Minoh Beer,Japan,Putoja 2026
1600640274,2026-09-11,4.0,"",Minsk,Sommartider,Blonde / Golden Ale - Other,5.0,Wasa Brewing Company,Finland,Putoja 2026
1600640402,2026-09-11,4.0,"","",Yuzu Pils,Pilsner - Other,5.4,Fruition Brewing,United States,Putoja 2026
1600641033,2026-09-11,4.3,"","",The Petria Réserve,Wild Ale - American,7.0,de Garde Brewing,United States,Putoja 2026
1600641062,2026-09-11,3.3,"","",Złodziejskie,Spiced / Herbed Beer,5.0,Browar Spółdzielczy,Poland,Putoja 2026
1600641091,2026-09-11,4.0,Также хорошо.,beer:cerveza:bier:birra:alus:piwo:bira:pivo:olut ,Audacity of Huge,IPA - New England / Hazy,6.0,Hop Hooligans,Romania,Putoja 2026
1600641114,2026-09-11,4.0,"",Vilnius,Zódóma,IPA - New England / Hazy,6.0,RVK Brewing Co,Iceland,Putoja 2026
1600641141,2026-09-11,4.5,"","",The Finer Points of Bad Behavior Volume XXX: Peach & Brettanomyces Bruxellensis,Farmhouse Ale - Saison,6.1,is/was brewing,United States,Putoja 2026
1600641186,2026-09-11,3.5,"","Haifa, IL",Zódóma,IPA - New England / Hazy,6.0,RVK Brewing Co,Iceland,Putoja 2026
1600641203,2026-09-11,4.5,"",Minsk,EN RIKTIG ØL,IPA - New England / Hazy,6.9,Wasa Brewing Company,Finland,Putoja 2026
1600641226,2026-09-11,4.0,"","",Sommartider,Blonde / Golden Ale - Other,5.0,Wasa Brewing Company,Finland,Putoja 2026
1600641231,2026-09-11,5.0,"","",The Petria Réserve,Wild Ale - American,7.0,de Garde Brewing,United States,
1600641235,2026-09-11,3.3,"","",Rose Brut,Grape Ale - Other,6.8,Cerveza 7 Vidas,Peru,Putoja Craft Beer Festival
1600641241,2026-09-11,4.3,"",Vilnius,Goset Housussa,Sour - Fruited Gose,4.3,Panimoyhtiö Tuju,Finland,
1600641306,2026-09-11,2.3,"","",Złodziejskie,Spiced / Herbed Beer,5.0,Browar Spółdzielczy,Poland,Putoja 2026
1600641326,2026-09-11,4.0,"",Riga,Powab Oprycha 2026,IPA - Imperial / Double New England / Hazy,7.5,Harpagan Craft Beer,Poland,Putoja 2026
1600641330,2026-09-11,3.8,"","",I'M GREEN,Sour - Smoothie / Pastry,6.0,Green Head,Poland,Sakiškės Brewery (Sakiškių Alus)
1600641358,2026-09-11,3.5,Сярэдненька,"",Ume-Chu (2026),Sour - Fruited,4.0,Minoh Beer,Japan,Sakiškės Brewery (Sakiškių Alus)
1600641365,2026-09-11,3.8,"",Minsk,Fruit Expo: Berliner Weisse With Lime,Sour - Fruited Berliner Weisse,4.6,Nova Runda,Croatia,Putoja 2026
1600641386,2026-09-11,4.0,"","",Plum Première (1/26),Farmhouse Ale - Other,7.7,de Garde Brewing,United States,
1600641409,2026-09-11,3.8,"Ну ружовенькі, не наябалі","Belarus, Minsk",Pink Zing,Sour - Fruited,4.0,Hop Hooligans,Romania,Putoja 2026
1600641426,2026-09-11,4.0,"","",Audacity of Huge,IPA - New England / Hazy,6.0,Hop Hooligans,Romania,Putoja 2026
1600641483,2026-09-11,3.5,"","",Brick By Brick,Red Ale - Other,5.2,Sudden Death Brewing Co.,Germany,TimeOut eat&play
1600641488,2026-09-11,4.3,"","",Rose Brut,Grape Ale - Other,6.8,Cerveza 7 Vidas,Peru,Dūmų Terasa
1600641511,2026-09-11,0.0,"","",Sky-Me,Sour - Smoothie / Pastry,6.5,LOKO* by Sáez & Son,Spain,
1600641653,2026-09-11,4.0,"",Planet Earth,Sourvival Kit,Sour - Berliner Weisse,3.6,Húsavík Öl,Iceland,Putoja Craft Beer Festival
1600641663,2026-09-11,3.8,"","",Cumowe Dry Stout,Stout - Irish Dry,5.5,Browar Spółdzielczy,Poland,Dūmų Fabrikas
1600641823,2026-09-11,3.3,"",Dunakeszi ,Ryezidskie,Historical Beer - Grodziskie / Grätzer,3.0,Freigeist Bierkultur,Germany,Putoja 2026
1600642238,2026-09-11,3.8,"","",Lager,Lager - Mexican,4.5,Bear & Boar,Lithuania,Bear & Boar Taproom
1600642264,2026-09-11,3.5,"","",700 Años México-Tenochtitlan,Other,0.0,Yeccan Cervecería,Mexico,Putoja 2026
1600642266,2026-09-11,4.0,"","",Moksamosa: Boysenberry,Sour - Fruited,9.2,Moksa Brewing Co,United States,Putoja 2026
1600642303,2026-09-11,3.8,"","Haifa, IL",Powab Oprycha 2026,IPA - Imperial / Double New England / Hazy,7.5,Harpagan Craft Beer,Poland,Putoja 2026
1600642317,2026-09-11,4.0,"","",Czech Fraud,Pilsner - Czech / Bohemian,5.0,Panimoyhtiö Tuju,Finland,
1600642335,2026-09-11,4.0,Трохи пустоватый.,beer:cerveza:bier:birra:alus:piwo:bira:pivo:olut ,Kisel: Passion Fruit & Mango,Sour - Fruited Gose,3.8,Sofia Electric Brewing ,Bulgaria,Putoja 2026
1600642365,2026-09-11,4.0,"","",Foeder-Aged Wild Grapevine,Farmhouse Ale - Other,6.2,Scratch Brewing Company,United States,Putoja 2026
1600642421,2026-09-11,4.8,"","",Mangos in the Garden,Sour - Fruited,9.0,Moksa Brewing Co,United States,Putoja 2026
1600642468,2026-09-11,3.5,"",Minsk,Pink Zing,Sour - Fruited,4.0,Hop Hooligans,Romania,Putoja 2026
1600642494,2026-09-11,3.8,"",Kaunas,E037,IPA - Red,6.5,Labietis. Pagan Brews,Latvia,Putoja 2026
1600642507,2026-09-11,3.8,"",Vilnius,Chills DDH,IPA - New England / Hazy,6.8,Outer Range Brewing Co.,United States,Def Enjoy
1600642511,2026-09-11,2.8,"","",700 Años México-Tenochtitlan,Other,0.0,Yeccan Cervecería,Mexico,Putoja 2026
1600642522,2026-09-11,4.0,"","",Fruit Expo: Apricot Sour,Sour - Fruited,4.6,Nova Runda,Croatia,Putoja 2026
1600642524,2026-09-11,3.5,"","",Kurkas Keptinis,Historical Beer - Keptinis,5.3,Dundulis,Lithuania,
1600642598,2026-09-11,2.5,"","",700 Años México-Tenochtitlan,Other,0.0,Yeccan Cervecería,Mexico,Putoja 2026
1600642631,2026-09-11,3.8,"","",Minoh Kokusan Momo Weizen (国産桃ヴァイツェン),Wheat Beer - Fruited,5.0,Minoh Beer,Japan,
1600642677,2026-09-11,4.3,"",Vilnius,Pa Ķirbi (2018),Stout - Other,7.7,Malduguns,Latvia,Sakiškės Brewery (Sakiškių Alus)
1600642706,2026-09-11,2.5,"",Kaunas,700 Años México-Tenochtitlan,Other,0.0,Yeccan Cervecería,Mexico,Putoja 2026
1600642734,2026-09-11,3.8,"","",E037,IPA - Red,6.5,Labietis. Pagan Brews,Latvia,Putoja 2026
1600642765,2026-09-11,3.8,"","",Czech Fraud,Pilsner - Czech / Bohemian,5.0,Panimoyhtiö Tuju,Finland,Putoja 2026
1600642842,2026-09-11,4.5,"","",Tropical Fusion,IPA - New Zealand,5.8,TankBusters.Co,Poland,Putoja Craft Beer Festival
1600642926,2026-09-11,3.5,"","",E037,IPA - Red,6.5,Labietis. Pagan Brews,Latvia,Putoja 2026
1600642930,2026-09-11,3.0,"","",E037,IPA - Red,6.5,Labietis. Pagan Brews,Latvia,Putoja 2026
1600642949,2026-09-11,0.0,"",Minsk,Audacity of Huge,IPA - New England / Hazy,6.0,Hop Hooligans,Romania,Putoja 2026
1600643145,2026-09-11,3.3,"",Budapest,Pa Ķirbi (Barrel Aged),Stout - Other,6.4,Malduguns,Latvia,Putoja 2026
1600643148,2026-09-11,3.8,"",Minsk,July Morning,Pilsner - Czech / Bohemian,4.4,Sofia Electric Brewing ,Bulgaria,Putoja 2026
1600643192,2026-09-11,4.3,"",Minsk,Audacity of Huge,IPA - New England / Hazy,6.0,Hop Hooligans,Romania,Putoja 2026
1600643231,2026-09-11,4.0,"",Lithuania,Audacity of Huge,IPA - New England / Hazy,6.0,Hop Hooligans,Romania,Putoja 2026
1600643269,2026-09-11,3.8,"","",Moksamosa,Sour - Fruited,9.5,Moksa Brewing Co,United States,Putoja 2026
1600643311,2026-09-11,4.0,"","Helsinki, Finland",Forest Folly,IPA - Imperial / Double New England / Hazy,8.0,Sudden Death Brewing Co.,Germany,Putoja 2026
1600643397,2026-09-11,4.5,"",Vilnius,Moon Rebooted,Cider - Other Fruit,3.0,Sheng Craft Beer (山乘酿造),China / People's Republic of China,Putoja 2026
1600643470,2026-09-11,3.8,"Ну да, нормально",Minsk,July Morning,Pilsner - Czech / Bohemian,4.4,Sofia Electric Brewing ,Bulgaria,Putoja 2026
1600643527,2026-09-11,4.0,"","",Mjørkareinsari,Lager - IPL (India Pale Lager),5.5,OY Brewing,Faroe Islands,Putoja Craft Beer Festival
1600643575,2026-09-11,4.0,"","",SKör Ofar,IPA - Imperial / Double,8.6,Húsavík Öl,Iceland,Putoja Craft Beer Festival
1600643587,2026-09-11,3.5,"","",Mangos in the Garden,Sour - Fruited,9.0,Moksa Brewing Co,United States,Putoja 2026
1600643642,2026-09-11,4.0,"",Vilnius,Gossip Mate 奇兰爱吃瓜,Cider - Other,3.0,Sheng Craft Beer (山乘酿造),China / People's Republic of China,Putoja 2026
1600643682,2026-09-11,0.0,"",Vilnius,The Trifecta,IPA - New Zealand,6.5,Mount Brewing Co ,New Zealand,
1600643806,2026-09-11,4.0,"",Lithuania,Pink Zing,Sour - Fruited,4.0,Hop Hooligans,Romania,Putoja 2026
1600643906,2026-09-11,2.5,"",Budapest,700,Lager - Mexican,4.8,Cervecería Skyline,Mexico,Putoja 2026
1600643934,2026-09-11,4.0,"","",Fruit Expo: Apricot Sour,Sour - Fruited,4.6,Nova Runda,Croatia,Sakiškės Brewery (Sakiškių Alus)
1600643962,2026-09-11,4.0,"",Lithuania,Fruit Expo: Apricot Sour,Sour - Fruited,4.6,Nova Runda,Croatia,Putoja 2026
1600644081,2026-09-11,2.3,"","",Senmergė,Historical Beer - Keptinis,5.2,Artūras Masiliauskas,Lithuania,
1600644154,2026-09-11,4.0,"","",Mango Milkshake IPA,IPA - Milkshake,6.1,Cerveza 7 Vidas,Peru,Putoja 2026
1600644179,2026-09-11,4.0,"","",Oranje (Final Eight - Netherlands),IPA - Imperial / Double,8.0,Funky Fluid,Poland,Local Pub
1600644387,2026-09-11,4.3,"",Vilnius,Kleppur,IPA - Imperial / Double New England / Hazy,8.0,RVK Brewing Co,Iceland,Putoja 2026
1600644413,2026-09-11,3.8,"","",Goset Housussa,Sour - Fruited Gose,4.3,Panimoyhtiö Tuju,Finland,Putoja 2026
1600644434,2026-09-11,4.0,"",Minsk,Pink Zing,Sour - Fruited,4.0,Hop Hooligans,Romania,Putoja 2026
1600644449,2026-09-11,4.0,"","",Citra IPA,IPA - American,5.4,Bear & Boar,Lithuania,Bear & Boar Taproom
1600644554,2026-09-11,5.0,"It's good, it's soup.","Helsinki, Finland",Good Soup,Sour - Tomato / Vegetable Gose,4.0,Nurme,Latvia,Putoja Craft Beer Festival
1600645025,2026-09-11,4.5,So far the best,"",Zódóma,IPA - New England / Hazy,6.0,RVK Brewing Co,Iceland,Putoja 2026
1600645137,2026-09-11,4.3,"",Minsk,Pink Zing,Sour - Fruited,4.0,Hop Hooligans,Romania,Putoja 2026
1600645172,2026-09-11,4.3,"Kamille, Lavendel und Honig",Wuppertal,Saison Dègel,Farmhouse Ale - Saison,5.3,is/was brewing,United States,Dūmų Fabrikas
1600645193,2026-09-11,4.5,"","",The BeeKeeper Vol. 6,Sour - Smoothie / Pastry,6.8,TankBusters.Co,Poland,Dūmų Terasa
1600645283,2026-09-11,3.5,Feels chemical 🥲,Riga,Buzdygan Rozkoszy 2026,Stout - Imperial / Double Pastry,9.8,Harpagan Craft Beer,Poland,Putoja 2026
1600645331,2026-09-11,0.0,"",Vilnius,West Coast Pilsner,Pilsner - American,4.4,Ārpus Brewing Co.,Latvia,Liv_in City
1600645379,2026-09-11,3.8,"","",Fruit Expo: Apricot Sour,Sour - Fruited,4.6,Nova Runda,Croatia,Putoja 2026
1600645402,2026-09-11,3.0,"",Dunakeszi ,700,Lager - Mexican,4.8,Cervecería Skyline,Mexico,Putoja 2026
1600645413,2026-09-11,4.3,"","",Mangos in the Garden,Sour - Fruited,9.0,Moksa Brewing Co,United States,Putoja 2026
1600645454,2026-09-11,4.0,"","",GORYO,Farmhouse Ale - Saison,5.0,Craftrock Brewing,Japan,Putoja Craft Beer Festival
1600645459,2026-09-11,2.5,"","",Good Soup,Sour - Tomato / Vegetable Gose,4.0,Nurme,Latvia,Putoja 2026
1600645468,2026-09-11,1.5,"much historical, such baked, wow","",Senmergė,Historical Beer - Keptinis,5.2,Artūras Masiliauskas,Lithuania,Žaislų muziejus | Museum of toys (Žaislų muziejus)
1600645492,2026-09-11,4.3,"Прыкладна 15 чэкінаў таму праябаў #25700","Belarus, Minsk",EN RIKTIG ØL,IPA - New England / Hazy,6.9,Wasa Brewing Company,Finland,Putoja 2026
1600645497,2026-09-11,2.5,"",Budapest,Watermelon Sour Ale,Sour - Fruited,3.9,Dūmų Brewery,Lithuania,Putoja 2026
1600645513,2026-09-11,4.3,"","",Minoh Kokusan Momo Weizen (国産桃ヴァイツェン),Wheat Beer - Fruited,5.0,Minoh Beer,Japan,
1600645529,2026-09-11,4.0,"","",Estrella Damm,Lager - Pale,5.4,Damm,Spain,
1600645687,2026-09-11,4.0,"","",Moksamosa: Boysenberry,Sour - Fruited,9.2,Moksa Brewing Co,United States,Putoja 2026
1600645699,2026-09-11,4.0,"","",Fruit Expo: Berliner Weisse With Lime,Sour - Fruited Berliner Weisse,4.6,Nova Runda,Croatia,Putoja 2026
1600645746,2026-09-11,3.3,"",Dunakeszi ,Watermelon Sour Ale,Sour - Fruited,3.9,Dūmų Brewery,Lithuania,Putoja 2026
1600645761,2026-09-11,4.0,"","",Zódóma,IPA - New England / Hazy,6.0,RVK Brewing Co,Iceland,Putoja 2026
1600645849,2026-09-11,0.0,"","",Triple IPA,IPA - Triple,8.5,Dūmų Brewery,Lithuania,Putoja 2026
1600645892,2026-09-11,3.8,"","",Flow State,Stout - Milk / Sweet,9.0,Mount Brewing Co ,New Zealand,
1600645904,2026-09-11,3.5,"",Vilnius,Flow State,Stout - Milk / Sweet,9.0,Mount Brewing Co ,New Zealand,Putoja 2026
1600645957,2026-09-11,4.0,"","",Fruit Expo: Berliner Weisse With Lime,Sour - Fruited Berliner Weisse,4.6,Nova Runda,Croatia,Putoja 2026
1600646068,2026-09-11,4.0,Yskänlääkettä ja hammastahnaa mutta silti tykkään,"",Patrick Millah 2026,IPA - Session,6.0,Yeccan Cervecería,Mexico,Putoja 2026
1600646880,2026-09-11,4.0,"","",EN RIKTIG ØL,IPA - New England / Hazy,6.9,Wasa Brewing Company,Finland,Putoja 2026
1600646926,2026-09-11,4.0,"",Kaunas,Saison Dègel,Farmhouse Ale - Saison,5.3,is/was brewing,United States,Putoja 2026
1600646977,2026-09-11,4.5,"",Poznan,Buzdygan Rozkoszy 2026,Stout - Imperial / Double Pastry,9.8,Harpagan Craft Beer,Poland,Putoja Craft Beer Festival
1600646992,2026-09-11,3.8,"",Vilnius,July Morning,Pilsner - Czech / Bohemian,4.4,Sofia Electric Brewing ,Bulgaria,
1600646999,2026-09-11,3.5,"",Vilnius,Mango Passionfruit Skyrsour,Sour - Fruited,4.5,Smiðjan Brugghús,Iceland,Putoja 2026
1600647057,2026-09-11,4.3,"","",Minoh X Mikkeler Tokyo Ume-chu (2025),Sour - Fruited,4.0,Minoh Beer,Japan,
1600647191,2026-09-11,4.5,"","",Minoh Kokusan Momo Weizen (国産桃ヴァイツェン),Wheat Beer - Fruited,5.0,Minoh Beer,Japan,
1600647205,2026-09-11,4.5,"",Poznan,Powab Oprycha 2026,IPA - Imperial / Double New England / Hazy,7.5,Harpagan Craft Beer,Poland,Putoja Craft Beer Festival
1600647209,2026-09-11,2.8,Kadaginis,Vilnius,E037,IPA - Red,6.5,Labietis. Pagan Brews,Latvia,Putoja Craft Beer Festival
1600647257,2026-09-11,3.5,"","",Pear Ale,Farmhouse Ale - Saison,5.4,Scratch Brewing Company,United States,Putoja 2026
1600647277,2026-09-11,0.0,"","",Forest Folly,IPA - Imperial / Double New England / Hazy,8.0,Sudden Death Brewing Co.,Germany,Putoja 2026
1600647292,2026-09-11,2.8,"","",Patrick Millah 2026,IPA - Session,6.0,Yeccan Cervecería,Mexico,Putoja 2026
1600647317,2026-09-11,3.8,"","",Аліварыя Краўт Tomato Gose,Sour - Tomato / Vegetable Gose,4.7,Пивоваренная компания «Аливария» (Alivaria Brewery),Belarus,Putoja 2026
1600647330,2026-09-11,3.0,"","",Fruit Expo: Berliner Weisse With Lime,Sour - Fruited Berliner Weisse,4.6,Nova Runda,Croatia,Putoja 2026
1600647355,2026-09-11,4.0,"Ну так , но 🍋 тащит",beer:cerveza:bier:birra:alus:piwo:bira:pivo:olut ,Sommartider,Blonde / Golden Ale - Other,5.0,Wasa Brewing Company,Finland,Putoja 2026
1600647358,2026-09-11,3.8,"","",July Morning,Pilsner - Czech / Bohemian,4.4,Sofia Electric Brewing ,Bulgaria,Dūmų Fabrikas
1600647374,2026-09-11,4.3,labai lengvutis puputis,Kaunas,Avietė Melagė,Fruit Beer,4.2,Dundulis,Lithuania,Etmonų Špunka
1600647383,2026-09-11,3.8,"",Vilnius,Metulj,IPA - New England / Hazy,6.0,Clef Brewery,Slovenia,
1600647422,2026-09-11,3.8,"",Vilnius,Аліварыя Краўт Tomato Gose,Sour - Tomato / Vegetable Gose,4.7,Пивоваренная компания «Аливария» (Alivaria Brewery),Belarus,Putoja 2026
1600647658,2026-09-11,4.3,"","Haifa, IL",The Petria Réserve,Wild Ale - American,7.0,de Garde Brewing,United States,Putoja 2026
1600647733,2026-09-11,4.0,"",Riga,The Petria Réserve,Wild Ale - American,7.0,de Garde Brewing,United States,Putoja 2026
1600647740,2026-09-11,3.8,Для масмаркета топ,"",Аліварыя Краўт Tomato Gose,Sour - Tomato / Vegetable Gose,4.7,Пивоваренная компания «Аливария» (Alivaria Brewery),Belarus,Putoja 2026
1600647741,2026-09-11,3.8,"","",Pink Zing,Sour - Fruited,4.0,Hop Hooligans,Romania,Dūmų Fabrikas
1600647753,2026-09-11,3.8,"",Kaunas,Pear Ale,Farmhouse Ale - Saison,5.4,Scratch Brewing Company,United States,Putoja 2026
1600647782,2026-09-11,4.0,"",Lithuania,Аліварыя Краўт Tomato Gose,Sour - Tomato / Vegetable Gose,4.7,Пивоваренная компания «Аливария» (Alivaria Brewery),Belarus,Putoja 2026
1600648342,2026-09-11,3.8,"","",IPUTĖ (Little IPA),IPA - American,5.1,Craft & Draft Brewpub & Whiskey,Lithuania,Craft & Draft
1600648347,2026-09-11,4.3,"",Vilnius,Zódóma,IPA - New England / Hazy,6.0,RVK Brewing Co,Iceland,Putoja 2026
1600648380,2026-09-11,3.0,"","Vilnius, Lithuania",Rose Brut,Grape Ale - Other,6.8,Cerveza 7 Vidas,Peru,Dūmų Terasa
1600648385,2026-09-11,3.0,"","",Saison Dègel,Farmhouse Ale - Saison,5.3,is/was brewing,United States,
1600648417,2026-09-11,3.8,"",Vilnius,Аліварыя Краўт Tomato Gose,Sour - Tomato / Vegetable Gose,4.7,Пивоваренная компания «Аливария» (Alivaria Brewery),Belarus,
1600648447,2026-09-11,3.5,"",Minsk,Yuzu Pils,Pilsner - Other,5.4,Fruition Brewing,United States,Putoja 2026
1600648456,2026-09-11,2.8,"","",Fruit Expo: Apricot Sour,Sour - Fruited,4.6,Nova Runda,Croatia,Putoja 2026
1600648484,2026-09-11,3.5,"",Vilnius,Good Soup,Sour - Tomato / Vegetable Gose,4.0,Nurme,Latvia,Putoja 2026
1600648592,2026-09-11,3.8,"","",Mango Passionfruit Skyrsour,Sour - Fruited,4.5,Smiðjan Brugghús,Iceland,Putoja 2026
1600648662,2026-09-11,3.8,для мас- маркета добры,"",Аліварыя Краўт Tomato Gose,Sour - Tomato / Vegetable Gose,4.7,Пивоваренная компания «Аливария» (Alivaria Brewery),Belarus,Sakiškės Brewery (Sakiškių Alus)
1600648711,2026-09-11,3.5,"","",GORYO,Farmhouse Ale - Saison,5.0,Craftrock Brewing,Japan,Putoja 2026
1600648841,2026-09-11,4.0,"","",Аліварыя Краўт Tomato Gose,Sour - Tomato / Vegetable Gose,4.7,Пивоваренная компания «Аливария» (Alivaria Brewery),Belarus,Sakiškės Brewery (Sakiškių Alus)
1600648882,2026-09-11,4.0,"",Kaunas,Fruit Expo: Apricot Sour,Sour - Fruited,4.6,Nova Runda,Croatia,Putoja 2026
1600648993,2026-09-11,0.0,"","",Ryezidskie,Historical Beer - Grodziskie / Grätzer,3.0,Freigeist Bierkultur,Germany,Putoja 2026
1600649003,2026-09-11,3.8,"",Vilnius,Zódóma,IPA - New England / Hazy,6.0,RVK Brewing Co,Iceland,Putoja 2026
1600649022,2026-09-11,3.5,"",Lithuania,Cidre de Normandie,Cider - Traditional / Apfelwein,4.2,Le Père Jules,France,Obuolys Ir Bite
1600649029,2026-09-11,3.8,"","",Kleppur,IPA - Imperial / Double New England / Hazy,8.0,RVK Brewing Co,Iceland,Muu
1600649041,2026-09-11,4.3,Тут ужо самагон пачалі развіваць і вось гэта заляцела пасля яго добра,"Belarus, Minsk",Goset Housussa,Sour - Fruited Gose,4.3,Panimoyhtiö Tuju,Finland,Putoja 2026
1600649053,2026-09-11,4.5,"",Lithuania,Zódóma,IPA - New England / Hazy,6.0,RVK Brewing Co,Iceland,Putoja 2026
1600649073,2026-09-11,3.5,"","Lingen, Lower Saxony, Germany",Vilkmergės Premium Lager,Lager - Helles,5.0,Vilkmerges Alus,Lithuania,Katpėdėlė
1600649314,2026-09-11,0.0,"","",Tepache S.O.D,Sour - Fruited Gose,5.0,Craftrock Brewing,Japan,Putoja 2026
1600649346,2026-09-11,4.8,Top,"",Kleppur,IPA - Imperial / Double New England / Hazy,8.0,RVK Brewing Co,Iceland,Putoja 2026
1600649378,2026-09-11,5.0,"","",Buzdygan Rozkoszy 2026,Stout - Imperial / Double Pastry,9.8,Harpagan Craft Beer,Poland,
1600649395,2026-09-11,3.8,"","",Yuzu Pils,Pilsner - Other,5.4,Fruition Brewing,United States,Putoja 2026
1600649408,2026-09-11,3.5,"","",Goset Housussa,Sour - Fruited Gose,4.3,Panimoyhtiö Tuju,Finland,Putoja 2026
1600650062,2026-09-11,3.8,"","",Tepache S.O.D,Sour - Fruited Gose,5.0,Craftrock Brewing,Japan,
1600650082,2026-09-11,3.8,"",Minsk,Simmoe,IPA - Imperial / Double,8.3,Fruition Brewing,United States,Putoja 2026
1600650220,2026-09-11,3.0,"","",Pearfection,Sour - Fruited Gose,8.0,Nurme,Latvia,Putoja 2026
1600650251,2026-09-11,3.5,"","",GORYO,Farmhouse Ale - Saison,5.0,Craftrock Brewing,Japan,
1600650276,2026-09-11,4.3,"",Minsk,Špunka Pils,Pilsner - Czech / Bohemian,4.8,Dundulis,Lithuania,Šnekutis
1600650325,2026-09-11,4.0,"","",Naktenis BA,Porter - Imperial / Double Baltic,8.6,Malduguns,Latvia,Sakiškės Brewery (Sakiškių Alus)
1600650349,2026-09-11,3.8,"",Dunakeszi ,Rós Apple & Rhubarb Craft Cider 2017 Vintage,Cider - Other Fruit,5.5,Nohoval Drinks Company Ltd,Ireland,Putoja 2026
1600650451,2026-09-11,3.5,"","",Kisel,Sour - Traditional Gose,4.0,Sofia Electric Brewing ,Bulgaria,Putoja 2026
1600650458,2026-09-11,3.5,"","",Good Soup,Sour - Tomato / Vegetable Gose,4.0,Nurme,Latvia,Putoja 2026
1600650514,2026-09-11,3.8,"","",Simmoe,IPA - Imperial / Double,8.3,Fruition Brewing,United States,Putoja 2026
1600650521,2026-09-11,3.5,Наліваюць з лімончыкам. Кайфулі,"",Sommartider,Blonde / Golden Ale - Other,5.0,Wasa Brewing Company,Finland,Dūmų Terasa
1600650528,2026-09-11,4.3,"",Vilnius,Buzdygan Rozkoszy 2026,Stout - Imperial / Double Pastry,9.8,Harpagan Craft Beer,Poland,Putoja 2026
1600650541,2026-09-11,3.8,"",Riga,Igłolód,Freeze-Distilled Beer,13.0,Browar Spółdzielczy,Poland,
1600650545,2026-09-11,4.3,"",Wuppertal ,Tropical Fusion,IPA - New Zealand,5.8,TankBusters.Co,Poland,Putoja 2026
1600650598,2026-09-11,4.0,"",Vilnius,Igłolód Basil Hayden Bourbon Barrel Aged,Freeze-Distilled Beer,13.0,Browar Spółdzielczy,Poland,Putoja 2026
1600650600,2026-09-11,2.8,"","",Pink Zing,Sour - Fruited,4.0,Hop Hooligans,Romania,
1600650618,2026-09-11,4.3,"","",Metulj,IPA - New England / Hazy,6.0,Clef Brewery,Slovenia,Putoja 2026
1600650639,2026-09-11,3.0,"","Helsinki, Finland",Smoked Cedar Gose,Sour - Other Gose,5.2,Freigeist Bierkultur,Germany,Putoja 2026
1600650733,2026-09-11,2.3,"","Haifa, IL",Igłolód,Freeze-Distilled Beer,13.0,Browar Spółdzielczy,Poland,Putoja 2026
1600650742,2026-09-11,4.0,"",Lithuania,Mango Passionfruit Skyrsour,Sour - Fruited,4.5,Smiðjan Brugghús,Iceland,Putoja Craft Beer Festival
1600650805,2026-09-11,3.0,"",Budapest,Rye Combustion,IPA - Rye,6.5,Maktoob Brewing,Romania,Putoja 2026
1600650837,2026-09-11,3.0,a random mix of things that go into a beer,"",Igłolód Basil Hayden Bourbon Barrel Aged,Freeze-Distilled Beer,13.0,Browar Spółdzielczy,Poland,Karo technikos ir transporto muziejus | War Machinery and Transport Museum (Karo technikos ir transporto muziejus)
1600650879,2026-09-11,4.0,mm no tuli hastu valja aga mdes veits sus,"",Mango Passionfruit Sour,Sour - Fruited Gose,5.0,Bear & Boar,Lithuania,
1600650964,2026-09-11,4.0,"","",Moksamosa: Boysenberry,Sour - Fruited,9.2,Moksa Brewing Co,United States,Putoja 2026
1600651002,2026-09-11,2.0,"","",July Morning,Pilsner - Czech / Bohemian,4.4,Sofia Electric Brewing ,Bulgaria,Putoja 2026
1600651527,2026-09-11,3.0,"",Budapest,Too Long For Oolong,Sour - Fruited,5.0,OneTwo,Romania,Putoja 2026
1600651535,2026-09-11,4.0,"","",Metulj,IPA - New England / Hazy,6.0,Clef Brewery,Slovenia,
1600651560,2026-09-11,2.8,"",Vilnius,Yuzu Pils,Pilsner - Other,5.4,Fruition Brewing,United States,Putoja 2026
1600651586,2026-09-11,4.0,С кусочком лимончика 🍋,Vilnius,Sommartider,Blonde / Golden Ale - Other,5.0,Wasa Brewing Company,Finland,Putoja 2026
1600651638,2026-09-11,3.0,"","",Goset Housussa,Sour - Fruited Gose,4.3,Panimoyhtiö Tuju,Finland,
1600651721,2026-09-11,4.3,"","",Tropical Fusion,IPA - New Zealand,5.8,TankBusters.Co,Poland,Putoja 2026
1600651733,2026-09-11,4.0,"","",The Petria Réserve,Wild Ale - American,7.0,de Garde Brewing,United States,Putoja 2026
1600651735,2026-09-11,3.5,"","",Fruit Expo: Apricot Sour,Sour - Fruited,4.6,Nova Runda,Croatia,Putoja 2026
1600651741,2026-09-11,4.0,"","",Fruit Expo: Apricot Sour,Sour - Fruited,4.6,Nova Runda,Croatia,Putoja 2026
1600651753,2026-09-11,3.8,"",Minsk,Mango Passionfruit Skyrsour,Sour - Fruited,4.5,Smiðjan Brugghús,Iceland,Putoja 2026
1600651859,2026-09-11,4.0,"","",Craft Sidras,Cider - Traditional / Apfelwein,5.4,Vilkmerges Alus,Lithuania,Marinara Pizzeria
1600651864,2026-09-11,2.5,"","Helsinki, Finland",Good Soup,Sour - Tomato / Vegetable Gose,4.0,Nurme,Latvia,Putoja 2026
1600651927,2026-09-11,3.5,"","",Igłolód Basil Hayden Bourbon Barrel Aged,Freeze-Distilled Beer,13.0,Browar Spółdzielczy,Poland,Putoja 2026
1600651940,2026-09-11,4.5,"",Wuppertal ,Igłolód Basil Hayden Bourbon Barrel Aged,Freeze-Distilled Beer,13.0,Browar Spółdzielczy,Poland,Putoja 2026
1600652011,2026-09-11,3.8,"","",Mango Milkshake IPA,IPA - Milkshake,6.1,Cerveza 7 Vidas,Peru,Putoja Craft Beer Festival
1600652013,2026-09-11,4.3,"",Minsk,Minoh Kokusan Momo Weizen - Wase (国産桃ヴァイツェン 早生),Wheat Beer - Fruited,5.0,Minoh Beer,Japan,Putoja 2026
1600652036,2026-09-11,3.0,"",Oslo,Rós,Cider - Traditional / Apfelwein,5.5,Nohoval Drinks Company Ltd,Ireland,
1600652073,2026-09-11,3.0,"","",Too Long For Oolong,Sour - Fruited,5.0,OneTwo,Romania,China food
1600652102,2026-09-11,1.0,"","",Pink Zing,Sour - Fruited,4.0,Hop Hooligans,Romania,Putoja 2026
1600652130,2026-09-11,4.0,"","",The BeeKeeper Vol. 6,Sour - Smoothie / Pastry,6.8,TankBusters.Co,Poland,Putoja 2026
1600652139,2026-09-11,3.8,Фінская іпка і фінская іпка. Працягваем далей,"",EN RIKTIG ØL,IPA - New England / Hazy,6.9,Wasa Brewing Company,Finland,Putoja 2026
1600652333,2026-09-11,4.5,"","",Patrick Millah 2026,IPA - Session,6.0,Yeccan Cervecería,Mexico,Putoja Craft Beer Festival
1600652436,2026-09-11,2.8,"","",Patrick Millah 2026,IPA - Session,6.0,Yeccan Cervecería,Mexico,Putoja Craft Beer Festival
1600652445,2026-09-11,4.3,"","",Mangos in the Garden,Sour - Fruited,9.0,Moksa Brewing Co,United States,Putoja Craft Beer Festival
1600652488,2026-09-11,3.0,"","",Good Soup,Sour - Tomato / Vegetable Gose,4.0,Nurme,Latvia,Putoja 2026
1600652731,2026-09-11,4.3,"",Wuppertal,Tropical Fusion,IPA - New Zealand,5.8,TankBusters.Co,Poland,Putoja 2026
1600652804,2026-09-11,3.8,Raugals,"",Himmber & Hveiti,Wheat Beer - Fruited,5.8,OY Brewing,Faroe Islands,
1600652917,2026-09-11,4.0,"","",Buzdygan Rozkoszy 2026,Stout - Imperial / Double Pastry,9.8,Harpagan Craft Beer,Poland,Putoja 2026
1600652928,2026-09-11,3.8,"",Riga,Yuzu Pils,Pilsner - Other,5.4,Fruition Brewing,United States,
1600652949,2026-09-11,4.0,"","",700 Años México-Tenochtitlan,Other,0.0,Yeccan Cervecería,Mexico,Putoja Craft Beer Festival
1600652975,2026-09-11,3.8,"",Vilnius,Czech Fraud,Pilsner - Czech / Bohemian,5.0,Panimoyhtiö Tuju,Finland,Putoja 2026
1600652977,2026-09-11,4.5,"",Lithuania,Total Eclipse of the Hops,IPA - Imperial / Double,8.0,Smiðjan Brugghús,Iceland,Putoja 2026
1600653045,2026-09-11,4.0,"","",Audacity of Huge,IPA - New England / Hazy,6.0,Hop Hooligans,Romania,Putoja 2026
1600653070,2026-09-11,3.5,"","",Naktenis BA,Porter - Imperial / Double Baltic,8.6,Malduguns,Latvia,Putoja 2026
1600653113,2026-09-11,2.3,"","",Pink Zing,Sour - Fruited,4.0,Hop Hooligans,Romania,Putoja 2026
1600653206,2026-09-11,1.5,"","Haifa, IL",Dėdės Juozo Kaimiškas Alus,Other,5.8,Dvareliškių Bravoras,Lithuania,Putoja 2026
1600653216,2026-09-11,3.5,"","Södra Sunderbyn, Luleå, Sweden ",Pear Ale,Farmhouse Ale - Saison,5.4,Scratch Brewing Company,United States,Dūmų Terasa
1600653282,2026-09-11,4.0,"","Vilnius, Lithuania",Igłolód Basil Hayden Bourbon Barrel Aged,Freeze-Distilled Beer,13.0,Browar Spółdzielczy,Poland,Dūmų Terasa
1600653290,2026-09-11,4.0,"","",Audacity of Huge,IPA - New England / Hazy,6.0,Hop Hooligans,Romania,Putoja 2026
1600653303,2026-09-11,0.8,"","",Patrick Millah 2026,IPA - Session,6.0,Yeccan Cervecería,Mexico,Putoja Craft Beer Festival
1600653438,2026-09-11,3.8,"",Vilnius,Goset Housussa,Sour - Fruited Gose,4.3,Panimoyhtiö Tuju,Finland,Putoja 2026
1600653473,2026-09-11,3.8,"",Dunakeszi ,Stonewell/Finbarra Dry Irish Craft Cider,Cider - Dry,5.5,Nohoval Drinks Company Ltd,Ireland,Putoja 2026
1600653563,2026-09-11,3.8,Фіны не ўражваюць,"",Goset Housussa,Sour - Fruited Gose,4.3,Panimoyhtiö Tuju,Finland,Putoja Craft Beer Festival
1600653597,2026-09-11,4.3,"",Vilnius,Buzdygan Rozkoszy 2026,Stout - Imperial / Double Pastry,9.8,Harpagan Craft Beer,Poland,
1600653770,2026-09-11,0.0,"","",Corner Club,IPA - New England / Hazy,6.4,Galway Bay Brewery,Ireland,Putoja 2026
1600653805,2026-09-11,4.0,"",Vilnius,Foeder-Aged Wild Grapevine,Farmhouse Ale - Other,6.2,Scratch Brewing Company,United States,Putoja 2026
1600653826,2026-09-11,4.0,"Одну сторону прошли, перешли на другую. То, с чего пытались слизать руипу.",beer:cerveza:bier:birra:alus:piwo:bira:pivo:olut ,Simmoe,IPA - Imperial / Double,8.3,Fruition Brewing,United States,Putoja 2026
1600653902,2026-09-11,3.8,"","",Fruity MEAD - Cherry,Mead - Melomel,6.1,ODU Brewery,Latvia,Pavilniu Regioninis Parkas
1600653950,2026-09-11,3.5,"",Dunakeszi ,Rye Combustion,IPA - Rye,6.5,Maktoob Brewing,Romania,Putoja 2026
1600654251,2026-09-11,3.3,"","",Jurgii,Spiced / Herbed Beer,4.8,Snekutis,Lithuania,
1600654252,2026-09-11,4.3,"",Wuppertal ,Cumowe Dry Stout,Stout - Irish Dry,5.5,Browar Spółdzielczy,Poland,Putoja 2026
1600654337,2026-09-11,3.5,"",Dunakeszi ,Too Long For Oolong,Sour - Fruited,5.0,OneTwo,Romania,Putoja 2026
1600654355,2026-09-11,0.0,"",Peru,Himmber & Hveiti,Wheat Beer - Fruited,5.8,OY Brewing,Faroe Islands,Sakiškės Brewery (Sakiškių Alus)
1600654369,2026-09-11,4.5,Уфь добра вельмі! Шчыльна і сухенна!,"Belarus, Minsk",Flow State,Stout - Milk / Sweet,9.0,Mount Brewing Co ,New Zealand,Putoja 2026
1600654497,2026-09-11,4.8,"","",Moon Rebooted,Cider - Other Fruit,3.0,Sheng Craft Beer (山乘酿造),China / People's Republic of China,Putoja Craft Beer Festival
1600654507,2026-09-11,4.3,"","",Mango Milkshake IPA,IPA - Milkshake,6.1,Cerveza 7 Vidas,Peru,Putoja Craft Beer Festival
1600654517,2026-09-11,4.5,"",Vilnius,Gossip Mate 奇兰爱吃瓜,Cider - Other,3.0,Sheng Craft Beer (山乘酿造),China / People's Republic of China,Putoja 2026
1600654520,2026-09-11,3.8,"","",Too Long For Oolong,Sour - Fruited,5.0,OneTwo,Romania,
1600654701,2026-09-11,4.0,"Не очень яркий юдзу, но может и так и хотели.",beer:cerveza:bier:birra:alus:piwo:bira:pivo:olut ,Yuzu Pils,Pilsner - Other,5.4,Fruition Brewing,United States,Putoja 2026
1600654703,2026-09-11,3.8,"","",Flow State,Stout - Milk / Sweet,9.0,Mount Brewing Co ,New Zealand,Putoja 2026
1600654734,2026-09-11,3.8,"","",Sommartider,Blonde / Golden Ale - Other,5.0,Wasa Brewing Company,Finland,Putoja 2026
1600654744,2026-09-11,3.8,Прывет!,"",Czech Fraud,Pilsner - Czech / Bohemian,5.0,Panimoyhtiö Tuju,Finland,Putoja 2026
1600654779,2026-09-11,3.0,"",Budapest,Stonewell/Finbarra Dry Irish Craft Cider,Cider - Dry,5.5,Nohoval Drinks Company Ltd,Ireland,Putoja 2026
1600654814,2026-09-11,0.0,"",Peru,Mjørkareinsari,Lager - IPL (India Pale Lager),5.5,OY Brewing,Faroe Islands,Sakiškės Brewery (Sakiškių Alus)
1600654936,2026-09-11,3.8,Дзіўны напой нібы амерыкосы намагаліся зваліць РУІПА,"Belarus, Minsk",Simmoe,IPA - Imperial / Double,8.3,Fruition Brewing,United States,Putoja 2026
1600654938,2026-09-11,4.3,"",Wokingham,IPUTĖ (Little IPA),IPA - American,5.1,Craft & Draft Brewpub & Whiskey,Lithuania,Craft & Draft
1600655010,2026-09-11,3.5,"",Budapest,Rós Apple & Rhubarb Craft Cider 2017 Vintage,Cider - Other Fruit,5.5,Nohoval Drinks Company Ltd,Ireland,Putoja 2026
1600655059,2026-09-11,3.5,"","",Rós,Cider - Traditional / Apfelwein,5.5,Nohoval Drinks Company Ltd,Ireland,Putoja 2026
1600655123,2026-09-11,0.8,"","",Good Soup,Sour - Tomato / Vegetable Gose,4.0,Nurme,Latvia,
1600655351,2026-09-11,4.8,"","",Tepache S.O.D,Sour - Fruited Gose,5.0,Craftrock Brewing,Japan,Putoja Craft Beer Festival
1600655359,2026-09-11,3.5,"","",Rós,Cider - Traditional / Apfelwein,5.5,Nohoval Drinks Company Ltd,Ireland,
1600655431,2026-09-11,4.5,"","",Mango Milkshake IPA,IPA - Milkshake,6.1,Cerveza 7 Vidas,Peru,Putoja Craft Beer Festival
1600655463,2026-09-11,1.0,Parfumerija,Vilnius,Patrick Millah 2026,IPA - Session,6.0,Yeccan Cervecería,Mexico,
1600655734,2026-09-11,3.8,"","Helsinki, Finland",Naktenis,Porter - Baltic,8.6,Malduguns,Latvia,Putoja Craft Beer Festival
1600655964,2026-09-11,2.5,"","",Plum Première (1/26),Farmhouse Ale - Other,7.7,de Garde Brewing,United States,
1600655973,2026-09-11,1.8,"",Riga,Dėdės Juozo Kaimiškas Alus,Other,5.8,Dvareliškių Bravoras,Lithuania,Putoja 2026
1600655982,2026-09-11,4.5,"Вот не помню, пил ли я ранее новозеландское пивко. Но это вкусно",beer:cerveza:bier:birra:alus:piwo:bira:pivo:olut ,The Trifecta,IPA - New Zealand,6.5,Mount Brewing Co ,New Zealand,Putoja 2026
1600656001,2026-09-11,3.3,"","",July Morning,Pilsner - Czech / Bohemian,4.4,Sofia Electric Brewing ,Bulgaria,Putoja 2026
1600656033,2026-09-11,4.0,"","",Mango X Grape X Pineapple X Banana X Ice Cream Smoothie Sour Ale,Sour - Smoothie / Pastry,4.5,Ārpus Brewing Co.,Latvia,Untappd at Home
1600656088,2026-09-11,4.3,"",Lithuania,The Trifecta,IPA - New Zealand,6.5,Mount Brewing Co ,New Zealand,Putoja 2026
1600656119,2026-09-11,3.3,"","",Fruit Expo: Berliner Weisse With Lime,Sour - Fruited Berliner Weisse,4.6,Nova Runda,Croatia,
1600656190,2026-09-11,4.3,"","",Buzdygan Rozkoszy 2026,Stout - Imperial / Double Pastry,9.8,Harpagan Craft Beer,Poland,Putoja 2026
1600656269,2026-09-11,3.5,"","Vilnius, Lithuania",Powab Oprycha 2026,IPA - Imperial / Double New England / Hazy,7.5,Harpagan Craft Beer,Poland,Dūmų Terasa
1600656281,2026-09-11,3.8,"","",Czech Fraud,Pilsner - Czech / Bohemian,5.0,Panimoyhtiö Tuju,Finland,Putoja 2026
1600656305,2026-09-11,3.0,"","",Fruit Expo: Berliner Weisse With Lime,Sour - Fruited Berliner Weisse,4.6,Nova Runda,Croatia,Putoja 2026
1600656336,2026-09-11,3.0,"","","Čavun, Pilsner",Pilsner - Czech / Bohemian,4.4,Clef Brewery,Slovenia,Sakiškės Brewery (Sakiškių Alus)
1600656362,2026-09-11,4.3,This is the one.,"Helsinki, Finland",Naktenis BA,Porter - Imperial / Double Baltic,8.6,Malduguns,Latvia,Putoja Craft Beer Festival
1600656395,2026-09-11,3.5,"","",July Morning,Pilsner - Czech / Bohemian,4.4,Sofia Electric Brewing ,Bulgaria,Putoja 2026
1600656464,2026-09-11,4.3,"","",Flow State,Stout - Milk / Sweet,9.0,Mount Brewing Co ,New Zealand,
1600656492,2026-09-11,0.0,"","",Pomegranate Lime Gose,Sour - Fruited Gose,4.8,Bear & Boar,Lithuania,
1600656506,2026-09-11,4.0,"","",Powab Oprycha 2026,IPA - Imperial / Double New England / Hazy,7.5,Harpagan Craft Beer,Poland,Putoja 2026
1600656511,2026-09-11,3.5,"",Kaunas,Fruit Expo: Berliner Weisse With Lime,Sour - Fruited Berliner Weisse,4.6,Nova Runda,Croatia,Putoja 2026
1600656622,2026-09-11,3.8,"","",Zódóma,IPA - New England / Hazy,6.0,RVK Brewing Co,Iceland,
1600656635,2026-09-11,0.5,what sorcery is this??? like drinking an au de cologne,"",Patrick Millah 2026,IPA - Session,6.0,Yeccan Cervecería,Mexico,John's balcony
1600656729,2026-09-11,3.5,"","",Patrick Millah 2026,IPA - Session,6.0,Yeccan Cervecería,Mexico,Putoja Craft Beer Festival
1600656798,2026-09-11,4.3,"",Vilnius,Fruit Expo: Apricot Sour,Sour - Fruited,4.6,Nova Runda,Croatia,Putoja 2026
1600656922,2026-09-11,3.5,"","",PALE LAGER,Lager - Pale,5.1,Pakruojo Dvaras,Lithuania,
1600656969,2026-09-11,3.0,"","",Kisel: Passion Fruit & Mango,Sour - Fruited Gose,3.8,Sofia Electric Brewing ,Bulgaria,Dūmų Fabrikas
1600657046,2026-09-11,4.5,Пу-пу-пуууууу.... Вымражоначка пайшла,"Belarus, Minsk",Igłolód Basil Hayden Bourbon Barrel Aged,Freeze-Distilled Beer,13.0,Browar Spółdzielczy,Poland,Putoja 2026
1600657405,2026-09-11,3.8,"","",Powab Oprycha 2026,IPA - Imperial / Double New England / Hazy,7.5,Harpagan Craft Beer,Poland,Putoja 2026
1600657439,2026-09-11,3.5,"","",July Morning,Pilsner - Czech / Bohemian,4.4,Sofia Electric Brewing ,Bulgaria,Putoja 2026
1600657460,2026-09-11,4.3,Заебіся неіпка,"",Audacity of Huge,IPA - New England / Hazy,6.0,Hop Hooligans,Romania,Dūmų Terasa
1600657473,2026-09-11,4.3,"","",I'M GREEN,Sour - Smoothie / Pastry,6.0,Green Head,Poland,Putoja 2026
1600657484,2026-09-11,3.3,"",Kaunas,Cumowe Dry Stout,Stout - Irish Dry,5.5,Browar Spółdzielczy,Poland,Putoja 2026
1600657532,2026-09-11,3.8,"","",Saison Dègel,Farmhouse Ale - Saison,5.3,is/was brewing,United States,Putoja 2026
1600657534,2026-09-11,4.0,"",Vilnius,Pink Zing,Sour - Fruited,4.0,Hop Hooligans,Romania,Putoja 2026
1600657635,2026-09-11,3.0,Kvapas,"",Tropical Fusion,IPA - New Zealand,5.8,TankBusters.Co,Poland,
1600657689,2026-09-11,3.3,"","",Cumowe Dry Stout,Stout - Irish Dry,5.5,Browar Spółdzielczy,Poland,Putoja 2026
1600657704,2026-09-11,3.5,"",Kaunas,July Morning,Pilsner - Czech / Bohemian,4.4,Sofia Electric Brewing ,Bulgaria,Putoja 2026
1600657727,2026-09-11,3.5,"","",Clash of Krush,IPA - New England / Hazy,5.8,Pivovar Vik,Czech Republic,Def Enjoy
1600657732,2026-09-11,3.8,"","",700 Años,Pale Ale - Other,0.0,Yeccan Cervecería,Mexico,Putoja Craft Beer Festival
1600657808,2026-09-11,4.3,"",Vilnius ,Jóla Rindill,Mild - Dark,4.2,Húsavík Öl,Iceland,Putoja 2026
1600657835,2026-09-11,2.0,"","",700,Lager - Mexican,4.8,Cervecería Skyline,Mexico,Super Sushi 24/7
1600657846,2026-09-11,3.5,"",Dunakeszi ,Himmber & Hveiti,Wheat Beer - Fruited,5.8,OY Brewing,Faroe Islands,Putoja 2026
1600657860,2026-09-11,4.0,"",Lithuania,Powab Oprycha 2026,IPA - Imperial / Double New England / Hazy,7.5,Harpagan Craft Beer,Poland,Putoja 2026
1600657888,2026-09-11,3.5,"","",Cumowe Dry Stout,Stout - Irish Dry,5.5,Browar Spółdzielczy,Poland,Putoja 2026
1600657892,2026-09-11,4.0,"",Minsk,Corner Club,IPA - New England / Hazy,6.4,Galway Bay Brewery,Ireland,Putoja 2026
1600657908,2026-09-11,4.0,"","",Foeder Aged Grapevine,Farmhouse Ale - Other,5.9,Scratch Brewing Company,United States,Putoja 2026
1600657912,2026-09-11,3.8,"","",700 Años México-Tenochtitlan,Other,0.0,Yeccan Cervecería,Mexico,Putoja Craft Beer Festival
1600658072,2026-09-11,3.8,"","",Pink Zing,Sour - Fruited,4.0,Hop Hooligans,Romania,Putoja 2026
1600658142,2026-09-11,3.0,"",Budapest,E037,IPA - Red,6.5,Labietis. Pagan Brews,Latvia,Putoja 2026
1600658195,2026-09-11,3.8,"",Vilnius,Sourvival Kit,Sour - Berliner Weisse,3.6,Húsavík Öl,Iceland,
1600658249,2026-09-11,4.0,"",Vilnius,Audacity of Huge,IPA - New England / Hazy,6.0,Hop Hooligans,Romania,Putoja 2026
1600658444,2026-09-11,0.0,"",Minsk,GORYO,Farmhouse Ale - Saison,5.0,Craftrock Brewing,Japan,Putoja 2026
1600659090,2026-09-11,2.5,"","Haifa, IL",Pearfection,Sour - Fruited Gose,8.0,Nurme,Latvia,Putoja 2026
1600659122,2026-09-11,4.3,"","",Moksamosa: Boysenberry,Sour - Fruited,9.2,Moksa Brewing Co,United States,Putoja 2026
1600659134,2026-09-11,3.0,"","Vilnius, Lithuania",Pink Zing,Sour - Fruited,4.0,Hop Hooligans,Romania,Dūmų Terasa
1600659166,2026-09-11,0.0,"","","Sploosh! Sour Ale With Mango, Apricots, Peaches, Lemons and Spirulina",Sour - Smoothie / Pastry,5.2,Clef Brewery,Slovenia,Def Enjoy
1600659170,2026-09-11,4.0,"","",Triple IPA,IPA - Triple,8.5,Dūmų Brewery,Lithuania,Putoja 2026
1600659263,2026-09-11,4.0,Працягваем банкет,"",Fruit Expo: Apricot Sour,Sour - Fruited,4.6,Nova Runda,Croatia,Putoja 2026
1600659307,2026-09-11,3.0,"",Oslo,OOZE,Wild Ale - Other,8.0,Nurme,Latvia,
1600659320,2026-09-11,4.0,"","",Simmoe,IPA - Imperial / Double,8.3,Fruition Brewing,United States,Putoja Craft Beer Festival
1600659353,2026-09-11,4.0,"",Planet Earth,Smoked Cedar Gose,Sour - Other Gose,5.2,Freigeist Bierkultur,Germany,Putoja Craft Beer Festival
1600659420,2026-09-11,3.5,"",Lithuania,S.O.D (Sound of Distortion - Margarita),Sour - Fruited Gose,5.0,Craftrock Brewing,Japan,Putoja 2026
1600659457,2026-09-11,4.3,"","",Kisel: Passion Fruit & Mango,Sour - Fruited Gose,3.8,Sofia Electric Brewing ,Bulgaria,Putoja 2026
1600659510,2026-09-11,3.5,"","Vilnius, Lithuania",Audacity of Huge,IPA - New England / Hazy,6.0,Hop Hooligans,Romania,Dūmų Terasa
1600659537,2026-09-11,4.0,"","",Mango Milkshake IPA,IPA - Milkshake,6.1,Cerveza 7 Vidas,Peru,Dūmų Terasa
1600659585,2026-09-11,3.0,"","",Igłolód,Freeze-Distilled Beer,13.0,Browar Spółdzielczy,Poland,Dūmų Terasa
1600659607,2026-09-11,3.0,"",Wuppertal ,700,Lager - Mexican,4.8,Cervecería Skyline,Mexico,Putoja 2026
1600659622,2026-09-11,3.5,Mit Tepache 🍍,Wuppertal,700,Lager - Mexican,4.8,Cervecería Skyline,Mexico,Putoja 2026
1600659675,2026-09-11,3.8,"","Mahilyou, Belarus",Špunka Pils,Pilsner - Czech / Bohemian,4.8,Dundulis,Lithuania,Šnekutis
1600659692,2026-09-11,3.0,"","",Fruit Expo: Berliner Weisse With Lime,Sour - Fruited Berliner Weisse,4.6,Nova Runda,Croatia,7 Fridays
1600659697,2026-09-11,3.8,"","",Igłolód,Freeze-Distilled Beer,13.0,Browar Spółdzielczy,Poland,Dūmų Fabrikas
1600659762,2026-09-11,3.8,"",Kaunas,Rye Combustion,IPA - Rye,6.5,Maktoob Brewing,Romania,Putoja 2026
1600659790,2026-09-11,4.3,"",Lithuania,Disco Paradiso,IPA - Imperial / Double New England / Hazy,7.8,Galway Bay Brewery,Ireland,Putoja 2026
1600659825,2026-09-11,4.0,"","",Flow State,Stout - Milk / Sweet,9.0,Mount Brewing Co ,New Zealand,
1600659955,2026-09-11,2.0,"","",Rose Brut,Grape Ale - Other,6.8,Cerveza 7 Vidas,Peru,Putoja 2026
1600660077,2026-09-11,3.5,"","",Rye Combustion,IPA - Rye,6.5,Maktoob Brewing,Romania,Putoja 2026
1600660126,2026-09-11,3.0,"","",Czech Fraud,Pilsner - Czech / Bohemian,5.0,Panimoyhtiö Tuju,Finland,Putoja 2026
1600660417,2026-09-11,3.8,"","",Fruit Expo: Apricot Sour,Sour - Fruited,4.6,Nova Runda,Croatia,Putoja 2026
1600660434,2026-09-11,4.0,"",Minsk,Buzdygan Rozkoszy 2026,Stout - Imperial / Double Pastry,9.8,Harpagan Craft Beer,Poland,Putoja 2026
1600660446,2026-09-11,3.3,"","",Cumowe Dry Stout,Stout - Irish Dry,5.5,Browar Spółdzielczy,Poland,Putoja 2026
1600660488,2026-09-11,4.0,"","",Delicate Summer,Mead - Braggot,6.5,Artūras Masiliauskas,Lithuania,Putoja 2026
1600660492,2026-09-11,3.5,"","",Rye Combustion,IPA - Rye,6.5,Maktoob Brewing,Romania,Putoja 2026
1600660516,2026-09-11,3.3,"","",Metulj,IPA - New England / Hazy,6.0,Clef Brewery,Slovenia,7 Fridays Reformatu
1600660543,2026-09-11,0.0,"",Minsk,Złodziejskie,Spiced / Herbed Beer,5.0,Browar Spółdzielczy,Poland,Putoja 2026
1600660630,2026-09-11,3.8,"","",Pearfection,Sour - Fruited Gose,8.0,Nurme,Latvia,Putoja 2026
1600660645,2026-09-11,2.8,"","",Rye Combustion,IPA - Rye,6.5,Maktoob Brewing,Romania,Putoja 2026
1600660646,2026-09-11,3.5,"","",Senmergė,Historical Beer - Keptinis,5.2,Artūras Masiliauskas,Lithuania,Sakiškės Brewery (Sakiškių Alus)
1600660755,2026-09-11,3.8,"",Vilnius,Yuzu Pils,Pilsner - Other,5.4,Fruition Brewing,United States,Putoja 2026
1600660764,2026-09-11,0.0,"","",Total Eclipse of the Hops,IPA - Imperial / Double,8.0,Smiðjan Brugghús,Iceland,Putoja 2026
1600660776,2026-09-11,3.0,"",Budapest,Złodziejskie,Spiced / Herbed Beer,5.0,Browar Spółdzielczy,Poland,Putoja 2026
1600660783,2026-09-11,3.8,"",Vilnius,Pearfection,Sour - Fruited Gose,8.0,Nurme,Latvia,Putoja 2026
1600660797,2026-09-11,3.8,"","",Špunka Pils,Pilsner - Czech / Bohemian,4.8,Dundulis,Lithuania,Šnekutis
1600660805,2026-09-11,3.5,Rukola,"",S.O.D (Sound of Distortion - Margarita),Sour - Fruited Gose,5.0,Craftrock Brewing,Japan,
1600660813,2026-09-11,3.8,"","Haifa, IL",Good Soup,Sour - Tomato / Vegetable Gose,4.0,Nurme,Latvia,Putoja 2026
1600660882,2026-09-11,3.5,"","",Rye Combustion,IPA - Rye,6.5,Maktoob Brewing,Romania,Putoja 2026
1600660944,2026-09-11,3.8,"","",Delicate Summer,Mead - Braggot,6.5,Artūras Masiliauskas,Lithuania,Sakiškės Brewery (Sakiškių Alus)
1600660973,2026-09-11,4.0,"","",Kisel: Passion Fruit & Mango,Sour - Fruited Gose,3.8,Sofia Electric Brewing ,Bulgaria,Putoja 2026
1600661007,2026-09-11,3.8,"",Vilnius,Mango Milkshake IPA,IPA - Milkshake,6.1,Cerveza 7 Vidas,Peru,Dūmų Terasa
1600661090,2026-09-11,3.8,"",Minsk,Złodziejskie,Spiced / Herbed Beer,5.0,Browar Spółdzielczy,Poland,Putoja 2026
1600661162,2026-09-11,4.0,"","",Plum Première (1/26),Farmhouse Ale - Other,7.7,de Garde Brewing,United States,Putoja 2026
1600661323,2026-09-11,4.0,"","",Good Soup,Sour - Tomato / Vegetable Gose,4.0,Nurme,Latvia,Putoja 2026
1600661424,2026-09-11,4.0,"",Minsk,Powab Oprycha 2026,IPA - Imperial / Double New England / Hazy,7.5,Harpagan Craft Beer,Poland,Putoja 2026
1600661771,2026-09-11,3.3,"",Kaunas,Watermelon Sour Ale,Sour - Fruited,3.9,Dūmų Brewery,Lithuania,Putoja 2026
1600661863,2026-09-11,3.3,"","",Too Long For Oolong,Sour - Fruited,5.0,OneTwo,Romania,Putoja 2026
1600661872,2026-09-11,4.3,"",Vilnius,Forest Folly,IPA - Imperial / Double New England / Hazy,8.0,Sudden Death Brewing Co.,Germany,Putoja 2026
1600661907,2026-09-11,3.5,"",Vilnius,E037,IPA - Red,6.5,Labietis. Pagan Brews,Latvia,Putoja 2026
1600661915,2026-09-11,3.0,"","",Audacity of Huge,IPA - New England / Hazy,6.0,Hop Hooligans,Romania,
1600661979,2026-09-11,3.8,"","",Fruit Expo: Berliner Weisse With Lime,Sour - Fruited Berliner Weisse,4.6,Nova Runda,Croatia,Putoja 2026
1600662041,2026-09-11,2.8,"","",Smoked Cedar Gose,Sour - Other Gose,5.2,Freigeist Bierkultur,Germany,
1600662042,2026-09-11,3.8,"","",Fruit Expo: Berliner Weisse With Lime,Sour - Fruited Berliner Weisse,4.6,Nova Runda,Croatia,Putoja 2026
1600662136,2026-09-11,3.5,"","",Pink Zing,Sour - Fruited,4.0,Hop Hooligans,Romania,
1600662165,2026-09-11,3.0,"",Oslo,Tepache S.O.D,Sour - Fruited Gose,5.0,Craftrock Brewing,Japan,
1600662178,2026-09-11,4.5,"Люблю эту пивоварню. Отличный фармхауз, очень не банальный вкус.",beer:cerveza:bier:birra:alus:piwo:bira:pivo:olut ,Saison Dègel,Farmhouse Ale - Saison,5.3,is/was brewing,United States,Putoja 2026
1600662219,2026-09-11,4.0,"","",Forest Folly,IPA - Imperial / Double New England / Hazy,8.0,Sudden Death Brewing Co.,Germany,Dūmų Terasa
1600662266,2026-09-11,3.3,"","",Watermelon Sour Ale,Sour - Fruited,3.9,Dūmų Brewery,Lithuania,Sakiškės Brewery (Sakiškių Alus)
1600662284,2026-09-11,4.3,Nice smoked refreshing rye!,Vilnius ,Ryezidskie,Historical Beer - Grodziskie / Grätzer,3.0,Freigeist Bierkultur,Germany,Dūmų Terasa
1600662331,2026-09-11,4.8,"","",Powab Oprycha 2026,IPA - Imperial / Double New England / Hazy,7.5,Harpagan Craft Beer,Poland,Putoja 2026
1600662335,2026-09-11,4.5,"","",Powab Oprycha 2026,IPA - Imperial / Double New England / Hazy,7.5,Harpagan Craft Beer,Poland,Putoja 2026
1600662366,2026-09-11,4.0,First,Dunakeszi ,Tropical Fusion,IPA - New Zealand,5.8,TankBusters.Co,Poland,Putoja 2026
1600662505,2026-09-11,4.0,"","",Sourvival Kit,Sour - Berliner Weisse,3.6,Húsavík Öl,Iceland,Sakiškės Brewery (Sakiškių Alus)
1600662584,2026-09-11,4.3,"","",Flow State,Stout - Milk / Sweet,9.0,Mount Brewing Co ,New Zealand,Putoja Craft Beer Festival
1600662603,2026-09-11,4.0,"","",Buzdygan Rozkoszy 2026,Stout - Imperial / Double Pastry,9.8,Harpagan Craft Beer,Poland,Putoja Craft Beer Festival
1600662605,2026-09-11,3.8,"","",Pearfection,Sour - Fruited Gose,8.0,Nurme,Latvia,Putoja 2026
1600662672,2026-09-11,3.3,"","Vilnius, Lithuania",Senmergė,Historical Beer - Keptinis,5.2,Artūras Masiliauskas,Lithuania,Dūmų Terasa
1600662687,2026-09-11,0.0,"","",Mirdza,Non-Alcoholic - Mead,0.0,Labietis. Pagan Brews,Latvia,Putoja 2026
1600662754,2026-09-11,1.5,"",Wuppertal ,Patrick Millah 2026,IPA - Session,6.0,Yeccan Cervecería,Mexico,Putoja 2026
1600662845,2026-09-11,4.3,"",Vilnius,Corner Club,IPA - New England / Hazy,6.4,Galway Bay Brewery,Ireland,
1600663815,2026-09-11,3.0,"","Vilnius, Lithuania",700 Años,Pale Ale - Other,0.0,Yeccan Cervecería,Mexico,Dūmų Terasa
1600663850,2026-09-11,4.5,Хороший дикарь.,beer:cerveza:bier:birra:alus:piwo:bira:pivo:olut ,The Petria Réserve,Wild Ale - American,7.0,de Garde Brewing,United States,Putoja 2026
1600663877,2026-09-11,3.3,"","",Simmoe,IPA - Imperial / Double,8.3,Fruition Brewing,United States,Putoja 2026
1600663966,2026-09-11,4.0,"",Vilnius,Kisel: Passion Fruit & Mango,Sour - Fruited Gose,3.8,Sofia Electric Brewing ,Bulgaria,Putoja 2026
1600664009,2026-09-11,3.5,"",Kaunas,Senmergė,Historical Beer - Keptinis,5.2,Artūras Masiliauskas,Lithuania,Putoja 2026
1600664054,2026-09-11,3.8,"","",Powab Oprycha 2026,IPA - Imperial / Double New England / Hazy,7.5,Harpagan Craft Beer,Poland,Dūmų Terasa
1600664086,2026-09-11,4.0,Хоп сідарок!,"Belarus, Minsk",Stonewell/Finbarra Dry Irish Craft Cider,Cider - Dry,5.5,Nohoval Drinks Company Ltd,Ireland,Putoja 2026
1600664108,2026-09-11,0.0,"","",Mango Passionfruit Skyrsour,Sour - Fruited,4.5,Smiðjan Brugghús,Iceland,Putoja 2026
1600664160,2026-09-11,3.5,"","",Disco Paradiso,IPA - Imperial / Double New England / Hazy,7.8,Galway Bay Brewery,Ireland,Wasabi Sushi
1600664276,2026-09-11,2.8,"","",Too Long For Oolong,Sour - Fruited,5.0,OneTwo,Romania,Putoja 2026
1600664303,2026-09-11,4.0,Пойдет,beer:cerveza:bier:birra:alus:piwo:bira:pivo:olut ,Plum Première (1/26),Farmhouse Ale - Other,7.7,de Garde Brewing,United States,Putoja 2026
1600664319,2026-09-11,3.3,"","",Senmergė,Historical Beer - Keptinis,5.2,Artūras Masiliauskas,Lithuania,Putoja 2026
1600664341,2026-09-11,3.5,"","",Pa Ķirbi (Barrel Aged),Stout - Other,6.4,Malduguns,Latvia,
1600664363,2026-09-11,4.0,"",Lithuania,Saison Dègel,Farmhouse Ale - Saison,5.3,is/was brewing,United States,Putoja 2026
1600664405,2026-09-11,3.0,"",Vilnius,Watermelon Sour Ale,Sour - Fruited,3.9,Dūmų Brewery,Lithuania,Putoja 2026
1600664501,2026-09-11,4.0,"","",Aroniju Humpaliņa,Wild Ale - Other,5.9,Labietis. Pagan Brews,Latvia,Putoja 2026
1600664511,2026-09-11,3.8,"","",Tropical Fusion,IPA - New Zealand,5.8,TankBusters.Co,Poland,Sakiškės Brewery (Sakiškių Alus)
1600664525,2026-09-11,3.5,"","Haifa, IL",Sourvival Kit,Sour - Berliner Weisse,3.6,Húsavík Öl,Iceland,Putoja 2026
1600664553,2026-09-11,3.3,"","",Rinktinis,Lager - Pale,5.2,Volfas Engelman,Lithuania,
1600664597,2026-09-11,4.5,"","",Minoh X Mikkeler Tokyo Ume-chu (2025),Sour - Fruited,4.0,Minoh Beer,Japan,Sakiškės Brewery (Sakiškių Alus)
1600664620,2026-09-11,4.0,"",Riga,The BeeKeeper Vol. 6,Sour - Smoothie / Pastry,6.8,TankBusters.Co,Poland,
1600664676,2026-09-11,3.3,"","",The Trifecta,IPA - New Zealand,6.5,Mount Brewing Co ,New Zealand,Putoja Craft Beer Festival
1600664683,2026-09-11,3.0,"","",Senmergė,Historical Beer - Keptinis,5.2,Artūras Masiliauskas,Lithuania,Putoja 2026
1600664714,2026-09-11,3.5,"","",Pa Ķirbi (Barrel Aged),Stout - Other,6.4,Malduguns,Latvia,Putoja 2026
1600664830,2026-09-11,4.0,"","",Fruit Expo: Apricot Sour,Sour - Fruited,4.6,Nova Runda,Croatia,Putoja 2026
1600665506,2026-09-11,3.0,"","",Rinktinis,Lager - Pale,5.2,Volfas Engelman,Lithuania,
1600665535,2026-09-11,3.3,"","",E037,IPA - Red,6.5,Labietis. Pagan Brews,Latvia,Putoja 2026
1600665561,2026-09-11,3.3,"","",July Morning,Pilsner - Czech / Bohemian,4.4,Sofia Electric Brewing ,Bulgaria,Juan Juan
1600665623,2026-09-11,3.5,"","",Czech Fraud,Pilsner - Czech / Bohemian,5.0,Panimoyhtiö Tuju,Finland,Putoja 2026
1600665629,2026-09-11,3.8,"",Vilnius,Mjørkareinsari,Lager - IPL (India Pale Lager),5.5,OY Brewing,Faroe Islands,
1600665632,2026-09-11,0.0,"","",Sourvival Kit,Sour - Berliner Weisse,3.6,Húsavík Öl,Iceland,Putoja 2026
1600665655,2026-09-11,2.3,"","",Patrick Millah 2026,IPA - Session,6.0,Yeccan Cervecería,Mexico,Putoja 2026
1600665664,2026-09-11,4.3,"",Wuppertal,Kleppur,IPA - Imperial / Double New England / Hazy,8.0,RVK Brewing Co,Iceland,Putoja 2026
1600665669,2026-09-11,4.0,"",Vilnius,Plum Première (1/26),Farmhouse Ale - Other,7.7,de Garde Brewing,United States,Putoja 2026
1600665737,2026-09-11,3.3,"","","Čavun, Pilsner",Pilsner - Czech / Bohemian,4.4,Clef Brewery,Slovenia,Putoja 2026
1600665769,2026-09-11,3.8,"",Dunakeszi ,Złodziejskie,Spiced / Herbed Beer,5.0,Browar Spółdzielczy,Poland,Putoja 2026
1600665808,2026-09-11,3.5,"","Haifa, IL",Disco Paradiso,IPA - Imperial / Double New England / Hazy,7.8,Galway Bay Brewery,Ireland,Putoja 2026
1600665833,2026-09-11,4.0,"","",Aroniju Humpaliņa,Wild Ale - Other,5.9,Labietis. Pagan Brews,Latvia,Sakiškės Brewery (Sakiškių Alus)
1600665863,2026-09-11,3.0,"","",Balta Pinta,Wheat Beer - Hefeweizen,5.0,Volfas Engelman,Lithuania,
1600665882,2026-09-11,2.8,"","",700 Años,Pale Ale - Other,0.0,Yeccan Cervecería,Mexico,Putoja 2026
1600665913,2026-09-11,4.0,"",Planet Earth,Metulj,IPA - New England / Hazy,6.0,Clef Brewery,Slovenia,Putoja Craft Beer Festival
1600665956,2026-09-11,4.0,"","",Disco Paradiso,IPA - Imperial / Double New England / Hazy,7.8,Galway Bay Brewery,Ireland,Dūmų Fabrikas
1600665989,2026-09-11,3.5,"",Minsk,"Čavun, Pilsner",Pilsner - Czech / Bohemian,4.4,Clef Brewery,Slovenia,Putoja 2026
1600666074,2026-09-11,3.3,"","Vilnius, Lithuania",Stonewell/Finbarra Dry Irish Craft Cider,Cider - Dry,5.5,Nohoval Drinks Company Ltd,Ireland,Dūmų Terasa
1600666097,2026-09-11,4.3,Why aren't there more Catharina Sours? Such a wonderful style ❤️,"",Kwas Xy,Sour - Catharina,4.7,PINTA,Poland,Local Pub
1600666119,2026-09-11,4.0,"","",Kokusan Momo Weizen - Wase (国産桃ヴァイツェン 早生) (2026),Wheat Beer - Fruited,5.0,Minoh Beer,Japan,Putoja 2026
1600666140,2026-09-11,3.5,"","",Rye Combustion,IPA - Rye,6.5,Maktoob Brewing,Romania,Putoja 2026
1600666154,2026-09-11,4.0,"","Helsinki, Finland",Mangos in the Garden,Sour - Fruited,9.0,Moksa Brewing Co,United States,Putoja 2026
1600666240,2026-09-11,4.3,"",Minsk,GORYO,Farmhouse Ale - Saison,5.0,Craftrock Brewing,Japan,Putoja 2026
1600666447,2026-09-11,3.8,Needs more Myrttinen,Finland,Good Soup,Sour - Tomato / Vegetable Gose,4.0,Nurme,Latvia,Putoja Craft Beer Festival
1600667105,2026-09-11,3.8,"","",E037,IPA - Red,6.5,Labietis. Pagan Brews,Latvia,Putoja 2026
1600667107,2026-09-11,3.8,"","Helsinki, Finland",E037,IPA - Red,6.5,Labietis. Pagan Brews,Latvia,Putoja 2026
1600667140,2026-09-11,4.0,Ну не тое каб вельмі пір і нават не тое каб эль,"Belarus, Minsk",Pear Ale,Farmhouse Ale - Saison,5.4,Scratch Brewing Company,United States,Putoja 2026
1600667280,2026-09-11,3.5,"",Riga,Rye Combustion,IPA - Rye,6.5,Maktoob Brewing,Romania,Putoja 2026
1600667302,2026-09-11,3.0,"","",Rindill,Mild - Other,4.0,Húsavík Öl,Iceland,Putoja 2026
1600667334,2026-09-11,3.5,"","","Čavun, Pilsner",Pilsner - Czech / Bohemian,4.4,Clef Brewery,Slovenia,Casa Peligrosa
1600667338,2026-09-11,4.0,"","",Powab Oprycha 2026,IPA - Imperial / Double New England / Hazy,7.5,Harpagan Craft Beer,Poland,Putoja Craft Beer Festival
1600667343,2026-09-11,4.0,"","",Mangos in the Garden,Sour - Fruited,9.0,Moksa Brewing Co,United States,Putoja 2026
1600667375,2026-09-11,3.8,"","",Brick By Brick,Red Ale - Other,5.2,Sudden Death Brewing Co.,Germany,Sakiškės Brewery (Sakiškių Alus)
1600667480,2026-09-11,3.0,Свежий навоз,"",Too Long For Oolong,Sour - Fruited,5.0,OneTwo,Romania,Putoja 2026
1600667496,2026-09-11,3.8,"",Vilnius,Kisel: Passion Fruit & Mango,Sour - Fruited Gose,3.8,Sofia Electric Brewing ,Bulgaria,
1600667554,2026-09-11,3.5,"","","Čavun, Pilsner",Pilsner - Czech / Bohemian,4.4,Clef Brewery,Slovenia,Putoja 2026
1600667752,2026-09-11,3.8,"",Vilnius,Aroniju Humpaliņa,Wild Ale - Other,5.9,Labietis. Pagan Brews,Latvia,Putoja 2026
1600667777,2026-09-11,3.5,"","",Mama Whipa,IPA - White / Wheat,6.0,Les Intenables - Craft Beer,France,Def Enjoy
1600667868,2026-09-11,3.3,"","",Apynys,Non-Alcoholic - Other Beer,0.5,Širvėnos bravoras DUNDULIS,Lithuania,Dėvėti
1600667881,2026-09-11,4.3,Ага ну вінішкас некаторы маецца,"Belarus, Minsk",Foeder-Aged Wild Grapevine,Farmhouse Ale - Other,6.2,Scratch Brewing Company,United States,Putoja 2026
1600667882,2026-09-11,3.8,"","",Penki Mazgai,IPA - New England / Hazy,5.0,Brick by Brick (Raudonų Plytų Alaus Dirbtuvės),Lithuania,Dėvėti
1600667886,2026-09-11,0.0,"","",Gaida ,Non-Alcoholic - Mead,0.0,Labietis. Pagan Brews,Latvia,Putoja 2026
1600667893,2026-09-11,3.8,"",Planet Earth,Rhapsody,IPA - Cold,7.0,Green Head,Poland,Putoja Craft Beer Festival
1600667934,2026-09-11,4.3,"","",Audacity of Huge,IPA - New England / Hazy,6.0,Hop Hooligans,Romania,Putoja 2026
1600667976,2026-09-11,2.8,"","Vilnius, Lithuania",Pear Ale,Farmhouse Ale - Saison,5.4,Scratch Brewing Company,United States,Dūmų Terasa
1600668042,2026-09-11,3.8,"",Minsk,Pa Ķirbi (Barrel Aged),Stout - Other,6.4,Malduguns,Latvia,Putoja 2026
1600668074,2026-09-11,4.3,"",Lithuania,Aroniju Humpaliņa,Wild Ale - Other,5.9,Labietis. Pagan Brews,Latvia,Putoja 2026
1600668129,2026-09-11,3.0,"","",Rindill,Mild - Other,4.0,Húsavík Öl,Iceland,Putoja 2026
1600668237,2026-09-11,4.0,"",Minsk,Rye Combustion,IPA - Rye,6.5,Maktoob Brewing,Romania,Putoja 2026
1600669035,2026-09-11,3.5,"","",Tropical Fusion,IPA - New Zealand,5.8,TankBusters.Co,Poland,Putoja 2026
1600669113,2026-09-11,0.0,"","",Kleppur,IPA - Imperial / Double New England / Hazy,8.0,RVK Brewing Co,Iceland,Dūmų Terasa
1600669135,2026-09-11,4.3,"","",Buzdygan Rozkoszy 2026,Stout - Imperial / Double Pastry,9.8,Harpagan Craft Beer,Poland,Putoja 2026
1600669153,2026-09-11,4.0,"","",The Trifecta,IPA - New Zealand,6.5,Mount Brewing Co ,New Zealand,Putoja 2026
1600669189,2026-09-11,3.5,Лепшае ў Лабэціса - цэ безалкашка,"",Aroniju Humpaliņa,Wild Ale - Other,5.9,Labietis. Pagan Brews,Latvia,Putoja 2026
1600669216,2026-09-11,3.8,"",Planet Earth,Pink Zing,Sour - Fruited,4.0,Hop Hooligans,Romania,Putoja Craft Beer Festival
1600669269,2026-09-11,3.8,"","",Aroniju Humpaliņa,Wild Ale - Other,5.9,Labietis. Pagan Brews,Latvia,Putoja 2026
1600669315,2026-09-11,4.3,"","",Zódóma,IPA - New England / Hazy,6.0,RVK Brewing Co,Iceland,Putoja 2026
1600669346,2026-09-11,3.8,"","",Sourvival Kit,Sour - Berliner Weisse,3.6,Húsavík Öl,Iceland,Putoja 2026
1600669379,2026-09-11,3.8,"","Södra Sunderbyn, Luleå, Sweden ",Good Soup,Sour - Tomato / Vegetable Gose,4.0,Nurme,Latvia,Putoja 2026
1600669411,2026-09-11,4.0,"","",Fruit Expo: Berliner Weisse With Lime,Sour - Fruited Berliner Weisse,4.6,Nova Runda,Croatia,Putoja 2026
1600669437,2026-09-11,4.3,"",Finland,Powab Oprycha 2026,IPA - Imperial / Double New England / Hazy,7.5,Harpagan Craft Beer,Poland,Putoja 2026
1600669459,2026-09-11,4.8,"","",Rose Brut,Grape Ale - Other,6.8,Cerveza 7 Vidas,Peru,Putoja Craft Beer Festival
1600669476,2026-09-11,4.0,"",Minsk,"Čavun, Pilsner",Pilsner - Czech / Bohemian,4.4,Clef Brewery,Slovenia,Putoja 2026
1600669524,2026-09-11,4.5,"","",Kleppur,IPA - Imperial / Double New England / Hazy,8.0,RVK Brewing Co,Iceland,Putoja 2026
1600669546,2026-09-11,4.0,"",Vilnius,No Name,IPA - Session New England / Hazy,5.4,Malduguns,Latvia,Putoja 2026
1600669650,2026-09-11,3.3,"","",Aroniju Humpaliņa,Wild Ale - Other,5.9,Labietis. Pagan Brews,Latvia,Putoja 2026
1600669666,2026-09-11,4.8,"","",The BeeKeeper Vol. 7,Sour - Smoothie / Pastry,6.8,TankBusters.Co,Poland,Putoja Craft Beer Festival
1600669713,2026-09-11,3.8,"","",Naktenis,Porter - Baltic,8.6,Malduguns,Latvia,Putoja 2026
1600669843,2026-09-11,4.0,"","",Sourvival Kit,Sour - Berliner Weisse,3.6,Húsavík Öl,Iceland,Putoja 2026
1600669876,2026-09-11,3.5,"","",Rindill,Mild - Other,4.0,Húsavík Öl,Iceland,Putoja 2026
1600669898,2026-09-11,3.5,"","",Aroniju Humpaliņa,Wild Ale - Other,5.9,Labietis. Pagan Brews,Latvia,Putoja 2026
1600669991,2026-09-11,4.0,"","",Sourvival Kit,Sour - Berliner Weisse,3.6,Húsavík Öl,Iceland,Putoja 2026
1600670060,2026-09-11,3.8,"","",Pink Zing,Sour - Fruited,4.0,Hop Hooligans,Romania,Putoja 2026
1600670150,2026-09-11,4.5,"","",Kleppur,IPA - Imperial / Double New England / Hazy,8.0,RVK Brewing Co,Iceland,Sakiškės Brewery (Sakiškių Alus)
1600670509,2026-09-11,4.0,Потных носков прям даже ту мач.,beer:cerveza:bier:birra:alus:piwo:bira:pivo:olut ,Foeder-Aged Wild Grapevine,Farmhouse Ale - Other,6.2,Scratch Brewing Company,United States,Putoja 2026
1600670558,2026-09-11,3.5,"","",Sourvival Kit,Sour - Berliner Weisse,3.6,Húsavík Öl,Iceland,Putoja 2026
1600670671,2026-09-11,0.0,"","",Rindill,Mild - Other,4.0,Húsavík Öl,Iceland,Putoja 2026
1600670765,2026-09-11,3.8,"","",Kleppur,IPA - Imperial / Double New England / Hazy,8.0,RVK Brewing Co,Iceland,Putoja 2026
1600670773,2026-09-11,4.3,"",Lithuania,Kleppur,IPA - Imperial / Double New England / Hazy,8.0,RVK Brewing Co,Iceland,Putoja 2026
1600670800,2026-09-11,3.8,"",Vilnius,No Name,IPA - Session New England / Hazy,5.4,Malduguns,Latvia,Putoja 2026
1600670840,2026-09-11,4.3,"","",Cumowe Dry Stout,Stout - Irish Dry,5.5,Browar Spółdzielczy,Poland,
1600670844,2026-09-11,4.0,"","",Sourvival Kit,Sour - Berliner Weisse,3.6,Húsavík Öl,Iceland,Putoja 2026
1600670863,2026-09-11,3.5,"",Kaunas,Rindill,Mild - Other,4.0,Húsavík Öl,Iceland,Putoja 2026
1600670888,2026-09-11,3.8,"","",Rye Combustion,IPA - Rye,6.5,Maktoob Brewing,Romania,Putoja 2026
1600670916,2026-09-11,3.5,"","Vilnius, Lithuania",Yuzu Pils,Pilsner - Other,5.4,Fruition Brewing,United States,Dūmų Terasa
1600670948,2026-09-11,4.0,Ну и это не так чтобы очень.,beer:cerveza:bier:birra:alus:piwo:bira:pivo:olut ,Pear Ale,Farmhouse Ale - Saison,5.4,Scratch Brewing Company,United States,Putoja 2026
1600671009,2026-09-11,3.5,Tribūnose,Vilnius,Czech Fraud,Pilsner - Czech / Bohemian,5.0,Panimoyhtiö Tuju,Finland,Putoja Craft Beer Festival
1600671053,2026-09-11,0.0,"","",Sommartider,Blonde / Golden Ale - Other,5.0,Wasa Brewing Company,Finland,Putoja Craft Beer Festival
1600671127,2026-09-11,3.8,"",Riga,Kisel: Passion Fruit & Mango,Sour - Fruited Gose,3.8,Sofia Electric Brewing ,Bulgaria,Putoja 2026
1600671176,2026-09-11,3.8,"","",Delicate Summer,Mead - Braggot,6.5,Artūras Masiliauskas,Lithuania,Putoja 2026
1600671261,2026-09-11,3.8,"",Wuppertal ,Foeder Beer,Farmhouse Ale - Other,6.7,Scratch Brewing Company,United States,Putoja 2026
1600671365,2026-09-11,3.8,"","",Powab Oprycha 2026,IPA - Imperial / Double New England / Hazy,7.5,Harpagan Craft Beer,Poland,Putoja 2026
1600671368,2026-09-11,3.5,"","",Triple IPA,IPA - Triple,8.5,Dūmų Brewery,Lithuania,Putoja 2026
1600671372,2026-09-11,4.0,"","",Zódóma,IPA - New England / Hazy,6.0,RVK Brewing Co,Iceland,Putoja 2026
1600671442,2026-09-11,3.3,Пены норм налілі,"",Senmergė,Historical Beer - Keptinis,5.2,Artūras Masiliauskas,Lithuania,Putoja Craft Beer Festival
1600671484,2026-09-11,4.3,"","",Tropical Fusion,IPA - New Zealand,5.8,TankBusters.Co,Poland,Putoja Craft Beer Festival
1600671522,2026-09-11,1.8,"","",Foeder-Aged Wild Grapevine,Farmhouse Ale - Other,6.2,Scratch Brewing Company,United States,Putoja Craft Beer Festival
1600671644,2026-09-11,3.5,"","",Kleppur,IPA - Imperial / Double New England / Hazy,8.0,RVK Brewing Co,Iceland,Putoja Craft Beer Festival
1600671680,2026-09-11,3.8,"","",Dank Orbit,IPA - American,7.0,Outer Range Brewing Co.,United States,Def Enjoy
1600672007,2026-09-11,3.5,"","",Złodziejskie,Spiced / Herbed Beer,5.0,Browar Spółdzielczy,Poland,Dūmų Fabrikas
1600672075,2026-09-11,3.5,"",Vilnius,Cumowe Dry Stout,Stout - Irish Dry,5.5,Browar Spółdzielczy,Poland,Putoja 2026
1600672096,2026-09-11,3.8,"",Lithuania,E037,IPA - Red,6.5,Labietis. Pagan Brews,Latvia,Putoja 2026
1600672193,2026-09-11,4.0,"","",Cumowe Dry Stout,Stout - Irish Dry,5.5,Browar Spółdzielczy,Poland,Putoja 2026
1600672381,2026-09-11,4.5,"","",Beekeeper Vol. 18,Sour - Smoothie / Pastry,5.0,TankBusters.Co,Poland,Putoja Craft Beer Festival
1600672392,2026-09-11,3.8,"","",Czech Fraud,Pilsner - Czech / Bohemian,5.0,Panimoyhtiö Tuju,Finland,Putoja 2026
1600672425,2026-09-11,3.5,"",Wuppertal ,Pear Ale,Farmhouse Ale - Saison,5.4,Scratch Brewing Company,United States,Putoja 2026
1600672487,2026-09-11,3.5,"","",E037,IPA - Red,6.5,Labietis. Pagan Brews,Latvia,Putoja Craft Beer Festival
1600672513,2026-09-11,4.3,"",Vilnius,Triple IPA,IPA - Triple,8.5,Dūmų Brewery,Lithuania,Putoja 2026
1600672576,2026-09-11,2.8,"",Lithuania,Senmergė,Historical Beer - Keptinis,5.2,Artūras Masiliauskas,Lithuania,Putoja 2026
1600672584,2026-09-11,3.8,"",Vilnius,Delicate Summer,Mead - Braggot,6.5,Artūras Masiliauskas,Lithuania,Putoja 2026
1600672594,2026-09-11,4.3,"",Planet Earth,Audacity of Huge,IPA - New England / Hazy,6.0,Hop Hooligans,Romania,Putoja Craft Beer Festival
1600672617,2026-09-11,3.5,"",Budapest,MBCFI 2024 Bourbon Barley Wine Collaboration,Barleywine - Other,11.3,OY Brewing,Faroe Islands,Putoja 2026
1600672626,2026-09-11,4.5,"",Kaunas,MBCFI 2024 Collaboration Barley Wine Oloroso,Barleywine - Other,11.3,OY Brewing,Faroe Islands,Putoja 2026
1600672631,2026-09-11,3.5,"",Vilnius,Disco Paradiso,IPA - Imperial / Double New England / Hazy,7.8,Galway Bay Brewery,Ireland,Putoja 2026
1600672668,2026-09-11,3.5,"","",Himmber & Hveiti,Wheat Beer - Fruited,5.8,OY Brewing,Faroe Islands,Putoja 2026
1600672770,2026-09-11,4.3,"","",MBCFI 2024 Bourbon Barley Wine Collaboration,Barleywine - Other,11.3,OY Brewing,Faroe Islands,yoshi city
1600672903,2026-09-11,3.8,Чэл прыкольны налівае,"",Delicate Summer,Mead - Braggot,6.5,Artūras Masiliauskas,Lithuania,Putoja 2026
1600672908,2026-09-11,5.0,FIRST! Powerful. Juniper and rye.,"Helsinki, Finland",E037,IPA - Red,6.5,Labietis. Pagan Brews,Latvia,Putoja Craft Beer Festival
1600672941,2026-09-11,3.8,"",Finland,I'M GREEN,Sour - Smoothie / Pastry,6.0,Green Head,Poland,Putoja Craft Beer Festival
1600673182,2026-09-11,2.3,"","",MBCFI 2024 Collaboration Barley Wine Oloroso,Barleywine - Other,11.3,OY Brewing,Faroe Islands,Putoja 2026
1600673253,2026-09-11,2.8,"","",Rose Brut,Grape Ale - Other,6.8,Cerveza 7 Vidas,Peru,
1600673277,2026-09-11,4.8,"","",Tamsusis,Lager - Dark,5.0,Vilkmerges Alus,Lithuania,Plius Plius Plius
1600673280,2026-09-11,4.0,"","",Gossip Mate 奇兰爱吃瓜,Cider - Other,3.0,Sheng Craft Beer (山乘酿造),China / People's Republic of China,Dūmų Fabrikas
1600673450,2026-09-11,4.3,"","",Disco Paradiso,IPA - Imperial / Double New England / Hazy,7.8,Galway Bay Brewery,Ireland,Putoja Craft Beer Festival
1600673798,2026-09-11,3.5,"","",Rindill,Mild - Other,4.0,Húsavík Öl,Iceland,Sakiškės Brewery (Sakiškių Alus)
1600673802,2026-09-11,4.5,"","",MBCFI 2024 Collaboration Barley Wine Oloroso,Barleywine - Other,11.3,OY Brewing,Faroe Islands,Putoja 2026
1600673885,2026-09-11,3.8,"",Budapest,MBCFI 2024 Collaboration Barley Wine Oloroso,Barleywine - Other,11.3,OY Brewing,Faroe Islands,Putoja 2026
1600673940,2026-09-11,4.0,"",Minsk,Rós Apple & Rhubarb 2025 Vintage,Cider - Other Fruit,5.5,Nohoval Drinks Company Ltd,Ireland,Putoja 2026
1600674029,2026-09-11,3.5,"","",Złodziejskie,Spiced / Herbed Beer,5.0,Browar Spółdzielczy,Poland,Putoja 2026
1600674055,2026-09-11,4.0,База,"Belarus, Minsk",Rós,Cider - Traditional / Apfelwein,5.5,Nohoval Drinks Company Ltd,Ireland,Putoja 2026
1600674097,2026-09-11,3.3,"","",Minoh Kokusan Momo Weizen (国産桃ヴァイツェン),Wheat Beer - Fruited,5.0,Minoh Beer,Japan,Sakiškės Brewery (Sakiškių Alus)
1600674100,2026-09-11,4.0,"",Planet Earth,Brick By Brick,Red Ale - Other,5.2,Sudden Death Brewing Co.,Germany,Putoja Craft Beer Festival
1600674142,2026-09-11,3.8,"","",Mango Milkshake IPA,IPA - Milkshake,6.1,Cerveza 7 Vidas,Peru,
1600674189,2026-09-11,4.0,"","",Rós Apple & Rhubarb Craft Cider 2017 Vintage,Cider - Other Fruit,5.5,Nohoval Drinks Company Ltd,Ireland,Putoja 2026
1600674255,2026-09-11,4.0,"",Vilnius,Kisel: Passion Fruit & Mango,Sour - Fruited Gose,3.8,Sofia Electric Brewing ,Bulgaria,Putoja 2026
1600674263,2026-09-11,4.3,"","",MBCFI 2024 Bourbon Barley Wine Collaboration,Barleywine - Other,11.3,OY Brewing,Faroe Islands,Putoja 2026
1600674301,2026-09-11,4.8,"","",MBCFI 2024 Bourbon Barley Wine Collaboration,Barleywine - Other,11.3,OY Brewing,Faroe Islands,Putoja 2026
1600674347,2026-09-11,4.0,"","",Rose Brut,Grape Ale - Other,6.8,Cerveza 7 Vidas,Peru,Putoja 2026
1600674357,2026-09-11,3.5,"","",Debesainis,Wheat Beer - Hefeweizen,4.5,Širvėnos bravoras DUNDULIS,Lithuania,Po Bačka
1600674409,2026-09-11,3.5,"","",July Morning,Pilsner - Czech / Bohemian,4.4,Sofia Electric Brewing ,Bulgaria,Putoja 2026
1600674416,2026-09-11,4.0,"",Minsk,Kisel: Passion Fruit & Mango,Sour - Fruited Gose,3.8,Sofia Electric Brewing ,Bulgaria,Putoja 2026
1600674496,2026-09-11,4.5,"",Vilnius,MBCFI 2024 Bourbon Barley Wine Collaboration,Barleywine - Other,11.3,OY Brewing,Faroe Islands,
1600674501,2026-09-11,4.3,"",Minsk,Rye Combustion,IPA - Rye,6.5,Maktoob Brewing,Romania,Putoja 2026
1600674553,2026-09-11,4.0,"",Dunakeszi ,MBCFI 2024 Collaboration Barley Wine Oloroso,Barleywine - Other,11.3,OY Brewing,Faroe Islands,Putoja 2026
1600674597,2026-09-11,4.0,Dončičiaus,Vilnius,Metulj,IPA - New England / Hazy,6.0,Clef Brewery,Slovenia,Putoja Craft Beer Festival
1600674673,2026-09-11,4.5,"","",MBCFI 2024 Collaboration Barley Wine Oloroso,Barleywine - Other,11.3,OY Brewing,Faroe Islands,Putoja 2026
1600674721,2026-09-11,4.5,"",Kaunas,MBCFI 2024 Bourbon Barley Wine Collaboration,Barleywine - Other,11.3,OY Brewing,Faroe Islands,Putoja 2026
1600674770,2026-09-11,3.8,"","",IPA,IPA - American,6.2,Lagunitas Brewing Company,United States,Gringo Pub
1600674823,2026-09-11,3.8,"","",MBCFI 2024 Collaboration Barley Wine Oloroso,Barleywine - Other,11.3,OY Brewing,Faroe Islands,Olympic Casino Stotis
1600675464,2026-09-11,4.0,"","",Rye Combustion,IPA - Rye,6.5,Maktoob Brewing,Romania,Dūmų Fabrikas
1600675466,2026-09-11,4.5,"","",The Trifecta,IPA - New Zealand,6.5,Mount Brewing Co ,New Zealand,Putoja 2026
1600675491,2026-09-11,3.8,Літовачка агонь налівае,"",Watermelon Sour Ale,Sour - Fruited,3.9,Dūmų Brewery,Lithuania,Putoja 2026
1600675500,2026-09-11,4.3,"","Vilnius, Lithuania",MBCFI 2024 Collaboration Barley Wine Oloroso,Barleywine - Other,11.3,OY Brewing,Faroe Islands,Dūmų Terasa
1600675518,2026-09-11,0.0,"","",Kleppur,IPA - Imperial / Double New England / Hazy,8.0,RVK Brewing Co,Iceland,Putoja 2026
1600675546,2026-09-11,4.3,"","",Mangos in the Garden,Sour - Fruited,9.0,Moksa Brewing Co,United States,
1600675560,2026-09-11,4.5,"","",The BeeKeeper Vol. 6,Sour - Smoothie / Pastry,6.8,TankBusters.Co,Poland,Putoja Craft Beer Festival
1600675619,2026-09-11,4.0,"","",Sommartider,Blonde / Golden Ale - Other,5.0,Wasa Brewing Company,Finland,
1600675670,2026-09-11,4.0,"",Šiauliai ,Kleppur,IPA - Imperial / Double New England / Hazy,8.0,RVK Brewing Co,Iceland,Putoja 2026
1600675686,2026-09-11,4.3,Sauer 😝,Wuppertal,The Finer Points of Bad Behavior Volume XXX: Peach & Brettanomyces Bruxellensis,Farmhouse Ale - Saison,6.1,is/was brewing,United States,Putoja 2026
1600675718,2026-09-11,3.5,"","",Metulj,IPA - New England / Hazy,6.0,Clef Brewery,Slovenia,
1600675858,2026-09-11,3.8,"","",Watermelon Sour Ale,Sour - Fruited,3.9,Dūmų Brewery,Lithuania,Putoja 2026
1600675913,2026-09-11,3.8,"","",Ekstra,Lager - Dortmunder / Export,5.2,Švyturys,Lithuania,Holiday Inn
1600675927,2026-09-11,4.3,"","Vilnius, Lithuania",MBCFI 2024 Bourbon Barley Wine Collaboration,Barleywine - Other,11.3,OY Brewing,Faroe Islands,Dūmų Terasa
1600675929,2026-09-11,4.3,"","",MBCFI 2024 Bourbon Barley Wine Collaboration,Barleywine - Other,11.3,OY Brewing,Faroe Islands,Sakiškės Brewery (Sakiškių Alus)
1600676014,2026-09-11,3.5,"",Brasov,Gutstoutas,Stout - Oatmeal,5.0,Širvėnos bravoras DUNDULIS,Lithuania,El Gato Negro
1600676016,2026-09-11,4.0,"","",GORYO,Farmhouse Ale - Saison,5.0,Craftrock Brewing,Japan,Putoja 2026
1600676055,2026-09-11,4.0,"",Lithuania,No Name,IPA - Session New England / Hazy,5.4,Malduguns,Latvia,Putoja Craft Beer Festival
1600676076,2026-09-11,4.0,"","",Bėganti Kopa (Running Dune),Wheat Beer - Witbier / Blanche,4.5,Brick by Brick (Raudonų Plytų Alaus Dirbtuvės),Lithuania,Marinara Pizzeria
1600676136,2026-09-11,4.3,"",Wuppertal ,The Finer Points of Bad Behavior Volume XXX: Peach & Brettanomyces Bruxellensis,Farmhouse Ale - Saison,6.1,is/was brewing,United States,Putoja 2026
1600676268,2026-09-11,4.0,"",Vilnius,Minoh Kokusan Momo Weizen - Wase (国産桃ヴァイツェン 早生),Wheat Beer - Fruited,5.0,Minoh Beer,Japan,Putoja Craft Beer Festival
1600676277,2026-09-11,3.8,Як быццам бы Садэн Дэз мог прывесці нешта лепш,"",Brick By Brick,Red Ale - Other,5.2,Sudden Death Brewing Co.,Germany,Putoja 2026
1600676382,2026-09-11,4.0,"","",Fruit Expo: Apricot Sour,Sour - Fruited,4.6,Nova Runda,Croatia,Putoja 2026
1600676390,2026-09-11,4.5,"",Planet Earth,Pearfection,Sour - Fruited Gose,8.0,Nurme,Latvia,Putoja Craft Beer Festival
1600676504,2026-09-11,3.5,"",Brasov,Inedit Damm,Wheat Beer - Witbier / Blanche,4.8,Damm,Spain,El Gato Negro
1600676551,2026-09-11,3.5,"",Kaunas,Good Soup,Sour - Tomato / Vegetable Gose,4.0,Nurme,Latvia,Putoja 2026
1600676613,2026-09-11,3.5,"","",Metulj,IPA - New England / Hazy,6.0,Clef Brewery,Slovenia,Putoja 2026
1600676711,2026-09-11,5.0,"","Helsinki, Finland",MBCFI 2024 Bourbon Barley Wine Collaboration,Barleywine - Other,11.3,OY Brewing,Faroe Islands,Putoja Craft Beer Festival
1600676738,2026-09-11,4.5,"","Haifa, IL",MBCFI 2024 Collaboration Barley Wine Oloroso,Barleywine - Other,11.3,OY Brewing,Faroe Islands,Putoja 2026
1600676789,2026-09-11,4.0,Трыпла як быццам бы ядомы,"",Triple IPA,IPA - Triple,8.5,Dūmų Brewery,Lithuania,Sakiškės Brewery (Sakiškių Alus)
1600676857,2026-09-11,4.0,"","",Fruit Expo: Berliner Weisse With Lime,Sour - Fruited Berliner Weisse,4.6,Nova Runda,Croatia,Putoja Craft Beer Festival
1600676866,2026-09-11,4.0,"",Vilnius,Watermelon Sour Ale,Sour - Fruited,3.9,Dūmų Brewery,Lithuania,Putoja 2026
1600676886,2026-09-11,5.0,"",Lithuania,MBCFI 2024 Collaboration Barley Wine Oloroso,Barleywine - Other,11.3,OY Brewing,Faroe Islands,Putoja 2026
1600676938,2026-09-11,3.5,"",Wokingham,Witukas (witbier),Wheat Beer - Witbier / Blanche,5.0,Craft & Draft Brewpub & Whiskey,Lithuania,Craft & Draft
1600677071,2026-09-11,1.8,"","",Counting Off the Days (BA),Stout - Russian Imperial,13.6,Galway Bay Brewery,Ireland,
1600677112,2026-09-11,3.3,"","",Good Soup,Sour - Tomato / Vegetable Gose,4.0,Nurme,Latvia,Putoja 2026
1600677166,2026-09-11,4.0,"",Planet Earth,Good Soup,Sour - Tomato / Vegetable Gose,4.0,Nurme,Latvia,Putoja Craft Beer Festival
1600677232,2026-09-11,0.0,"","",Mango Milkshake IPA,IPA - Milkshake,6.1,Cerveza 7 Vidas,Peru,Kinietiski Patiekalai
1600677378,2026-09-11,4.0,"","",Disco Paradiso,IPA - Imperial / Double New England / Hazy,7.8,Galway Bay Brewery,Ireland,Dūmų Terasa
1600677471,2026-09-11,3.8,"","",Himmber & Hveiti,Wheat Beer - Fruited,5.8,OY Brewing,Faroe Islands,Putoja 2026
1600677494,2026-09-11,4.5,"","",Rose Brut,Grape Ale - Other,6.8,Cerveza 7 Vidas,Peru,Putoja 2026
1600677513,2026-09-11,4.3,"",Riga,MBCFI 2024 Bourbon Barley Wine Collaboration,Barleywine - Other,11.3,OY Brewing,Faroe Islands,Putoja 2026
1600677528,2026-09-11,1.5,"","Haifa, IL",Malvīne,Non-Alcoholic - Mead,0.0,Labietis. Pagan Brews,Latvia,Putoja 2026
1600677546,2026-09-11,4.8,"",Lithuania,Moon Rebooted,Cider - Other Fruit,3.0,Sheng Craft Beer (山乘酿造),China / People's Republic of China,Putoja 2026
1600677562,2026-09-11,3.8,"",Wuppertal ,Saison Dègel,Farmhouse Ale - Saison,5.3,is/was brewing,United States,Putoja 2026
1600677633,2026-09-11,3.3,"","",Tepache S.O.D,Sour - Fruited Gose,5.0,Craftrock Brewing,Japan,
1600677651,2026-09-11,5.0,"","Helsinki, Finland",MBCFI 2024 Collaboration Barley Wine Oloroso,Barleywine - Other,11.3,OY Brewing,Faroe Islands,Putoja Craft Beer Festival
1600677766,2026-09-11,4.3,Barrel aged for 2 years and now already 7 years in the bottle 🤯,"",Pa Ķirbi (Barrel Aged),Stout - Other,6.4,Malduguns,Latvia,Putoja 2026
1600677792,2026-09-11,4.5,"","",Flow State,Stout - Milk / Sweet,9.0,Mount Brewing Co ,New Zealand,Putoja 2026
1600677968,2026-09-11,4.5,"",Vilnius,Moon Rebooted,Cider - Other Fruit,3.0,Sheng Craft Beer (山乘酿造),China / People's Republic of China,Putoja 2026
1600678410,2026-09-11,4.0,"",Minsk,Too Long For Oolong,Sour - Fruited,5.0,OneTwo,Romania,Putoja 2026
1600678411,2026-09-11,0.3,"","",Good Soup,Sour - Tomato / Vegetable Gose,4.0,Nurme,Latvia,Putoja 2026
1600678485,2026-09-11,3.8,"","",Pearfection,Sour - Fruited Gose,8.0,Nurme,Latvia,Sakiškės Brewery (Sakiškių Alus)
1600678516,2026-09-11,4.5,Люты топ,"",Moon Rebooted,Cider - Other Fruit,3.0,Sheng Craft Beer (山乘酿造),China / People's Republic of China,Putoja Craft Beer Festival
1600678612,2026-09-11,4.5,"","",Flow State,Stout - Milk / Sweet,9.0,Mount Brewing Co ,New Zealand,Putoja 2026
1600678619,2026-09-11,5.0,"","",MBCFI 2024 Bourbon Barley Wine Collaboration,Barleywine - Other,11.3,OY Brewing,Faroe Islands,Putoja Craft Beer Festival
1600678695,2026-09-11,4.3,"",Riga,MBCFI 2024 Collaboration Barley Wine Oloroso,Barleywine - Other,11.3,OY Brewing,Faroe Islands,Putoja 2026
1600678708,2026-09-11,0.0,"",Vilnius,Smoked Cedar Gose,Sour - Other Gose,5.2,Freigeist Bierkultur,Germany,Putoja 2026
1600678789,2026-09-11,3.8,"","",No Name,IPA - Session New England / Hazy,5.4,Malduguns,Latvia,Putoja 2026
1600678957,2026-09-11,3.3,"","",No Name,IPA - Session New England / Hazy,5.4,Malduguns,Latvia,Putoja 2026
1600678973,2026-09-11,3.0,"","",Stonewell/Finbarra Dry Irish Craft Cider,Cider - Dry,5.5,Nohoval Drinks Company Ltd,Ireland,Nauja Era • kinų restoranas baras
1600679064,2026-09-11,4.0,"",Wuppertal ,MBCFI 2024 Bourbon Barley Wine Collaboration,Barleywine - Other,11.3,OY Brewing,Faroe Islands,Putoja 2026
1600679072,2026-09-11,4.0,"На самом деле думал будет хуже, но это хорошее исполнение.",beer:cerveza:bier:birra:alus:piwo:bira:pivo:olut ,Mango Milkshake IPA,IPA - Milkshake,6.1,Cerveza 7 Vidas,Peru,Putoja 2026
1600679129,2026-09-11,4.5,"","",MBCFI 2024 Bourbon Barley Wine Collaboration,Barleywine - Other,11.3,OY Brewing,Faroe Islands,Dūmų Fabrikas
1600679162,2026-09-11,4.8,"","",MBCFI 2024 Bourbon Barley Wine Collaboration,Barleywine - Other,11.3,OY Brewing,Faroe Islands,Putoja Craft Beer Festival
1600679204,2026-09-11,4.0,"","",Kleppur,IPA - Imperial / Double New England / Hazy,8.0,RVK Brewing Co,Iceland,Putoja 2026
1600679243,2026-09-11,3.0,"","",Baltas (White),Wheat Beer - Hefeweizen,5.0,Švyturys,Lithuania,
1600679281,2026-09-11,4.3,"","",Meet Our Friends | Beer Kingdom,IPA - Session,5.3,Nepo Brewing,Poland,Pavilniu Regioninis Parkas
1600679410,2026-09-11,4.0,"","",Canis Lupus,Lager - Pale,4.6,Vilniaus Alus,Lithuania,
1600679445,2026-09-11,3.8,"","Haifa, IL",Pa Ķirbi (Barrel Aged),Stout - Other,6.4,Malduguns,Latvia,Putoja 2026
1600679610,2026-09-11,4.8,"","",MBCFI 2024 Collaboration Barley Wine Oloroso,Barleywine - Other,11.3,OY Brewing,Faroe Islands,Putoja Craft Beer Festival
1600679665,2026-09-11,4.0,"",Vilnius,Azacca One Love,IPA - Session New England / Hazy,5.0,Jungle Brewery,Belarus,Putoja Craft Beer Festival
1600679674,2026-09-11,5.0,"","",MBCFI 2024 Madeira Barley Wine Collaboration,Barleywine - American,11.3,OY Brewing,Faroe Islands,Putoja 2026
1600679704,2026-09-11,4.5,"",Vilnius,Flow State,Stout - Milk / Sweet,9.0,Mount Brewing Co ,New Zealand,Putoja Craft Beer Festival
1600679733,2026-09-11,3.5,"","",Ume-Chu (2026),Sour - Fruited,4.0,Minoh Beer,Japan,
1600680011,2026-09-11,4.0,"","",MBCFI 2024 Bourbon Barley Wine Collaboration,Barleywine - Other,11.3,OY Brewing,Faroe Islands,Putoja Craft Beer Festival
1600680013,2026-09-11,4.3,Любімая серыя,"",Azacca One Love,IPA - Session New England / Hazy,5.0,Jungle Brewery,Belarus,Putoja Craft Beer Festival
1600680059,2026-09-11,5.0,"",Lithuania,MBCFI 2024 Bourbon Barley Wine Collaboration,Barleywine - Other,11.3,OY Brewing,Faroe Islands,Putoja 2026
1600680145,2026-09-11,4.3,"","Helsinki, Finland",MBCFI 2024 Bourbon Barley Wine Collaboration,Barleywine - Other,11.3,OY Brewing,Faroe Islands,Putoja 2026
1600680161,2026-09-11,4.0,"","",Azacca One Love,IPA - Session New England / Hazy,5.0,Jungle Brewery,Belarus,Putoja 2026
1600680201,2026-09-11,4.3,"","",Gerda,Freeze-Distilled Beer,18.5,Browar Spółdzielczy,Poland,Putoja 2026
1600680238,2026-09-11,3.8,"",Minsk,Too Long For Oolong,Sour - Fruited,5.0,OneTwo,Romania,Putoja 2026
1600680255,2026-09-11,2.5,"",Vilnius,Czech Fraud,Pilsner - Czech / Bohemian,5.0,Panimoyhtiö Tuju,Finland,Putoja 2026
1600680286,2026-09-11,3.8,"",Budapest,Gerda,Freeze-Distilled Beer,18.5,Browar Spółdzielczy,Poland,Putoja 2026
1600680293,2026-09-11,4.5,"","",Metulj,IPA - New England / Hazy,6.0,Clef Brewery,Slovenia,Putoja 2026
1600680302,2026-09-11,4.0,"",Lithuania,Azacca One Love,IPA - Session New England / Hazy,5.0,Jungle Brewery,Belarus,Putoja 2026
1600680334,2026-09-11,5.0,"","",MBCFI 2024 Bourbon Barley Wine Collaboration,Barleywine - Other,11.3,OY Brewing,Faroe Islands,Putoja 2026
1600680358,2026-09-11,4.0,Прывітанне Перу ёпта,"Belarus, Minsk",Rose Brut,Grape Ale - Other,6.8,Cerveza 7 Vidas,Peru,Putoja 2026
1600680464,2026-09-11,5.0,"","",MBCFI 2024 Collaboration Barley Wine Oloroso,Barleywine - Other,11.3,OY Brewing,Faroe Islands,
1600680544,2026-09-11,0.0,"","",Swing,IPA - New England / Hazy,6.5,SOMA Beer,Spain,Def Enjoy
1600680690,2026-09-11,4.3,"","",Flow State,Stout - Milk / Sweet,9.0,Mount Brewing Co ,New Zealand,Dūmų Fabrikas
1600680691,2026-09-11,4.0,"",Minsk,I'M GREEN,Sour - Smoothie / Pastry,6.0,Green Head,Poland,Putoja 2026
1600680773,2026-09-11,4.0,"","",Total Eclipse of the Hops,IPA - Imperial / Double,8.0,Smiðjan Brugghús,Iceland,Putoja 2026
1600680838,2026-09-11,3.5,"","",Azacca One Love,IPA - Session New England / Hazy,5.0,Jungle Brewery,Belarus,Putoja 2026
1600680910,2026-09-11,4.0,"","Helsinki, Finland",Powab Oprycha 2026,IPA - Imperial / Double New England / Hazy,7.5,Harpagan Craft Beer,Poland,Putoja 2026
1600680937,2026-09-11,3.8,"",Wuppertal,Mjørkareinsari,Lager - IPL (India Pale Lager),5.5,OY Brewing,Faroe Islands,Putoja 2026
1600681030,2026-09-11,3.5,"","",Gerda,Freeze-Distilled Beer,18.5,Browar Spółdzielczy,Poland,Putoja 2026
1600681085,2026-09-11,3.8,"","Helsinki, Finland",Kisel: Passion Fruit & Mango,Sour - Fruited Gose,3.8,Sofia Electric Brewing ,Bulgaria,Putoja 2026
1600681154,2026-09-11,3.8,"","",Delicate Summer,Mead - Braggot,6.5,Artūras Masiliauskas,Lithuania,Putoja 2026
1600681201,2026-09-11,4.3,"",Alpha Centauri ,Plum Première (1/26),Farmhouse Ale - Other,7.7,de Garde Brewing,United States,
1600682204,2026-09-11,4.0,"На фото не передаёт цвет, он зелёный. Неплохо.",beer:cerveza:bier:birra:alus:piwo:bira:pivo:olut ,Patrick Millah 2026,IPA - Session,6.0,Yeccan Cervecería,Mexico,Putoja 2026
1600682229,2026-09-11,3.8,"","",Rós,Cider - Traditional / Apfelwein,5.5,Nohoval Drinks Company Ltd,Ireland,Putoja 2026
1600682237,2026-09-11,4.0,"","",Fruit Expo: Berliner Weisse With Lime,Sour - Fruited Berliner Weisse,4.6,Nova Runda,Croatia,Putoja 2026
1600682289,2026-09-11,3.0,"","Haifa, IL",Gerda,Freeze-Distilled Beer,18.5,Browar Spółdzielczy,Poland,Putoja 2026
1600682300,2026-09-11,4.0,"","",Plum Première (1/26),Farmhouse Ale - Other,7.7,de Garde Brewing,United States,Putoja 2026
1600682318,2026-09-11,3.5,Antikalkinis,Vilnius,GORYO,Farmhouse Ale - Saison,5.0,Craftrock Brewing,Japan,Putoja Craft Beer Festival
1600682369,2026-09-11,3.0,"","",Buzdygan Rozkoszy 2026,Stout - Imperial / Double Pastry,9.8,Harpagan Craft Beer,Poland,Putoja 2026
1600682417,2026-09-11,3.8,"","",Ryezidskie,Historical Beer - Grodziskie / Grätzer,3.0,Freigeist Bierkultur,Germany,Putoja 2026
1600682434,2026-09-11,4.0,"",Finland,Rye Combustion,IPA - Rye,6.5,Maktoob Brewing,Romania,Putoja Craft Beer Festival
1600682500,2026-09-11,5.0,"","",MBCFI 2024 Bourbon Barley Wine Collaboration,Barleywine - Other,11.3,OY Brewing,Faroe Islands,Sakiškės Brewery (Sakiškių Alus)
1600682516,2026-09-11,4.5,"","",MBCFI 2024 Collaboration Barley Wine Oloroso,Barleywine - Other,11.3,OY Brewing,Faroe Islands,Sakiškės Brewery (Sakiškių Alus)
1600682552,2026-09-11,4.0,"","",Pearfection,Sour - Fruited Gose,8.0,Nurme,Latvia,Putoja 2026
1600682596,2026-09-11,3.3,Skalbimo miltelia Dpsia/Tide,"",700 Años México-Tenochtitlan,Other,0.0,Yeccan Cervecería,Mexico,Putoja 2026
1600682663,2026-09-11,4.0,"","",Ryezidskie,Historical Beer - Grodziskie / Grätzer,3.0,Freigeist Bierkultur,Germany,Putoja 2026
1600682695,2026-09-11,3.5,"","",Gerda,Freeze-Distilled Beer,18.5,Browar Spółdzielczy,Poland,
1600682913,2026-09-11,4.0,"","",Powab Oprycha 2026,IPA - Imperial / Double New England / Hazy,7.5,Harpagan Craft Beer,Poland,Putoja 2026
1600682939,2026-09-11,5.0,"","",MBCFI 2024 Collaboration Barley Wine Oloroso,Barleywine - Other,11.3,OY Brewing,Faroe Islands,Sakiškės Brewery (Sakiškių Alus)
1600682958,2026-09-11,4.3,Заебца неіпка!,"",Forest Folly,IPA - Imperial / Double New England / Hazy,8.0,Sudden Death Brewing Co.,Germany,Putoja 2026
1600682978,2026-09-11,4.5,"","",MBCFI 2024 Bourbon Barley Wine Collaboration,Barleywine - Other,11.3,OY Brewing,Faroe Islands,Sakiškės Brewery (Sakiškių Alus)
1600683030,2026-09-11,4.0,"Оказывается базу тоже надо было, ну ок",beer:cerveza:bier:birra:alus:piwo:bira:pivo:olut ,Rós,Cider - Traditional / Apfelwein,5.5,Nohoval Drinks Company Ltd,Ireland,Putoja 2026
1600683060,2026-09-11,2.8,"","",Pa Ķirbi (Barrel Aged),Stout - Other,6.4,Malduguns,Latvia,Putoja 2026
1600683129,2026-09-11,3.5,"",København,Ekstra,Lager - Dortmunder / Export,5.2,Švyturys,Lithuania,Protėviai
1600683143,2026-09-11,4.0,"",Vilnius,Good Soup,Sour - Tomato / Vegetable Gose,4.0,Nurme,Latvia,
1600683165,2026-09-11,2.8,"","",Złodziejskie,Spiced / Herbed Beer,5.0,Browar Spółdzielczy,Poland,
1600684165,2026-09-11,2.8,"",Šiauliai ,Disco Paradiso,IPA - Imperial / Double New England / Hazy,7.8,Galway Bay Brewery,Ireland,Putoja 2026
1600684188,2026-09-11,2.8,"","",Humulupu IPA,IPA - Session,5.0,Dundulis,Lithuania,
1600684204,2026-09-11,3.3,"","Södra Sunderbyn, Luleå, Sweden ",Simmoe,IPA - Imperial / Double,8.3,Fruition Brewing,United States,Putoja 2026
1600684296,2026-09-11,3.5,"","",Rindill,Mild - Other,4.0,Húsavík Öl,Iceland,Dūmų Fabrikas
1600684415,2026-09-11,4.3,"","",Gerda,Freeze-Distilled Beer,18.5,Browar Spółdzielczy,Poland,Putoja 2026
1600684575,2026-09-11,3.8,"","Haifa, IL",Forest Folly,IPA - Imperial / Double New England / Hazy,8.0,Sudden Death Brewing Co.,Germany,Putoja 2026
1600684595,2026-09-11,3.5,"","",Ryezidskie,Historical Beer - Grodziskie / Grätzer,3.0,Freigeist Bierkultur,Germany,Putoja 2026
1600684597,2026-09-11,3.5,"",Kaunas,Smoked Cedar Gose,Sour - Other Gose,5.2,Freigeist Bierkultur,Germany,Putoja 2026
1600684607,2026-09-11,3.8,"",Dunakeszi ,Corner Club,IPA - New England / Hazy,6.4,Galway Bay Brewery,Ireland,Putoja 2026
1600684792,2026-09-11,4.5,"","",Forest Folly,IPA - Imperial / Double New England / Hazy,8.0,Sudden Death Brewing Co.,Germany,Putoja 2026
1600684830,2026-09-11,4.0,"",Vilnius,Smoked Cedar Gose,Sour - Other Gose,5.2,Freigeist Bierkultur,Germany,Putoja 2026
1600684862,2026-09-11,4.0,"",Vilnius,Gerda (2026),Freeze-Distilled Beer,19.7,Browar Spółdzielczy,Poland,
1600684908,2026-09-11,4.5,"","",Gerda (2026),Freeze-Distilled Beer,19.7,Browar Spółdzielczy,Poland,Sakiškės Brewery (Sakiškių Alus)
1600684988,2026-09-11,3.0,"","",Smoked Cedar Gose,Sour - Other Gose,5.2,Freigeist Bierkultur,Germany,Putoja 2026
1600685006,2026-09-11,3.8,"","",Rye Combustion,IPA - Rye,6.5,Maktoob Brewing,Romania,Sakiškės Brewery (Sakiškių Alus)
1600685066,2026-09-11,3.3,"","",Corner Club,IPA - New England / Hazy,6.4,Galway Bay Brewery,Ireland,Le Meridien Golf And Spa Resort
1600685068,2026-09-11,3.8,"","",Goset Housussa,Sour - Fruited Gose,4.3,Panimoyhtiö Tuju,Finland,
1600685083,2026-09-11,4.0,"",Dunakeszi ,Disco Paradiso,IPA - Imperial / Double New England / Hazy,7.8,Galway Bay Brewery,Ireland,Putoja 2026
1600685090,2026-09-11,4.5,"","",Gerda (2026),Freeze-Distilled Beer,19.7,Browar Spółdzielczy,Poland,Putoja Craft Beer Festival
1600685239,2026-09-11,2.3,"","",Gintarinis (Amber),Pilsner - Other,4.6,Švyturys,Lithuania,Downtown Forest
1600685248,2026-09-11,4.5,"","",Gerda (2026),Freeze-Distilled Beer,19.7,Browar Spółdzielczy,Poland,Putoja Craft Beer Festival
1600685265,2026-09-11,4.0,"",Minsk,Gerda,Freeze-Distilled Beer,18.5,Browar Spółdzielczy,Poland,Putoja 2026
1600685370,2026-09-11,3.5,"",Minsk,"Čavun, Pilsner",Pilsner - Czech / Bohemian,4.4,Clef Brewery,Slovenia,Putoja 2026
1600685377,2026-09-11,3.3,"","",Špikis,Non-Alcoholic - Other Beer,0.0,Širvėnos bravoras DUNDULIS,Lithuania,Dėvėti
1600685441,2026-09-11,4.0,"",Vilnius,Rós Apple & Rhubarb Craft Cider 2017 Vintage,Cider - Other Fruit,5.5,Nohoval Drinks Company Ltd,Ireland,Putoja 2026
1600686977,2026-09-11,3.5,"",Lithuania,Mangos in the Garden,Sour - Fruited,9.0,Moksa Brewing Co,United States,Putoja 2026
1600686985,2026-09-11,4.3,"",Vilnius ,Pearfection,Sour - Fruited Gose,8.0,Nurme,Latvia,Dūmų Terasa
1600687012,2026-09-11,3.3,"","",Forest Folly,IPA - Imperial / Double New England / Hazy,8.0,Sudden Death Brewing Co.,Germany,Putoja 2026
1600687026,2026-09-11,3.8,"",Vilnius,Pear Ale,Farmhouse Ale - Saison,5.4,Scratch Brewing Company,United States,Putoja 2026
1600687031,2026-09-11,3.5,"","",Dank Orbit,IPA - American,7.0,Outer Range Brewing Co.,United States,Def Enjoy
1600687063,2026-09-11,4.3,"","",Gerda,Freeze-Distilled Beer,18.5,Browar Spółdzielczy,Poland,Sakiškės Brewery (Sakiškių Alus)
1600687094,2026-09-11,4.5,"",Vilnius,Gerda (2026),Freeze-Distilled Beer,19.7,Browar Spółdzielczy,Poland,Putoja 2026
1600687104,2026-09-11,3.5,"",Riga,Kleppur,IPA - Imperial / Double New England / Hazy,8.0,RVK Brewing Co,Iceland,Putoja 2026
1600687125,2026-09-11,4.0,"","",Fruit Expo: Apricot Sour,Sour - Fruited,4.6,Nova Runda,Croatia,Dūmų Fabrikas
1600687183,2026-09-11,3.5,"","",Tropical Fusion,IPA - New Zealand,5.8,TankBusters.Co,Poland,Putoja 2026
1600687210,2026-09-11,3.5,"","",Buzdygan Rozkoszy 2026,Stout - Imperial / Double Pastry,9.8,Harpagan Craft Beer,Poland,Shamanas Pot Shop
1600687271,2026-09-11,3.5,"","Helsinki, Finland",Watermelon Sour Ale,Sour - Fruited,3.9,Dūmų Brewery,Lithuania,Sakiškės Brewery (Sakiškių Alus)
1600687324,2026-09-11,3.5,"","",Brick By Brick,Red Ale - Other,5.2,Sudden Death Brewing Co.,Germany,Putoja 2026
1600687370,2026-09-11,3.8,"","",Fruit Expo: Apricot Sour,Sour - Fruited,4.6,Nova Runda,Croatia,
1600687408,2026-09-11,4.3,Oo!,Finland,Metulj,IPA - New England / Hazy,6.0,Clef Brewery,Slovenia,Putoja Craft Beer Festival
1600687450,2026-09-11,3.5,"",Wuppertal ,Brick By Brick,Red Ale - Other,5.2,Sudden Death Brewing Co.,Germany,Putoja 2026
1600687513,2026-09-11,5.0,"",Minsk,Buzdygan Rozkoszy 2026,Stout - Imperial / Double Pastry,9.8,Harpagan Craft Beer,Poland,Putoja 2026
1600687546,2026-09-11,3.8,"",Minsk,Tropical Fusion,IPA - New Zealand,5.8,TankBusters.Co,Poland,Putoja 2026
1600687570,2026-09-11,3.8,"",Vilnius,Brick By Brick,Red Ale - Other,5.2,Sudden Death Brewing Co.,Germany,Putoja 2026
1600687699,2026-09-11,3.3,"","Vilnius, Lithuania",The BeeKeeper Vol. 6,Sour - Smoothie / Pastry,6.8,TankBusters.Co,Poland,Dūmų Terasa
1600687728,2026-09-11,5.0,"","",Plum Première (1/26),Farmhouse Ale - Other,7.7,de Garde Brewing,United States,Putoja 2026
1600687810,2026-09-11,3.8,Пакутваць засталося нядоўга,"",Corner Club,IPA - New England / Hazy,6.4,Galway Bay Brewery,Ireland,Putoja Craft Beer Festival
1600687858,2026-09-11,3.3,"","",Yuzu Pils,Pilsner - Other,5.4,Fruition Brewing,United States,
1600687910,2026-09-11,3.8,"","",Disco Paradiso,IPA - Imperial / Double New England / Hazy,7.8,Galway Bay Brewery,Ireland,Putoja 2026
1600688147,2026-09-11,4.8,"",Lithuania,MBCFI 2024 Bourbon Barley Wine Collaboration,Barleywine - Other,11.3,OY Brewing,Faroe Islands,Putoja 2026
1600688866,2026-09-11,3.5,"","Helsinki, Finland",Sourvival Kit,Sour - Berliner Weisse,3.6,Húsavík Öl,Iceland,Putoja 2026
1600688879,2026-09-11,4.0,"","",Simmoe,IPA - Imperial / Double,8.3,Fruition Brewing,United States,Sakiškės Brewery (Sakiškių Alus)
1600688981,2026-09-11,4.0,"",Vilnius,Simmoe,IPA - Imperial / Double,8.3,Fruition Brewing,United States,
1600688991,2026-09-11,4.8,"",Minsk,MBCFI 2024 Bourbon Barley Wine Collaboration,Barleywine - Other,11.3,OY Brewing,Faroe Islands,Putoja 2026
1600688992,2026-09-11,3.0,"",Oslo,Smoked Cedar Gose,Sour - Other Gose,5.2,Freigeist Bierkultur,Germany,
1600689047,2026-09-11,4.0,"","",Gerda (2026),Freeze-Distilled Beer,19.7,Browar Spółdzielczy,Poland,Putoja 2026
1600689162,2026-09-11,4.0,"","",Gerda,Freeze-Distilled Beer,18.5,Browar Spółdzielczy,Poland,Putoja 2026
1600689335,2026-09-11,4.0,"","Helsinki, Finland",Metulj,IPA - New England / Hazy,6.0,Clef Brewery,Slovenia,Putoja 2026
1600689378,2026-09-11,4.3,"","",Ume-Chu (2026),Sour - Fruited,4.0,Minoh Beer,Japan,Putoja 2026
1600689411,2026-09-11,3.0,"","",Sommartider,Blonde / Golden Ale - Other,5.0,Wasa Brewing Company,Finland,
1600689471,2026-09-11,4.0,"",Minsk,The BeeKeeper Vol. 6,Sour - Smoothie / Pastry,6.8,TankBusters.Co,Poland,Putoja 2026
1600689472,2026-09-11,4.3,А и хорошечно!!!,beer:cerveza:bier:birra:alus:piwo:bira:pivo:olut ,Tropical Fusion,IPA - New Zealand,5.8,TankBusters.Co,Poland,Putoja 2026
1600689587,2026-09-11,4.0,"","",Gerda (2026),Freeze-Distilled Beer,19.7,Browar Spółdzielczy,Poland,Sakiškės Brewery (Sakiškių Alus)
1600689661,2026-09-11,3.0,"","",No Name,IPA - Session New England / Hazy,5.4,Malduguns,Latvia,Putoja 2026
1600689723,2026-09-11,2.5,"","",Esmeralda,Non-Alcoholic - Mead,0.0,Labietis. Pagan Brews,Latvia,Peri Peri
1600689724,2026-09-11,4.0,"",Kaunas,Himmber & Hveiti,Wheat Beer - Fruited,5.8,OY Brewing,Faroe Islands,Putoja 2026
1600689758,2026-09-11,3.5,"","",Ryezidskie,Historical Beer - Grodziskie / Grätzer,3.0,Freigeist Bierkultur,Germany,Putoja 2026
1600689803,2026-09-11,3.3,"","",The Petria Réserve,Wild Ale - American,7.0,de Garde Brewing,United States,
1600689978,2026-09-11,3.8,"",Riga,Pear Ale,Farmhouse Ale - Saison,5.4,Scratch Brewing Company,United States,Putoja 2026
1600690034,2026-09-11,4.3,Вкусно.,beer:cerveza:bier:birra:alus:piwo:bira:pivo:olut ,The BeeKeeper Vol. 6,Sour - Smoothie / Pastry,6.8,TankBusters.Co,Poland,Putoja 2026
1600690094,2026-09-11,3.5,"","",Himmber & Hveiti,Wheat Beer - Fruited,5.8,OY Brewing,Faroe Islands,Putoja 2026
1600690205,2026-09-11,3.5,"","",Dark Mild,Lager - Dark,4.0,Húsavík Öl,Iceland,
1600690420,2026-09-11,0.3,no no no,"",Good Soup,Sour - Tomato / Vegetable Gose,4.0,Nurme,Latvia,Pirtelė
1600690450,2026-09-11,4.8,"","",The Petria Réserve,Wild Ale - American,7.0,de Garde Brewing,United States,Putoja 2026
1600690509,2026-09-11,4.0,"",Lithuania,Flow State,Stout - Milk / Sweet,9.0,Mount Brewing Co ,New Zealand,Putoja 2026
1600691306,2026-09-11,4.0,"",Lithuania,Rhapsody,IPA - Cold,7.0,Green Head,Poland,Putoja 2026
1600691352,2026-09-11,3.8,"",Planet Earth,Goset Housussa,Sour - Fruited Gose,4.3,Panimoyhtiö Tuju,Finland,Putoja Craft Beer Festival
1600691391,2026-09-11,3.3,"","Haifa, IL",The Trifecta,IPA - New Zealand,6.5,Mount Brewing Co ,New Zealand,Putoja 2026
1600691418,2026-09-11,4.0,"","",Triple IPA,IPA - Triple,8.5,Dūmų Brewery,Lithuania,Putoja 2026
1600691468,2026-09-11,3.8,Skalaujams,Vilnius,No Name,IPA - Session New England / Hazy,5.4,Malduguns,Latvia,Putoja Craft Beer Festival
1600691500,2026-09-11,4.0,Польскае трэба піць у Польшчы!,"Belarus, Minsk",Tropical Fusion,IPA - New Zealand,5.8,TankBusters.Co,Poland,Putoja 2026
1600691506,2026-09-11,3.5,"","",Powab Oprycha 2026,IPA - Imperial / Double New England / Hazy,7.5,Harpagan Craft Beer,Poland,PERI PERI restas
1600691554,2026-09-11,3.8,Пойдзе,beer:cerveza:bier:birra:alus:piwo:bira:pivo:olut ,Rose Pepper APA,Pale Ale - American,5.0,Browar Spółdzielczy,Poland,Putoja 2026
1600691717,2026-09-11,4.0,"","",Metulj,IPA - New England / Hazy,6.0,Clef Brewery,Slovenia,Putoja Craft Beer Festival
1600691719,2026-09-11,3.3,Kvapas,"",No Name,IPA - Session New England / Hazy,5.4,Malduguns,Latvia,
1600691784,2026-09-11,4.0,"","",PLUM GOSE,Sour - Fruited Gose,4.5,Minoh Beer,Japan,Putoja 2026
1600691788,2026-09-11,4.0,"",Wuppertal,Total Eclipse of the Hops,IPA - Imperial / Double,8.0,Smiðjan Brugghús,Iceland,Putoja Craft Beer Festival
1600691957,2026-09-11,4.0,"","",Foeder-Aged Wild Grapevine,Farmhouse Ale - Other,6.2,Scratch Brewing Company,United States,Putoja 2026
1600691977,2026-09-11,4.0,"",Wuppertal ,Smoked Cedar Gose,Sour - Other Gose,5.2,Freigeist Bierkultur,Germany,Putoja 2026
1600692021,2026-09-11,4.5,"","",Blackberry X Blueberry X Mango X Pineapple X Peanut Butter Smoothie Sour Ale,Sour - Smoothie / Pastry,4.5,Ārpus Brewing Co.,Latvia,Pavilniu Regioninis Parkas
1600692022,2026-09-11,3.5,"","",Watermelon Sour Ale,Sour - Fruited,3.9,Dūmų Brewery,Lithuania,Putoja 2026
1600692156,2026-09-11,4.0,"",Planet Earth,Minoh Ume Sour,Sour - Other,5.5,Minoh Beer,Japan,Putoja Craft Beer Festival
1600692161,2026-09-11,3.5,"","",Dubults IPA,IPA - American,7.2,Dundulis,Lithuania,Dėvėti
1600692171,2026-09-11,4.0,"",Vilnius,Pearfection,Sour - Fruited Gose,8.0,Nurme,Latvia,Putoja 2026
1600692188,2026-09-11,4.0,"","",Minoh Kokusan Momo Weizen (国産桃ヴァイツェン),Wheat Beer - Fruited,5.0,Minoh Beer,Japan,Putoja 2026
1600692208,2026-09-11,4.0,"","",Delicate Summer,Mead - Braggot,6.5,Artūras Masiliauskas,Lithuania,Dūmų Fabrikas
1600692383,2026-09-11,4.0,"","",Pearfection,Sour - Fruited Gose,8.0,Nurme,Latvia,
1600692647,2026-09-11,3.3,"","Södra Sunderbyn, Luleå, Sweden ",Rose Brut,Grape Ale - Other,6.8,Cerveza 7 Vidas,Peru,Putoja 2026
1600692708,2026-09-11,4.3,"","",Freestyle 2026,IPA - Imperial / Double New England / Hazy,8.0,Omnipollo,Sweden,Nisha Craft Capital
1600692723,2026-09-11,4.3,"Ну працягваем, не так і шмат засталося","Belarus, Minsk",The BeeKeeper Vol. 6,Sour - Smoothie / Pastry,6.8,TankBusters.Co,Poland,Putoja 2026
1600693605,2026-09-11,4.0,"","",The Finer Points of Bad Behavior Volume XXX: Peach & Brettanomyces Bruxellensis,Farmhouse Ale - Saison,6.1,is/was brewing,United States,Sakiškės Brewery (Sakiškių Alus)
1600693608,2026-09-11,3.8,"","",Aroniju Humpaliņa,Wild Ale - Other,5.9,Labietis. Pagan Brews,Latvia,Sakiškės Brewery (Sakiškių Alus)
1600693656,2026-09-11,3.8,"","",S.O.D (Sound of Distortion - Margarita),Sour - Fruited Gose,5.0,Craftrock Brewing,Japan,Putoja 2026
1600693659,2026-09-11,3.5,Фарэрцы,"",Mjørkareinsari,Lager - IPL (India Pale Lager),5.5,OY Brewing,Faroe Islands,
1600693835,2026-09-11,3.3,"","Haifa, IL",Gossip Mate 奇兰爱吃瓜,Cider - Other,3.0,Sheng Craft Beer (山乘酿造),China / People's Republic of China,Putoja 2026
1600693988,2026-09-11,3.8,"",Vilnius,Mjørkareinsari,Lager - IPL (India Pale Lager),5.5,OY Brewing,Faroe Islands,Putoja 2026
1600693995,2026-09-11,3.3,"","",Rose Brut,Grape Ale - Other,6.8,Cerveza 7 Vidas,Peru,Putoja 2026
1600694111,2026-09-11,4.5,"",Lithuania,MBCFI 2024 Collaboration Barley Wine Oloroso,Barleywine - Other,11.3,OY Brewing,Faroe Islands,Putoja Craft Beer Festival
1600694162,2026-09-11,3.5,"","",Gerda,Freeze-Distilled Beer,18.5,Browar Spółdzielczy,Poland,Putoja 2026
1600694201,2026-09-11,3.3,"",Riga,Fruit Expo: Berliner Weisse With Lime,Sour - Fruited Berliner Weisse,4.6,Nova Runda,Croatia,Putoja 2026
1600694211,2026-09-11,4.3,"",Vilnius,Disco Paradiso,IPA - Imperial / Double New England / Hazy,7.8,Galway Bay Brewery,Ireland,
1600694276,2026-09-11,3.3,Čiūžinys,"","Čavun, Pilsner",Pilsner - Czech / Bohemian,4.4,Clef Brewery,Slovenia,
1600694374,2026-09-11,3.8,"",Kaunas,Rose Brut,Grape Ale - Other,6.8,Cerveza 7 Vidas,Peru,Putoja 2026
1600694433,2026-09-11,4.5,"",Minsk,MBCFI 2024 Collaboration Barley Wine Oloroso,Barleywine - Other,11.3,OY Brewing,Faroe Islands,Putoja 2026
1600694453,2026-09-11,3.8,"","",Mango Passionfruit Skyrsour,Sour - Fruited,4.5,Smiðjan Brugghús,Iceland,Sakiškės Brewery (Sakiškių Alus)
1600694514,2026-09-11,3.3,"",Riga,Fruit Expo: Apricot Sour,Sour - Fruited,4.6,Nova Runda,Croatia,Putoja 2026
1600694516,2026-09-11,4.5,"","",MBCFI 2024 Collaboration Barley Wine Oloroso,Barleywine - Other,11.3,OY Brewing,Faroe Islands,Putoja 2026
1600694526,2026-09-11,4.3,"",Wuppertal,Smoked Cedar Gose,Sour - Other Gose,5.2,Freigeist Bierkultur,Germany,Putoja 2026
1600694564,2026-09-11,2.5,"","",Złodziejskie,Spiced / Herbed Beer,5.0,Browar Spółdzielczy,Poland,Perono Parkas
1600694808,2026-09-11,4.3,"",Vilnius,MBCFI 2024 Collaboration Barley Wine Oloroso,Barleywine - Other,11.3,OY Brewing,Faroe Islands,Putoja 2026
1600694838,2026-09-11,4.0,"","Helsinki, Finland",Brick By Brick,Red Ale - Other,5.2,Sudden Death Brewing Co.,Germany,Putoja Craft Beer Festival
1600694861,2026-09-11,3.5,"","",Brick By Brick,Red Ale - Other,5.2,Sudden Death Brewing Co.,Germany,Putoja 2026
1600694868,2026-09-11,2.0,"","",Bauskas Klasika 1981,Lager - Other,5.0,Bauskas Alus,Latvia,
1600694969,2026-09-11,3.8,"","",Audacity of Huge,IPA - New England / Hazy,6.0,Hop Hooligans,Romania,
1600695029,2026-09-11,3.3,"","",Rose Brut,Grape Ale - Other,6.8,Cerveza 7 Vidas,Peru,Putoja 2026
1600695733,2026-09-11,3.3,"","",The Finer Points of Bad Behavior Volume XXII: Peaches & Brettanomyces Bruxellensis,Farmhouse Ale - Brett,6.1,is/was brewing,United States,Putoja 2026
1600695908,2026-09-11,4.0,А мне нравится.,beer:cerveza:bier:birra:alus:piwo:bira:pivo:olut ,I'M GREEN,Sour - Smoothie / Pastry,6.0,Green Head,Poland,Putoja 2026
1600695971,2026-09-11,4.0,"","",Pa Ķirbi,Stout - Imperial / Double,9.0,Malduguns,Latvia,Putoja 2026
1600695987,2026-09-11,3.8,"",Planet Earth,Rose Brut,Grape Ale - Other,6.8,Cerveza 7 Vidas,Peru,Putoja Craft Beer Festival
1600696010,2026-09-11,3.8,"","",Mango Passionfruit Skyrsour,Sour - Fruited,4.5,Smiðjan Brugghús,Iceland,Sakiškės Brewery (Sakiškių Alus)
1600696050,2026-09-11,4.0,"",Vilnius,Aroniju Humpaliņa,Wild Ale - Other,5.9,Labietis. Pagan Brews,Latvia,
1600696070,2026-09-11,3.5,"","",Pink Zing,Sour - Fruited,4.0,Hop Hooligans,Romania,
1600696144,2026-09-11,3.5,"","Haifa, IL",Simmoe,IPA - Imperial / Double,8.3,Fruition Brewing,United States,Putoja 2026
1600696286,2026-09-11,0.0,"",Finland,Rindill,Mild - Other,4.0,Húsavík Öl,Iceland,Putoja Craft Beer Festival
1600696308,2026-09-11,4.0,"","",Fruit Expo: Berliner Weisse With Lime,Sour - Fruited Berliner Weisse,4.6,Nova Runda,Croatia,Putoja Craft Beer Festival
1600696372,2026-09-11,3.8,"",Wuppertal,Corner Club,IPA - New England / Hazy,6.4,Galway Bay Brewery,Ireland,Putoja 2026
1600696380,2026-09-11,0.0,"","","San Miguel 0,0 (Sin)",Non-Alcoholic - Lager,0.0,Grupo Mahou-San Miguel,Spain,Plius Plius Plius
1600696414,2026-09-11,4.0,"","",Rose Brut,Grape Ale - Other,6.8,Cerveza 7 Vidas,Peru,Putoja 2026
1600696636,2026-09-11,3.8,"",Lithuania,Fruit Expo: Berliner Weisse With Lime,Sour - Fruited Berliner Weisse,4.6,Nova Runda,Croatia,Putoja 2026
1600696649,2026-09-11,3.8,"","",Pearfection,Sour - Fruited Gose,8.0,Nurme,Latvia,Putoja 2026
1600696701,2026-09-11,3.8,"","",Czech Fraud,Pilsner - Czech / Bohemian,5.0,Panimoyhtiö Tuju,Finland,Putoja Craft Beer Festival
1600696804,2026-09-11,3.5,"","",Mjørkareinsari,Lager - IPL (India Pale Lager),5.5,OY Brewing,Faroe Islands,Sakiškės Brewery (Sakiškių Alus)
1600696815,2026-09-11,4.3,"","",Disco Paradiso,IPA - Imperial / Double New England / Hazy,7.8,Galway Bay Brewery,Ireland,Putoja 2026
1600696826,2026-09-11,4.5,"",Minsk,Gossip Mate 奇兰爱吃瓜,Cider - Other,3.0,Sheng Craft Beer (山乘酿造),China / People's Republic of China,Putoja 2026
1600697008,2026-09-11,0.0,"","",Saison Dègel,Farmhouse Ale - Saison,5.3,is/was brewing,United States,
1600697021,2026-09-11,4.0,"","",Kisel: Passion Fruit & Mango,Sour - Fruited Gose,3.8,Sofia Electric Brewing ,Bulgaria,Dūmų Fabrikas
1600697149,2026-09-11,4.0,"","",Corner Club,IPA - New England / Hazy,6.4,Galway Bay Brewery,Ireland,Putoja 2026
1600697179,2026-09-11,3.0,"","",Rhapsody,IPA - Cold,7.0,Green Head,Poland,Rapces Vonia
1600697206,2026-09-11,4.5,"",Vilnius ,Simmoe,IPA - Imperial / Double,8.3,Fruition Brewing,United States,Dūmų Terasa
1600697491,2026-09-11,4.0,Хорошо.,beer:cerveza:bier:birra:alus:piwo:bira:pivo:olut ,Rhapsody,IPA - Cold,7.0,Green Head,Poland,Putoja 2026
1600698022,2026-09-11,4.3,Так ну тут пачаўся стрыптыз,"Belarus, Minsk",Powab Oprycha 2026,IPA - Imperial / Double New England / Hazy,7.5,Harpagan Craft Beer,Poland,Putoja 2026
1600698055,2026-09-11,0.0,"","",I'M GREEN,Sour - Smoothie / Pastry,6.0,Green Head,Poland,Pučkorių Piliakalnis
1600698144,2026-09-11,4.0,Мне песда,"",Total Eclipse of the Hops,IPA - Imperial / Double,8.0,Smiðjan Brugghús,Iceland,Dūmų Terasa
1600698230,2026-09-11,4.3,"","",Himmber & Hveiti,Wheat Beer - Fruited,5.8,OY Brewing,Faroe Islands,Putoja 2026
1600698291,2026-09-11,0.0,"",Peru,Zódóma,IPA - New England / Hazy,6.0,RVK Brewing Co,Iceland,Sakiškės Brewery (Sakiškių Alus)
1600698323,2026-09-11,3.0,"",Vilnius,Delicate Summer,Mead - Braggot,6.5,Artūras Masiliauskas,Lithuania,Putoja 2026
1600698342,2026-09-11,3.8,"",Šiauliai ,Corner Club,IPA - New England / Hazy,6.4,Galway Bay Brewery,Ireland,Putoja 2026
1600698592,2026-09-11,3.8,"",Vilnius,Sourvival Kit,Sour - Berliner Weisse,3.6,Húsavík Öl,Iceland,Putoja 2026
1600698775,2026-09-11,3.5,"",Vilnius,"Čavun, Pilsner",Pilsner - Czech / Bohemian,4.4,Clef Brewery,Slovenia,
1600698842,2026-09-11,4.0,Хорошо.,beer:cerveza:bier:birra:alus:piwo:bira:pivo:olut ,Powab Oprycha 2026,IPA - Imperial / Double New England / Hazy,7.5,Harpagan Craft Beer,Poland,Putoja 2026
1600698905,2026-09-11,4.0,"","",Disco Paradiso,IPA - Imperial / Double New England / Hazy,7.8,Galway Bay Brewery,Ireland,Sakiškės Brewery (Sakiškių Alus)
1600699097,2026-09-11,3.8,"","Helsinki, Finland",Ryezidskie,Historical Beer - Grodziskie / Grätzer,3.0,Freigeist Bierkultur,Germany,Putoja Craft Beer Festival
1600699135,2026-09-11,4.0,"",Wuppertal ,Simmoe,IPA - Imperial / Double,8.3,Fruition Brewing,United States,Putoja 2026
1600699140,2026-09-11,4.3,Пад стрыптыз канешне весялей п'ецца,"Belarus, Minsk",Buzdygan Rozkoszy 2026,Stout - Imperial / Double Pastry,9.8,Harpagan Craft Beer,Poland,Putoja 2026
1600699151,2026-09-11,4.0,"",Vilnius,Rindill,Mild - Other,4.0,Húsavík Öl,Iceland,Putoja 2026
1600699170,2026-09-11,4.3,"",Brasov,The Doorway Effect,IPA - Imperial / Double New England / Hazy,8.0,Verdant Brewing Co,England,Nisha Craft Capital
1600699214,2026-09-11,4.0,"",Vilnius ,Zódóma,IPA - New England / Hazy,6.0,RVK Brewing Co,Iceland,Dūmų Terasa
1600699381,2026-09-11,3.8,"","",Himmber & Hveiti,Wheat Beer - Fruited,5.8,OY Brewing,Faroe Islands,Putoja 2026
1600699429,2026-09-11,3.3,"","",July Morning,Pilsner - Czech / Bohemian,4.4,Sofia Electric Brewing ,Bulgaria,Dūmų Terasa
1600699536,2026-09-11,3.5,"","",Mjørkareinsari,Lager - IPL (India Pale Lager),5.5,OY Brewing,Faroe Islands,Putoja 2026
1600699642,2026-09-11,4.0,"","",The Trifecta,IPA - New Zealand,6.5,Mount Brewing Co ,New Zealand,Dūmų Fabrikas
1600699725,2026-09-11,3.5,"","",Humulupu IPA,IPA - Session,5.0,Dundulis,Lithuania,Gringo Pub
1600699757,2026-09-11,3.8,"","",GORYO,Farmhouse Ale - Saison,5.0,Craftrock Brewing,Japan,Putoja 2026
1600699769,2026-09-11,4.0,Здаецца першы Колд за фэст,"Belarus, Minsk",Rhapsody,IPA - Cold,7.0,Green Head,Poland,Putoja 2026
1600699790,2026-09-11,4.0,Кофеек более менее.,beer:cerveza:bier:birra:alus:piwo:bira:pivo:olut ,Buzdygan Rozkoszy 2026,Stout - Imperial / Double Pastry,9.8,Harpagan Craft Beer,Poland,Putoja 2026
1600700992,2026-09-11,4.0,"","",Minoh Kokusan Momo Weizen - Wase (国産桃ヴァイツェン 早生),Wheat Beer - Fruited,5.0,Minoh Beer,Japan,Putoja 2026
1600701163,2026-09-11,3.8,"","",Disco Paradiso,IPA - Imperial / Double New England / Hazy,7.8,Galway Bay Brewery,Ireland,Putoja 2026
1600701190,2026-09-11,3.8,"","",Kisel,Sour - Traditional Gose,4.0,Sofia Electric Brewing ,Bulgaria,
1600701231,2026-09-11,3.5,"",Vilnius,Róża Wiatrów,Pale Ale - Other,5.0,Browar Spółdzielczy,Poland,Putoja 2026
1600701254,2026-09-11,4.0,"","",IPUTĖ (Little IPA),IPA - American,5.1,Craft & Draft Brewpub & Whiskey,Lithuania,Craft & Draft
1600701300,2026-09-11,3.5,Špaigals,"",Saison Dègel,Farmhouse Ale - Saison,5.3,is/was brewing,United States,
1600701360,2026-09-11,1.0,"","",Gossip Mate 奇兰爱吃瓜,Cider - Other,3.0,Sheng Craft Beer (山乘酿造),China / People's Republic of China,Putoja 2026
1600701432,2026-09-11,4.0,"",Lithuania,Mango Milkshake IPA,IPA - Milkshake,6.1,Cerveza 7 Vidas,Peru,Putoja 2026
1600701562,2026-09-11,3.0,"","",Rindill,Mild - Other,4.0,Húsavík Öl,Iceland,Putoja 2026
1600701618,2026-09-11,3.5,"","",Yuzu Pils,Pilsner - Other,5.4,Fruition Brewing,United States,
1600701620,2026-09-11,4.3,"","",The Petria Réserve,Wild Ale - American,7.0,de Garde Brewing,United States,Putoja 2026
1600701635,2026-09-11,3.0,"",Vilnius,GORYO,Farmhouse Ale - Saison,5.0,Craftrock Brewing,Japan,Putoja 2026
1600701667,2026-09-11,4.3,"",Vilnius ,Dank Orbit,IPA - American,7.0,Outer Range Brewing Co.,United States,Def Enjoy
1600701687,2026-09-11,3.8,"",Vilnius,Zódóma,IPA - New England / Hazy,6.0,RVK Brewing Co,Iceland,Putoja 2026
1600701768,2026-09-11,4.5,"",Planet Earth,Tropical Fusion,IPA - New Zealand,5.8,TankBusters.Co,Poland,Putoja Craft Beer Festival
1600701840,2026-09-11,3.5,"",Minsk,Stonewell/Finbarra Dry Irish Craft Cider,Cider - Dry,5.5,Nohoval Drinks Company Ltd,Ireland,Putoja 2026
1600701860,2026-09-11,3.5,"","",Himmber & Hveiti,Wheat Beer - Fruited,5.8,OY Brewing,Faroe Islands,
1600701885,2026-09-11,4.5,"",Vilnius ,Foeder Beer,Farmhouse Ale - Other,6.7,Scratch Brewing Company,United States,Dūmų Terasa
1600701908,2026-09-11,4.0,"",Vilnius,Mangos in the Garden,Sour - Fruited,9.0,Moksa Brewing Co,United States,Putoja 2026
1600701935,2026-09-11,3.8,"","",Rindill,Mild - Other,4.0,Húsavík Öl,Iceland,Sakiškės Brewery (Sakiškių Alus)
1600701998,2026-09-11,4.0,"",Vilnius,The Petria Réserve,Wild Ale - American,7.0,de Garde Brewing,United States,Putoja 2026
1600702215,2026-09-11,2.0,"",Riga,Złodziejskie,Spiced / Herbed Beer,5.0,Browar Spółdzielczy,Poland,Putoja 2026
1600702219,2026-09-11,4.3,"","Helsinki, Finland",Corner Club,IPA - New England / Hazy,6.4,Galway Bay Brewery,Ireland,Putoja Craft Beer Festival
1600702290,2026-09-11,4.0,"",Alpha Centauri ,Disco Paradiso,IPA - Imperial / Double New England / Hazy,7.8,Galway Bay Brewery,Ireland,Sakiškės Brewery (Sakiškių Alus)
1600702304,2026-09-11,4.5,"Хорошо, скулы сводит, отлично",Minsk,Saison Dègel,Farmhouse Ale - Saison,5.3,is/was brewing,United States,Putoja 2026
1600703443,2026-09-11,4.0,Канец!,"",Kleppur,IPA - Imperial / Double New England / Hazy,8.0,RVK Brewing Co,Iceland,Dūmų Terasa
1600703463,2026-09-11,2.8,"",Vilnius,Plum Première (1/26),Farmhouse Ale - Other,7.7,de Garde Brewing,United States,Putoja 2026
1600703502,2026-09-11,2.8,"",Vilnius,"Čavun, Pilsner",Pilsner - Czech / Bohemian,4.4,Clef Brewery,Slovenia,Putoja 2026
1600703526,2026-09-11,3.5,"","",Ume-Chu (2026),Sour - Fruited,4.0,Minoh Beer,Japan,Putoja Craft Beer Festival
1600703541,2026-09-11,4.0,"",Vilnius,Gerda,Freeze-Distilled Beer,18.5,Browar Spółdzielczy,Poland,Putoja 2026
1600703608,2026-09-11,4.0,"","",Naktenis,Porter - Baltic,8.6,Malduguns,Latvia,Putoja 2026
1600703828,2026-09-11,4.5,"","",Plum Première (1/26),Farmhouse Ale - Other,7.7,de Garde Brewing,United States,Putoja 2026
1600703862,2026-09-11,3.8,"","",Stonewell/Finbarra Dry Irish Craft Cider,Cider - Dry,5.5,Nohoval Drinks Company Ltd,Ireland,Putoja 2026
1600703968,2026-09-11,3.0,Зачем,Minsk,Rindill,Mild - Other,4.0,Húsavík Öl,Iceland,Putoja 2026
1600704000,2026-09-11,3.3,"","",Simmoe,IPA - Imperial / Double,8.3,Fruition Brewing,United States,Putoja 2026
1600704005,2026-09-11,4.3,"","",Kisel: Passion Fruit & Mango,Sour - Fruited Gose,3.8,Sofia Electric Brewing ,Bulgaria,Sakiškės Brewery (Sakiškių Alus)
1600704133,2026-09-11,4.0,"",Lithuania,EN RIKTIG ØL,IPA - New England / Hazy,6.9,Wasa Brewing Company,Finland,Putoja Craft Beer Festival
1600704289,2026-09-11,4.5,"","",Rindill,Mild - Other,4.0,Húsavík Öl,Iceland,Putoja 2026
1600704300,2026-09-11,4.0,"","",The Finer Points of Bad Behavior Volume XXVIII: Rhubarb & Brettanomyces Lambicus,Fruit Beer,6.1,is/was brewing,United States,Dūmų Fabrikas
1600704352,2026-09-11,4.5,"","",Gossip Mate 奇兰爱吃瓜,Cider - Other,3.0,Sheng Craft Beer (山乘酿造),China / People's Republic of China,Putoja 2026
1600704444,2026-09-11,3.3,"",Vilnius,Rindill,Mild - Other,4.0,Húsavík Öl,Iceland,Putoja 2026
1600704459,2026-09-11,0.0,"","",GORYO,Farmhouse Ale - Saison,5.0,Craftrock Brewing,Japan,Putoja 2026
1600704487,2026-09-11,4.0,"","",No Name,IPA - Session New England / Hazy,5.4,Malduguns,Latvia,Putoja 2026
1600704645,2026-09-11,3.8,"","",Kleppur,IPA - Imperial / Double New England / Hazy,8.0,RVK Brewing Co,Iceland,Putoja 2026
1600704646,2026-09-11,4.8,"","",Moon Rebooted,Cider - Other Fruit,3.0,Sheng Craft Beer (山乘酿造),China / People's Republic of China,Putoja 2026
1600704682,2026-09-11,3.0,"","Vilnius, Lithuania",S.O.D (Sound of Distortion - Margarita),Sour - Fruited Gose,5.0,Craftrock Brewing,Japan,Dūmų Terasa
1600704717,2026-09-11,3.8,"","",The Finer Points of Bad Behavior Volume XXVIII: Rhubarb & Brettanomyces Lambicus,Fruit Beer,6.1,is/was brewing,United States,
1600704855,2026-09-11,4.3,"",Minsk,Powab Oprycha 2026,IPA - Imperial / Double New England / Hazy,7.5,Harpagan Craft Beer,Poland,Putoja 2026
1600704949,2026-09-11,3.8,"","",Sourvival Kit,Sour - Berliner Weisse,3.6,Húsavík Öl,Iceland,Putoja 2026
1600705084,2026-09-11,3.8,"",Minsk,Sourvival Kit,Sour - Berliner Weisse,3.6,Húsavík Öl,Iceland,
1600706474,2026-09-11,4.8,"","",Saĺsa: Green Reaper & Habanero,Sour - Tomato / Vegetable Gose,4.0,Malanka,Belarus,Sakiškės Brewery (Sakiškių Alus)
1600706498,2026-09-11,3.8,"","",Czech Fraud,Pilsner - Czech / Bohemian,5.0,Panimoyhtiö Tuju,Finland,Putoja 2026
1600706537,2026-09-11,3.3,"","",I'M GREEN,Sour - Smoothie / Pastry,6.0,Green Head,Poland,Putoja 2026
1600706553,2026-09-11,4.0,"",Vilnius,Good Soup,Sour - Tomato / Vegetable Gose,4.0,Nurme,Latvia,Putoja 2026
1600706641,2026-09-11,4.3,"","",Saĺsa: Green Reaper & Habanero,Sour - Tomato / Vegetable Gose,4.0,Malanka,Belarus,Putoja 2026
1600706664,2026-09-11,4.0,"",Vilnius,Triple IPA,IPA - Triple,8.5,Dūmų Brewery,Lithuania,Putoja 2026
1600706733,2026-09-11,3.8,"","",Pearfection,Sour - Fruited Gose,8.0,Nurme,Latvia,Putoja 2026
1600706781,2026-09-11,4.5,"",Minsk,Buzdygan Rozkoszy 2026,Stout - Imperial / Double Pastry,9.8,Harpagan Craft Beer,Poland,Putoja 2026
1600706859,2026-09-11,3.0,"","",No Name,IPA - Session New England / Hazy,5.4,Malduguns,Latvia,Putoja 2026
1600706865,2026-09-11,3.0,"","Vilnius, Lithuania",Fruit Expo: Berliner Weisse With Lime,Sour - Fruited Berliner Weisse,4.6,Nova Runda,Croatia,Dūmų Terasa
1600706886,2026-09-11,3.8,"",Riga,Finer Points of Bad Behavior Volume Xviii With Brett. Brucellosis And Peach,Farmhouse Ale - Saison,6.1,is/was brewing,United States,Putoja 2026
1600706933,2026-09-11,3.8,"",Petts Wood,Anarkist New England IPA,IPA - New England / Hazy,5.4,Theodor Schiøtz Brewing Company,Denmark,Courtyard by Marriott Vilnius City Center
1600706944,2026-09-11,3.8,"","",Smoked Cedar Gose,Sour - Other Gose,5.2,Freigeist Bierkultur,Germany,Putoja 2026
1600706958,2026-09-11,0.0,"","",Stonewell/Finbarra Dry Irish Craft Cider,Cider - Dry,5.5,Nohoval Drinks Company Ltd,Ireland,Putoja Craft Beer Festival
1600707097,2026-09-11,3.8,"","",Too Long For Oolong,Sour - Fruited,5.0,OneTwo,Romania,Putoja 2026
1600707111,2026-09-11,4.5,"",Vilnius,Simmoe,IPA - Imperial / Double,8.3,Fruition Brewing,United States,Putoja 2026
1600707231,2026-09-11,4.0,А і норм пілзнерочак,"Belarus, Minsk","Čavun, Pilsner",Pilsner - Czech / Bohemian,4.4,Clef Brewery,Slovenia,Putoja 2026
1600707259,2026-09-11,3.0,"","Vilnius, Lithuania",Fruit Expo: Apricot Sour,Sour - Fruited,4.6,Nova Runda,Croatia,Dūmų Terasa
1600707348,2026-09-11,4.0,"","",Azacca One Love,IPA - Session New England / Hazy,5.0,Jungle Brewery,Belarus,Putoja 2026
1600707377,2026-09-11,4.5,"","",Gossip Mate 奇兰爱吃瓜,Cider - Other,3.0,Sheng Craft Beer (山乘酿造),China / People's Republic of China,Sakiškės Brewery (Sakiškių Alus)
1600707426,2026-09-11,0.0,"",Peru,Rindill,Mild - Other,4.0,Húsavík Öl,Iceland,Sakiškės Brewery (Sakiškių Alus)
1600707736,2026-09-11,4.5,"","",Saĺsa: Green Reaper & Habanero,Sour - Tomato / Vegetable Gose,4.0,Malanka,Belarus,Putoja 2026
1600707773,2026-09-11,3.5,"",Oslo,MBCFI 2024 Collaboration Barley Wine Oloroso,Barleywine - Other,11.3,OY Brewing,Faroe Islands,
1600707938,2026-09-11,3.5,"","Haifa, IL",I'M GREEN,Sour - Smoothie / Pastry,6.0,Green Head,Poland,Putoja 2026
1600707941,2026-09-11,2.8,"","",Smoked Cedar Gose,Sour - Other Gose,5.2,Freigeist Bierkultur,Germany,Putoja 2026
1600710052,2026-09-11,3.8,"","",Fruit Expo: Apricot Sour,Sour - Fruited,4.6,Nova Runda,Croatia,Putoja Craft Beer Festival
1600710054,2026-09-11,3.3,"","Haifa, IL",Foeder-Aged Wild Grapevine,Farmhouse Ale - Other,6.2,Scratch Brewing Company,United States,Putoja 2026
1600710059,2026-09-11,4.0,"","",Moksamosa: Boysenberry,Sour - Fruited,9.2,Moksa Brewing Co,United States,Putoja 2026
1600710088,2026-09-11,4.0,"","",Naktenis,Porter - Baltic,8.6,Malduguns,Latvia,Putoja 2026
1600710128,2026-09-11,3.0,"",Minsk,Rose Brut,Grape Ale - Other,6.8,Cerveza 7 Vidas,Peru,Putoja 2026
1600710129,2026-09-11,4.0,"","Vilnius, Lithuania",Rhapsody,IPA - Cold,7.0,Green Head,Poland,Dūmų Terasa
1600710212,2026-09-11,3.8,"",Minsk,Mango Milkshake IPA,IPA - Milkshake,6.1,Cerveza 7 Vidas,Peru,Putoja 2026
1600710244,2026-09-11,3.8,"","",Birra Moretti Zero,Non-Alcoholic - Lager,0.0,Birra Moretti,Italy,
1600710371,2026-09-11,3.5,"","",Baltijos,Märzen,5.8,Švyturys,Lithuania,Etno Dvaras
1600710387,2026-09-11,4.3,"",Riga,Audacity of Huge,IPA - New England / Hazy,6.0,Hop Hooligans,Romania,Putoja 2026
1600710392,2026-09-11,3.8,"","",Corner Club,IPA - New England / Hazy,6.4,Galway Bay Brewery,Ireland,Putoja 2026
1600710406,2026-09-11,3.8,"","",Cumowe Dry Stout,Stout - Irish Dry,5.5,Browar Spółdzielczy,Poland,
1600710699,2026-09-11,3.8,"",Vilnius,Flow State,Stout - Milk / Sweet,9.0,Mount Brewing Co ,New Zealand,Putoja 2026
1600710758,2026-09-11,4.0,"","",Total Eclipse of the Hops,IPA - Imperial / Double,8.0,Smiðjan Brugghús,Iceland,Putoja 2026
1600710838,2026-09-11,3.3,"","",Mjørkareinsari,Lager - IPL (India Pale Lager),5.5,OY Brewing,Faroe Islands,Putoja 2026
1600710844,2026-09-11,4.0,"Ничего, я в конце Феста больше придирчив, получается",beer:cerveza:bier:birra:alus:piwo:bira:pivo:olut ,Metulj,IPA - New England / Hazy,6.0,Clef Brewery,Slovenia,Putoja 2026
1600710866,2026-09-11,4.5,"",Vilnius,Moksamosa: Boysenberry,Sour - Fruited,9.2,Moksa Brewing Co,United States,Putoja 2026
1600710876,2026-09-11,3.5,"",Minsk,Mango Milkshake IPA,IPA - Milkshake,6.1,Cerveza 7 Vidas,Peru,Putoja 2026
1600710941,2026-09-11,3.8,"",Finland,Ryezidskie,Historical Beer - Grodziskie / Grätzer,3.0,Freigeist Bierkultur,Germany,Putoja Craft Beer Festival
1600711002,2026-09-11,4.0,"","",Disco Paradiso,IPA - Imperial / Double New England / Hazy,7.8,Galway Bay Brewery,Ireland,Putoja 2026
1600711039,2026-09-11,3.5,"",Wuppertal ,Pink Zing,Sour - Fruited,4.0,Hop Hooligans,Romania,Putoja 2026
1600711176,2026-09-11,3.3,"","Vilnius, Lithuania",I'M GREEN,Sour - Smoothie / Pastry,6.0,Green Head,Poland,Dūmų Terasa
1600711202,2026-09-11,4.0,"","Haifa, IL",The BeeKeeper Vol. 6,Sour - Smoothie / Pastry,6.8,TankBusters.Co,Poland,Putoja 2026
1600711251,2026-09-11,4.0,"",Minsk,The BeeKeeper Vol. 6,Sour - Smoothie / Pastry,6.8,TankBusters.Co,Poland,Putoja 2026
1600711272,2026-09-11,5.0,"",Planet Earth,Gossip Mate 奇兰爱吃瓜,Cider - Other,3.0,Sheng Craft Beer (山乘酿造),China / People's Republic of China,Putoja Craft Beer Festival
1600713085,2026-09-11,3.3,"","",Patrick Millah 2026,IPA - Session,6.0,Yeccan Cervecería,Mexico,
1600713107,2026-09-11,3.8,"",Vilnius,Goset Housussa,Sour - Fruited Gose,4.3,Panimoyhtiö Tuju,Finland,
1600713148,2026-09-11,4.8,My favorite,"",Mangos in the Garden,Sour - Fruited,9.0,Moksa Brewing Co,United States,Putoja 2026
1600713243,2026-09-11,3.8,Яшчэ крыху японшчыны,"Belarus, Minsk",Tepache S.O.D,Sour - Fruited Gose,5.0,Craftrock Brewing,Japan,Putoja 2026
1600713290,2026-09-11,4.0,"","",TDH Nectaron X Simcoe IPA,IPA - New England / Hazy,6.8,Ārpus Brewing Co.,Latvia,Тупичок Тупнячка
1600713315,2026-09-11,4.3,"",Wuppertal,Forest Folly,IPA - Imperial / Double New England / Hazy,8.0,Sudden Death Brewing Co.,Germany,Putoja 2026
1600713332,2026-09-11,3.8,"",Wuppertal ,Forest Folly,IPA - Imperial / Double New England / Hazy,8.0,Sudden Death Brewing Co.,Germany,FERMENTACIJA 2026
1600713333,2026-09-11,4.0,"","",Tropical Fusion,IPA - New Zealand,5.8,TankBusters.Co,Poland,Putoja 2026
1600713408,2026-09-11,3.0,"","",Foeder Beer,Farmhouse Ale - Other,6.7,Scratch Brewing Company,United States,Putoja 2026
1600713453,2026-09-11,3.5,"","Vilnius, Lithuania","Čavun, Pilsner",Pilsner - Czech / Bohemian,4.4,Clef Brewery,Slovenia,Dūmų Terasa
1600713562,2026-09-11,3.5,"","",Goset Housussa,Sour - Fruited Gose,4.3,Panimoyhtiö Tuju,Finland,Sakiškės Brewery (Sakiškių Alus)
1600713574,2026-09-11,3.8,"","",Fruit Expo: Berliner Weisse With Lime,Sour - Fruited Berliner Weisse,4.6,Nova Runda,Croatia,Dūmų Fabrikas
1600713575,2026-09-11,5.0,"",Planet Earth,Moon Rebooted,Cider - Other Fruit,3.0,Sheng Craft Beer (山乘酿造),China / People's Republic of China,Putoja Craft Beer Festival
1600713721,2026-09-11,4.0,"","",Crazy Lines Series: Knockout,IPA - Session New England / Hazy,4.9,Nepo Brewing,Poland,Pavilniu Regioninis Parkas
1600713731,2026-09-11,3.8,"","",Goset Housussa,Sour - Fruited Gose,4.3,Panimoyhtiö Tuju,Finland,Sakiškės Brewery (Sakiškių Alus)
1600713839,2026-09-11,3.8,"","",Moksamosa: Boysenberry,Sour - Fruited,9.2,Moksa Brewing Co,United States,Putoja 2026
1600713885,2026-09-11,3.5,"","Vilnius, Lithuania",Metulj,IPA - New England / Hazy,6.0,Clef Brewery,Slovenia,Dūmų Terasa
1600713946,2026-09-11,3.3,"","Södra Sunderbyn, Luleå, Sweden ",Sommartider,Blonde / Golden Ale - Other,5.0,Wasa Brewing Company,Finland,Putoja 2026
1600714020,2026-09-11,4.0,"","",Mangos in the Garden,Sour - Fruited,9.0,Moksa Brewing Co,United States,Dūmų Terasa
1600714030,2026-09-11,3.8,"","",Mushroom Shroom Shroom,Sour - Other Gose,4.8,BIERBANK,Belarus,Putoja 2026
1600714141,2026-09-11,4.0,"",Vilnius,Mushroom Shroom Shroom,Sour - Other Gose,4.8,BIERBANK,Belarus,Putoja 2026
1600714155,2026-09-11,4.5,"","",Kleppur,IPA - Imperial / Double New England / Hazy,8.0,RVK Brewing Co,Iceland,Putoja 2026
1600714157,2026-09-11,3.8,"",Vilnius,Brick By Brick,Red Ale - Other,5.2,Sudden Death Brewing Co.,Germany,
1600714190,2026-09-11,0.0,"",Finland,Watermelon Sour Ale,Sour - Fruited,3.9,Dūmų Brewery,Lithuania,Putoja Craft Beer Festival
1600714282,2026-09-11,4.0,"А вот и японцы. Американцы вкуснее конечно, но это неплохо.",beer:cerveza:bier:birra:alus:piwo:bira:pivo:olut ,GORYO,Farmhouse Ale - Saison,5.0,Craftrock Brewing,Japan,Putoja 2026
1600716339,2026-09-11,3.5,"","Södra Sunderbyn, Luleå, Sweden ",EN RIKTIG ØL,IPA - New England / Hazy,6.9,Wasa Brewing Company,Finland,Putoja 2026
1600716483,2026-09-11,3.0,"",Klaipeda,"Bionda, Blonde Ale",Blonde / Golden Ale - Other,0.0,Birra Forst,Italy,Grožio salonas Labela
1600716507,2026-09-11,3.5,"",Riga,Goset Housussa,Sour - Fruited Gose,4.3,Panimoyhtiö Tuju,Finland,Putoja 2026
1600716536,2026-09-11,4.5,"","",Brick By Brick,Red Ale - Other,5.2,Sudden Death Brewing Co.,Germany,Putoja 2026
1600716555,2026-09-11,3.5,"",Lithuania,Fruit Expo: Apricot Sour,Sour - Fruited,4.6,Nova Runda,Croatia,Putoja 2026
1600716579,2026-09-11,4.0,"","",Mushroom Shroom Shroom,Sour - Other Gose,4.8,BIERBANK,Belarus,Putoja 2026
1600716610,2026-09-11,4.3,"","",Dank Orbit,IPA - American,7.0,Outer Range Brewing Co.,United States,Def Enjoy
1600716665,2026-09-11,3.5,"",Minsk,Patrick Millah 2026,IPA - Session,6.0,Yeccan Cervecería,Mexico,Putoja 2026
1600716710,2026-09-11,3.3,"","",GORYO,Farmhouse Ale - Saison,5.0,Craftrock Brewing,Japan,Dūmų Fabrikas
1600716747,2026-09-11,0.0,"",Minsk,700,Lager - Mexican,4.8,Cervecería Skyline,Mexico,Putoja 2026
1600716778,2026-09-11,0.3,Nechutnis nealkoholinis pivečkis,"",Nealkoholinis,Non-Alcoholic - Lager,0.0,Kalnapilis Brewery,Lithuania,Solo Society
1600716840,2026-09-11,3.5,"",Vilnius,Złodziejskie,Spiced / Herbed Beer,5.0,Browar Spółdzielczy,Poland,
1600716909,2026-09-11,3.5,"","",Złodziejskie,Spiced / Herbed Beer,5.0,Browar Spółdzielczy,Poland,Sakiškės Brewery (Sakiškių Alus)
1600716922,2026-09-11,0.0,"","",Under Pressure,IPA - New England / Hazy,5.8,Browar Brokreacja,Poland,Local Pub
1600717027,2026-09-11,3.8,"",Vilnius,Rye Combustion,IPA - Rye,6.5,Maktoob Brewing,Romania,Putoja 2026
1600717029,2026-09-11,3.5,"","",Pear Ale,Farmhouse Ale - Saison,5.4,Scratch Brewing Company,United States,Sakiškės Brewery (Sakiškių Alus)
1600717107,2026-09-11,3.5,"","",Moksamosa: Boysenberry,Sour - Fruited,9.2,Moksa Brewing Co,United States,Putoja 2026
1600717312,2026-09-11,3.5,"",Riga,Czech Fraud,Pilsner - Czech / Bohemian,5.0,Panimoyhtiö Tuju,Finland,Putoja 2026
1600717355,2026-09-11,4.0,"","",Future Point,IPA - Imperial / Double New England / Hazy,7.5,Jungle Brewery,Belarus,Putoja 2026
1600717500,2026-09-11,4.0,"",Vilnius,Future Point,IPA - Imperial / Double New England / Hazy,7.5,Jungle Brewery,Belarus,Putoja 2026
1600717572,2026-09-11,4.5,"","Helsinki, Finland",Himmber & Hveiti,Wheat Beer - Fruited,5.8,OY Brewing,Faroe Islands,Putoja Craft Beer Festival
1600717575,2026-09-11,0.0,"","",Mushroom Shroom Shroom,Sour - Other Gose,4.8,BIERBANK,Belarus,Putoja 2026
1600717624,2026-09-11,4.0,"",Lithuania,Future Point,IPA - Imperial / Double New England / Hazy,7.5,Jungle Brewery,Belarus,Putoja 2026
1600717628,2026-09-11,3.8,А японцы приехали не одни. Но пиво такое себе.,beer:cerveza:bier:birra:alus:piwo:bira:pivo:olut ,Ume-Chu (2026),Sour - Fruited,4.0,Minoh Beer,Japan,Putoja 2026
1600717699,2026-09-11,3.8,Ну пшанічка ўгу,"Belarus, Minsk",Minoh Kokusan Momo Weizen - Wase (国産桃ヴァイツェン 早生),Wheat Beer - Fruited,5.0,Minoh Beer,Japan,Putoja 2026
1600719223,2026-09-11,5.0,"",Minsk,Pear Ale,Farmhouse Ale - Saison,5.4,Scratch Brewing Company,United States,Putoja 2026
1600719258,2026-09-11,3.8,A touch too light,"Helsinki, Finland",Mango Passionfruit Skyrsour,Sour - Fruited,4.5,Smiðjan Brugghús,Iceland,
1600719289,2026-09-11,3.5,"","",Bistrampolio Dvaro Šviesusis / Bistrampolio Dvaro Light / Muižas Gaišais Alus,Lager - Pale,5.0,Aukštaitijos Bravorai,Lithuania,Etno Dvaras
1600719344,2026-09-11,3.0,"","Vilnius, Lithuania",Goset Housussa,Sour - Fruited Gose,4.3,Panimoyhtiö Tuju,Finland,Dūmų Terasa
1600719398,2026-09-11,4.0,"",Minsk,Foeder-Aged Wild Grapevine,Farmhouse Ale - Other,6.2,Scratch Brewing Company,United States,Putoja 2026
1600719411,2026-09-11,3.8,"","",Czech Fraud,Pilsner - Czech / Bohemian,5.0,Panimoyhtiö Tuju,Finland,Putoja 2026
1600719523,2026-09-11,4.0,"","",Pear Ale,Farmhouse Ale - Saison,5.4,Scratch Brewing Company,United States,Sakiškės Brewery (Sakiškių Alus)
1600719649,2026-09-11,2.8,Bananas,"",Zódóma,IPA - New England / Hazy,6.0,RVK Brewing Co,Iceland,
1600719664,2026-09-11,4.5,"","",Moon Rebooted,Cider - Other Fruit,3.0,Sheng Craft Beer (山乘酿造),China / People's Republic of China,
1600719861,2026-09-11,4.0,"","Haifa, IL",Corner Club,IPA - New England / Hazy,6.4,Galway Bay Brewery,Ireland,Putoja 2026
1600719870,2026-09-11,3.8,"",Vilnius,Naktenis,Porter - Baltic,8.6,Malduguns,Latvia,Putoja 2026
1600719871,2026-09-11,4.0,"",Vilnius,Pear Ale,Farmhouse Ale - Saison,5.4,Scratch Brewing Company,United States,
1600720148,2026-09-11,4.0,"",Planet Earth,Aroniju Humpaliņa,Wild Ale - Other,5.9,Labietis. Pagan Brews,Latvia,Putoja Craft Beer Festival
1600720212,2026-09-11,4.0,"","",The BeeKeeper Vol. 6,Sour - Smoothie / Pastry,6.8,TankBusters.Co,Poland,Sakiškės Brewery (Sakiškių Alus)
1600720238,2026-09-11,4.0,"",Vilnius,The Trifecta,IPA - New Zealand,6.5,Mount Brewing Co ,New Zealand,Putoja 2026
1600720286,2026-09-11,3.8,"",Minsk,I'M GREEN,Sour - Smoothie / Pastry,6.0,Green Head,Poland,Putoja 2026
1600720372,2026-09-11,5.0,"",Minsk,Foeder-Aged Wild Grapevine,Farmhouse Ale - Other,6.2,Scratch Brewing Company,United States,Putoja 2026
1600720415,2026-09-11,3.5,"","",GORYO,Farmhouse Ale - Saison,5.0,Craftrock Brewing,Japan,Putoja Craft Beer Festival
1600720513,2026-09-11,3.8,"",Lithuania,I'M GREEN,Sour - Smoothie / Pastry,6.0,Green Head,Poland,Putoja 2026
1600720605,2026-09-11,3.0,"",Planet Earth,Delicate Summer,Mead - Braggot,6.5,Artūras Masiliauskas,Lithuania,Putoja Craft Beer Festival
1600720608,2026-09-11,3.5,"","",Plum Première (1/26),Farmhouse Ale - Other,7.7,de Garde Brewing,United States,Putoja 2026
1600720632,2026-09-11,3.5,"","",I'M GREEN,Sour - Smoothie / Pastry,6.0,Green Head,Poland,Putoja 2026
1600720728,2026-09-11,3.8,"",Lithuania,Rhapsody,IPA - Cold,7.0,Green Head,Poland,Putoja 2026
1600720745,2026-09-11,4.0,"Olga D. бы понравилось, хорошо.",beer:cerveza:bier:birra:alus:piwo:bira:pivo:olut ,Minoh Kokusan Momo Weizen - Wase (国産桃ヴァイツェン 早生),Wheat Beer - Fruited,5.0,Minoh Beer,Japan,Putoja 2026
1600720947,2026-09-11,4.0,"",Wuppertal,Aroniju Humpaliņa,Wild Ale - Other,5.9,Labietis. Pagan Brews,Latvia,Putoja 2026
1600721640,2026-09-11,4.5,"","",Pink Zing,Sour - Fruited,4.0,Hop Hooligans,Romania,Putoja 2026
1600721648,2026-09-11,3.3,"","Helsinki, Finland",Plum Première (1/26),Farmhouse Ale - Other,7.7,de Garde Brewing,United States,Putoja 2026
1600721703,2026-09-11,5.0,"","",Naktenis,Porter - Baltic,8.6,Malduguns,Latvia,
1600721945,2026-09-11,3.0,"",Riga,Triple IPA,IPA - Triple,8.5,Dūmų Brewery,Lithuania,Putoja 2026
1600721983,2026-09-11,4.5,"","",Naktenis,Porter - Baltic,8.6,Malduguns,Latvia,Dūmų Fabrikas
1600722051,2026-09-11,4.0,"","",Minoh Kokusan Momo Weizen (国産桃ヴァイツェン),Wheat Beer - Fruited,5.0,Minoh Beer,Japan,Putoja Craft Beer Festival
1600722082,2026-09-11,3.8,"",Vilnius,Yuzu Pils,Pilsner - Other,5.4,Fruition Brewing,United States,Putoja 2026
1600722183,2026-09-11,4.0,"","",Zódóma,IPA - New England / Hazy,6.0,RVK Brewing Co,Iceland,Putoja 2026
1600722282,2026-09-11,3.0,"","Vilnius, Lithuania",Smoked Cedar Gose,Sour - Other Gose,5.2,Freigeist Bierkultur,Germany,Dūmų Terasa
1600722308,2026-09-11,3.8,"",Finland,Audacity of Huge,IPA - New England / Hazy,6.0,Hop Hooligans,Romania,Putoja Craft Beer Festival
1600722529,2026-09-11,2.8,Другое заведзенае піва за фэст і адначасова апошняе на сёння піўка фэсту і адначасова гэта жудасны жах,"Belarus, Minsk",Kaimiškas,Farmhouse Ale - Saison,6.2,PAKRUOJO DVARO,Lithuania,Putoja 2026
1600722578,2026-09-11,4.3,"","",Naktenis,Porter - Baltic,8.6,Malduguns,Latvia,Putoja Craft Beer Festival
1600722657,2026-09-11,3.0,"",Vilnius,Ume-Chu (2026),Sour - Fruited,4.0,Minoh Beer,Japan,Putoja 2026
1600722658,2026-09-11,4.3,"","Helsinki, Finland",Rindill,Mild - Other,4.0,Húsavík Öl,Iceland,Putoja Craft Beer Festival
1600722885,2026-09-11,4.3,"","",Gossip Mate 奇兰爱吃瓜,Cider - Other,3.0,Sheng Craft Beer (山乘酿造),China / People's Republic of China,
1600723012,2026-09-11,4.3,"",Vilnius,Swing,IPA - New England / Hazy,6.5,SOMA Beer,Spain,Def Enjoy
1600723080,2026-09-11,2.8,Užkandis,Vilnius,Ryezidskie,Historical Beer - Grodziskie / Grätzer,3.0,Freigeist Bierkultur,Germany,Putoja 2026
1600723258,2026-09-11,4.5,"","",I'M GREEN,Sour - Smoothie / Pastry,6.0,Green Head,Poland,Putoja 2026
1600723331,2026-09-11,4.3,"",Minsk,The Finer Points of Bad Behavior Volume XXX: Peach & Brettanomyces Bruxellensis,Farmhouse Ale - Saison,6.1,is/was brewing,United States,Putoja 2026
1600723583,2026-09-11,3.5,"",Wuppertal,Pa Ķirbi (Barrel Aged),Stout - Other,6.4,Malduguns,Latvia,Putoja 2026
1600723802,2026-09-11,3.5,"","Vilnius, Lithuania",Rye Combustion,IPA - Rye,6.5,Maktoob Brewing,Romania,Dūmų Terasa
1600723973,2026-09-11,4.0,"","",Moon Rebooted,Cider - Other Fruit,3.0,Sheng Craft Beer (山乘酿造),China / People's Republic of China,Putoja 2026
1600723983,2026-09-11,3.8,"",Vilnius,Pa Ķirbi (Barrel Aged),Stout - Other,6.4,Malduguns,Latvia,
1600724129,2026-09-11,3.5,"","Haifa, IL",Triple IPA,IPA - Triple,8.5,Dūmų Brewery,Lithuania,Putoja 2026
1600724204,2026-09-11,4.3,"","Helsinki, Finland",Sourvival Kit,Sour - Berliner Weisse,3.6,Húsavík Öl,Iceland,Putoja Craft Beer Festival
1600724431,2026-09-11,3.8,"",Vilnius,Foeder-Aged Wild Grapevine,Farmhouse Ale - Other,6.2,Scratch Brewing Company,United States,
1600724451,2026-09-11,0.0,"","",Himmber & Hveiti,Wheat Beer - Fruited,5.8,OY Brewing,Faroe Islands,Putoja 2026
1600724455,2026-09-11,4.0,"","",Rhapsody,IPA - Cold,7.0,Green Head,Poland,Sakiškės Brewery (Sakiškių Alus)
1600724486,2026-09-11,3.0,"","Vilnius, Lithuania",Too Long For Oolong,Sour - Fruited,5.0,OneTwo,Romania,Dūmų Terasa
1600724581,2026-09-11,4.0,"","Helsinki, Finland",Zódóma,IPA - New England / Hazy,6.0,RVK Brewing Co,Iceland,Sakiškės Brewery (Sakiškių Alus)
1600724875,2026-09-11,3.8,"",Planet Earth,Pa Ķirbi (Barrel Aged),Stout - Other,6.4,Malduguns,Latvia,Putoja Craft Beer Festival
1600724885,2026-09-11,3.8,"",Wuppertal ,Pa Ķirbi (Barrel Aged),Stout - Other,6.4,Malduguns,Latvia,Putoja 2026
1600725100,2026-09-11,3.5,"","Helsinki, Finland",Kleppur,IPA - Imperial / Double New England / Hazy,8.0,RVK Brewing Co,Iceland,Putoja Craft Beer Festival
1600725166,2026-09-11,3.5,"","",Pink Zing,Sour - Fruited,4.0,Hop Hooligans,Romania,Putoja 2026
1600725184,2026-09-11,4.0,"",Vilnius,Rhapsody,IPA - Cold,7.0,Green Head,Poland,Putoja 2026
1600725562,2026-09-11,4.5,Хорошо,Minsk,Plum Première (1/26),Farmhouse Ale - Other,7.7,de Garde Brewing,United States,Putoja 2026
1600725634,2026-09-11,3.5,"",Šiauliai ,Senmergė,Historical Beer - Keptinis,5.2,Artūras Masiliauskas,Lithuania,Putoja Craft Beer Festival
1600725711,2026-09-11,3.3,"",Planet Earth,No Name,IPA - Session New England / Hazy,5.4,Malduguns,Latvia,Putoja Craft Beer Festival
1600725783,2026-09-11,3.5,"","Helsinki, Finland",The Trifecta,IPA - New Zealand,6.5,Mount Brewing Co ,New Zealand,Putoja Craft Beer Festival
1600725808,2026-09-11,2.0,"","",Audacity of Huge,IPA - New England / Hazy,6.0,Hop Hooligans,Romania,Putoja 2026
1600726081,2026-09-11,4.3,Beerig mit Vanille,Wuppertal,Moksamosa: Boysenberry,Sour - Fruited,9.2,Moksa Brewing Co,United States,Putoja Craft Beer Festival
1600726152,2026-09-11,4.5,"",Vilnius,Mangos in the Garden,Sour - Fruited,9.0,Moksa Brewing Co,United States,Putoja 2026
1600726687,2026-09-11,4.0,"","",Kleppur,IPA - Imperial / Double New England / Hazy,8.0,RVK Brewing Co,Iceland,
1600726996,2026-09-11,3.8,"","",Cumowe Dry Stout,Stout - Irish Dry,5.5,Browar Spółdzielczy,Poland,Putoja 2026
1600727032,2026-09-11,3.0,"","",Flow State,Stout - Milk / Sweet,9.0,Mount Brewing Co ,New Zealand,Putoja 2026
1600727117,2026-09-11,3.0,"","Vilnius, Lithuania",Saison Dègel,Farmhouse Ale - Saison,5.3,is/was brewing,United States,Dūmų Terasa
1600727181,2026-09-11,2.5,"","Södra Sunderbyn, Luleå, Sweden ",Smoked Cedar Gose,Sour - Other Gose,5.2,Freigeist Bierkultur,Germany,Putoja 2026
1600727293,2026-09-11,3.8,"","",Too Long For Oolong,Sour - Fruited,5.0,OneTwo,Romania,Putoja 2026
1600727465,2026-09-11,3.8,"","",Rye Combustion,IPA - Rye,6.5,Maktoob Brewing,Romania,Sakiškės Brewery (Sakiškių Alus)
1600727668,2026-09-11,3.0,"","",The Trifecta,IPA - New Zealand,6.5,Mount Brewing Co ,New Zealand,Putoja 2026
1600727851,2026-09-11,4.0,"",Wuppertal,EN RIKTIG ØL,IPA - New England / Hazy,6.9,Wasa Brewing Company,Finland,Putoja 2026
1600727870,2026-09-11,3.8,"",Vilnius,No Name,IPA - Session New England / Hazy,5.4,Malduguns,Latvia,Putoja 2026
1600728273,2026-09-11,4.0,"","",Buzdygan Rozkoszy 2026,Stout - Imperial / Double Pastry,9.8,Harpagan Craft Beer,Poland,Putoja 2026
1600728503,2026-09-11,3.5,"Митя говорит мрачное, я слышу типичное литовское пиво",beer:cerveza:bier:birra:alus:piwo:bira:pivo:olut ,Kaimiškas,Farmhouse Ale - Saison,6.2,PAKRUOJO DVARO,Lithuania,Putoja 2026
1600728597,2026-09-11,4.3,"",Planet Earth,GORYO,Farmhouse Ale - Saison,5.0,Craftrock Brewing,Japan,Putoja Craft Beer Festival
1600728706,2026-09-11,4.3,"",Minsk,The Petria Réserve,Wild Ale - American,7.0,de Garde Brewing,United States,Putoja 2026
1600728779,2026-09-11,2.8,"","Haifa, IL",Delicate Summer,Mead - Braggot,6.5,Artūras Masiliauskas,Lithuania,Putoja 2026
1600728884,2026-09-11,3.5,"","",Disco Paradiso,IPA - Imperial / Double New England / Hazy,7.8,Galway Bay Brewery,Ireland,Putoja 2026
1600729159,2026-09-11,4.3,"",Wuppertal,Kisel: Passion Fruit & Mango,Sour - Fruited Gose,3.8,Sofia Electric Brewing ,Bulgaria,Putoja 2026
1600729305,2026-09-11,3.3,"","",Let's Go Pils With Yuzu Fruit And Ginger,Lager - American Light,4.2,Community Beer Works,United States,Putoja 2026
1600729351,2026-09-11,3.8,"",Vilnius,Too Long For Oolong,Sour - Fruited,5.0,OneTwo,Romania,
1600729518,2026-09-11,4.0,"","",Rye Combustion,IPA - Rye,6.5,Maktoob Brewing,Romania,Putoja Craft Beer Festival
1600729724,2026-09-11,3.0,"",Vilnius,Too Long For Oolong,Sour - Fruited,5.0,OneTwo,Romania,Putoja 2026
1600729829,2026-09-11,1.0,"","",Rye Combustion,IPA - Rye,6.5,Maktoob Brewing,Romania,Putoja 2026
1600729878,2026-09-11,3.8,"",Minsk,Simmoe,IPA - Imperial / Double,8.3,Fruition Brewing,United States,Putoja 2026
1600729894,2026-09-11,4.5,"",Lithuania,Plum Première (1/26),Farmhouse Ale - Other,7.7,de Garde Brewing,United States,Putoja 2026
1600729897,2026-09-11,3.5,"","Haifa, IL",E037,IPA - Red,6.5,Labietis. Pagan Brews,Latvia,Putoja 2026
1600730072,2026-09-11,3.8,"","",Rye Combustion,IPA - Rye,6.5,Maktoob Brewing,Romania,Putoja Craft Beer Festival
1600730176,2026-09-11,3.5,"",Vilnius,Ume-Chu (2026),Sour - Fruited,4.0,Minoh Beer,Japan,Putoja 2026
1600730244,2026-09-11,0.0,"","",Powab Oprycha 2026,IPA - Imperial / Double New England / Hazy,7.5,Harpagan Craft Beer,Poland,Putoja 2026
1600730344,2026-09-11,2.8,"","",La Birra Blonde,Blonde / Golden Ale - Other,0.0,La Birra Pub,Lithuania,Gringo Pub
1600730412,2026-09-11,4.0,"","Helsinki, Finland",Fruition v1 (Simcoe & Mosaic),Pale Ale - New England / Hazy,4.2,Blackjack Brew Co,England,Putoja Craft Beer Festival
1600730461,2026-09-11,1.0,"","",Rye Combustion,IPA - Rye,6.5,Maktoob Brewing,Romania,Putoja 2026
1600730673,2026-09-11,3.8,"",Planet Earth,Himmber & Hveiti,Wheat Beer - Fruited,5.8,OY Brewing,Faroe Islands,Putoja Craft Beer Festival
1600730766,2026-09-11,3.3,"","",La Birra Blonde,Blonde / Golden Ale - Other,0.0,La Birra Pub,Lithuania,La Birra
1600730818,2026-09-11,4.0,"","",Powab Oprycha 2026,IPA - Imperial / Double New England / Hazy,7.5,Harpagan Craft Beer,Poland,Putoja 2026
1600731078,2026-09-11,3.5,"","",Mango Passionfruit Skyrsour,Sour - Fruited,4.5,Smiðjan Brugghús,Iceland,Putoja Craft Beer Festival
1600731178,2026-09-11,3.5,"",Vilnius,Ryezidskie,Historical Beer - Grodziskie / Grätzer,3.0,Freigeist Bierkultur,Germany,
1600731215,2026-09-11,3.3,"","",La Birra Blonde,Blonde / Golden Ale - Other,0.0,La Birra Pub,Lithuania,La Birra
1600731356,2026-09-11,3.5,"","",Vyšnių Kriek,Fruit Beer,5.0,Vilkmerges Alus,Lithuania,Plus Plus Plus
1600731377,2026-09-11,4.5,So good,"Helsinki, Finland",Yuzu Pils,Pilsner - Other,5.4,Fruition Brewing,United States,Putoja Craft Beer Festival
1600731446,2026-09-11,3.5,"",Vilnius,Mjørkareinsari,Lager - IPL (India Pale Lager),5.5,OY Brewing,Faroe Islands,Putoja 2026
1600731811,2026-09-11,3.5,"","Vilnius, Lithuania",EN RIKTIG ØL,IPA - New England / Hazy,6.9,Wasa Brewing Company,Finland,Dūmų Terasa
1600731904,2026-09-11,2.8,"","",La Birra Blonde,Blonde / Golden Ale - Other,0.0,La Birra Pub,Lithuania,La Birra
1600731979,2026-09-11,4.5,"","",Foeder-Aged Wild Grapevine,Farmhouse Ale - Other,6.2,Scratch Brewing Company,United States,Putoja 2026
1600732146,2026-09-11,3.5,"","Haifa, IL",Senmergė,Historical Beer - Keptinis,5.2,Artūras Masiliauskas,Lithuania,Putoja 2026
1600732185,2026-09-11,3.3,"","Vilnius, Lithuania",Sommartider,Blonde / Golden Ale - Other,5.0,Wasa Brewing Company,Finland,Dūmų Terasa
1600732222,2026-09-11,3.8,"",Vilnius,Pils Naturbelassen,Pilsner - German,4.9,Thuisbrunner Elch-Bräu,Germany,
1600732420,2026-09-11,4.3,"",Wuppertal,Disco Paradiso,IPA - Imperial / Double New England / Hazy,7.8,Galway Bay Brewery,Ireland,Putoja 2026
1600732629,2026-09-11,4.0,"",Vilnius,Pearfection,Sour - Fruited Gose,8.0,Nurme,Latvia,Putoja 2026
1600732797,2026-09-11,3.3,"","",Ume-Chu (2026),Sour - Fruited,4.0,Minoh Beer,Japan,Putoja 2026
1600732948,2026-09-11,3.8,"","",Mjørkareinsari,Lager - IPL (India Pale Lager),5.5,OY Brewing,Faroe Islands,Putoja 2026
1600732989,2026-09-11,3.3,"","Haifa, IL",No Name,IPA - Session New England / Hazy,5.4,Malduguns,Latvia,Putoja 2026
1600733720,2026-09-11,4.0,"",Planet Earth,Rós,Cider - Traditional / Apfelwein,5.5,Nohoval Drinks Company Ltd,Ireland,Putoja Craft Beer Festival
1600733775,2026-09-11,4.0,"","",July Morning,Pilsner - Czech / Bohemian,4.4,Sofia Electric Brewing ,Bulgaria,Putoja Craft Beer Festival
1600733817,2026-09-11,3.5,"","",Ryezidskie,Historical Beer - Grodziskie / Grätzer,3.0,Freigeist Bierkultur,Germany,
1600734129,2026-09-11,4.0,"",Vilnius,Powab Oprycha 2026,IPA - Imperial / Double New England / Hazy,7.5,Harpagan Craft Beer,Poland,Putoja 2026
1600734254,2026-09-11,3.8,"","",Brick By Brick,Red Ale - Other,5.2,Sudden Death Brewing Co.,Germany,Putoja Craft Beer Festival
1600734305,2026-09-11,4.0,"","",Good Soup,Sour - Tomato / Vegetable Gose,4.0,Nurme,Latvia,Putoja Craft Beer Festival
1600734470,2026-09-11,4.3,"",Vilnius ,Flow State,Stout - Milk / Sweet,9.0,Mount Brewing Co ,New Zealand,Putoja 2026
1600734959,2026-09-11,3.8,"",Vilnius,Rindill,Mild - Other,4.0,Húsavík Öl,Iceland,
1600735016,2026-09-11,4.3,"","",Too Long For Oolong,Sour - Fruited,5.0,OneTwo,Romania,Putoja 2026
1600735084,2026-09-11,3.8,"","",Rindill,Mild - Other,4.0,Húsavík Öl,Iceland,Putoja Craft Beer Festival
1600735133,2026-09-11,3.5,"",Vilnius,Pink Zing,Sour - Fruited,4.0,Hop Hooligans,Romania,Putoja 2026
1600735403,2026-09-11,3.3,"","Vilnius, Lithuania",Triple IPA,IPA - Triple,8.5,Dūmų Brewery,Lithuania,Dūmų Terasa
1600735465,2026-09-11,4.3,"",Minsk,The Trifecta,IPA - New Zealand,6.5,Mount Brewing Co ,New Zealand,Putoja 2026
1600735466,2026-09-11,2.3,"","Haifa, IL",Rose Brut,Grape Ale - Other,6.8,Cerveza 7 Vidas,Peru,Putoja 2026
1600735663,2026-09-11,4.0,"",Vilnius,Kasteel Barista,Belgian Quadrupel,11.0,Kasteel Brouwerij Vanhonsebrouck,Belgium,Brussels Mussels
1600735741,2026-09-11,3.0,"","Vilnius, Lithuania",Watermelon Sour Ale,Sour - Fruited,3.9,Dūmų Brewery,Lithuania,Dūmų Terasa
1600735865,2026-09-11,3.8,"","",Flow State,Stout - Milk / Sweet,9.0,Mount Brewing Co ,New Zealand,Putoja 2026
1600736317,2026-09-11,3.5,"","Södra Sunderbyn, Luleå, Sweden ",Mjørkareinsari,Lager - IPL (India Pale Lager),5.5,OY Brewing,Faroe Islands,Putoja 2026
1600736448,2026-09-11,4.0,"","",Minoh Kokusan Momo Weizen (国産桃ヴァイツェン),Wheat Beer - Fruited,5.0,Minoh Beer,Japan,Dūmų Fabrikas
1600736575,2026-09-11,3.5,"",Planet Earth,Pear Farmhouse Ale,Farmhouse Ale - Saison,5.3,Scratch Brewing Company,United States,Putoja Craft Beer Festival
1600737044,2026-09-11,3.0,"","Vilnius, Lithuania",E037,IPA - Red,6.5,Labietis. Pagan Brews,Latvia,Dūmų Terasa
1600737904,2026-09-11,3.8,"","Södra Sunderbyn, Luleå, Sweden ",MBCFI 2024 Collaboration Barley Wine Oloroso,Barleywine - Other,11.3,OY Brewing,Faroe Islands,Putoja 2026
1600737945,2026-09-11,4.0,"","Helsinki, Finland",Plum Première (1/26),Farmhouse Ale - Other,7.7,de Garde Brewing,United States,Putoja Craft Beer Festival
1600738100,2026-09-11,4.0,"",Wuppertal,Mango Passionfruit Skyrsour,Sour - Fruited,4.5,Smiðjan Brugghús,Iceland,Putoja 2026
1600738167,2026-09-11,3.3,"","Haifa, IL",Cumowe Dry Stout,Stout - Irish Dry,5.5,Browar Spółdzielczy,Poland,Putoja 2026
1600738276,2026-09-11,3.8,"","",Too Long For Oolong,Sour - Fruited,5.0,OneTwo,Romania,Putoja Craft Beer Festival
1600738454,2026-09-11,0.0,"",Peru,July Morning,Pilsner - Czech / Bohemian,4.4,Sofia Electric Brewing ,Bulgaria,Sakiškės Brewery (Sakiškių Alus)
1600738477,2026-09-11,5.0,"",Vilnius,Mangos in the Garden,Sour - Fruited,9.0,Moksa Brewing Co,United States,Putoja 2026
1600738553,2026-09-11,3.5,"","Vilnius, Lithuania",No Name,IPA - Session New England / Hazy,5.4,Malduguns,Latvia,Dūmų Terasa
1600738695,2026-09-11,4.0,"","",Pink Zing,Sour - Fruited,4.0,Hop Hooligans,Romania,Sakiškės Brewery (Sakiškių Alus)
1600738715,2026-09-11,4.3,Intense,"Helsinki, Finland",The Petria Réserve,Wild Ale - American,7.0,de Garde Brewing,United States,Putoja Craft Beer Festival
1600738819,2026-09-11,4.0,"",Vilnius,Kleppur,IPA - Imperial / Double New England / Hazy,8.0,RVK Brewing Co,Iceland,Putoja 2026
1600738890,2026-09-11,3.5,"","",Złodziejskie,Spiced / Herbed Beer,5.0,Browar Spółdzielczy,Poland,Putoja 2026
1600738977,2026-09-11,3.0,Svoris,Vilnius,Kaimiškas,Farmhouse Ale - Saison,6.2,PAKRUOJO DVARO,Lithuania,Putoja 2026
1600739129,2026-09-11,3.8,"",Šiauliai ,E037,IPA - Red,6.5,Labietis. Pagan Brews,Latvia,Putoja 2026
1600739197,2026-09-11,2.3,Podukra,"",Kaimiškas,Farmhouse Ale - Saison,6.2,PAKRUOJO DVARO,Lithuania,
1600739232,2026-09-11,3.8,"",Vilnius,Corner Club,IPA - New England / Hazy,6.4,Galway Bay Brewery,Ireland,Putoja 2026
1600739326,2026-09-11,1.3,"","",Metulj,IPA - New England / Hazy,6.0,Clef Brewery,Slovenia,Putoja Craft Beer Festival
1600739389,2026-09-11,0.0,"",Peru,Kisel,Sour - Traditional Gose,4.0,Sofia Electric Brewing ,Bulgaria,Sakiškės Brewery (Sakiškių Alus)
1600739466,2026-09-11,3.5,"",Minsk,Yuzu Pils,Pilsner - Other,5.4,Fruition Brewing,United States,Putoja 2026
1600739680,2026-09-11,2.3,"","","Čavun, Pilsner",Pilsner - Czech / Bohemian,4.4,Clef Brewery,Slovenia,Putoja Craft Beer Festival
1600739749,2026-09-11,0.0,"","",Tropical Fusion,IPA - New Zealand,5.8,TankBusters.Co,Poland,Putoja 2026
1600739823,2026-09-11,3.8,Mit Zitrone🍋,Wuppertal,Sommartider,Blonde / Golden Ale - Other,5.0,Wasa Brewing Company,Finland,Putoja 2026
1600739912,2026-09-11,2.8,"","Haifa, IL",Rhapsody,IPA - Cold,7.0,Green Head,Poland,Putoja 2026
1600739971,2026-09-11,4.0,"","",Aroniju Humpaliņa,Wild Ale - Other,5.9,Labietis. Pagan Brews,Latvia,Dūmų Fabrikas
1600740008,2026-09-11,4.3,"","",Audacity of Huge,IPA - New England / Hazy,6.0,Hop Hooligans,Romania,Putoja Craft Beer Festival
1600740097,2026-09-11,4.3,"","Helsinki, Finland",Saison Dègel,Farmhouse Ale - Saison,5.3,is/was brewing,United States,Putoja Craft Beer Festival
1600740232,2026-09-11,3.5,"","",Too Long For Oolong,Sour - Fruited,5.0,OneTwo,Romania,Putoja 2026
1600740393,2026-09-11,3.0,"",Vilnius,Pear Ale,Farmhouse Ale - Saison,5.4,Scratch Brewing Company,United States,Putoja 2026
1600740459,2026-09-11,4.3,"",Planet Earth,Tepache S.O.D,Sour - Fruited Gose,5.0,Craftrock Brewing,Japan,Putoja Craft Beer Festival
1600740464,2026-09-11,1.0,"","",Metulj,IPA - New England / Hazy,6.0,Clef Brewery,Slovenia,Putoja 2026
1600740773,2026-09-11,4.3,"","Helsinki, Finland",Pear Ale,Farmhouse Ale - Saison,5.4,Scratch Brewing Company,United States,Putoja Craft Beer Festival
1600740809,2026-09-11,2.3,"","","Čavun, Pilsner",Pilsner - Czech / Bohemian,4.4,Clef Brewery,Slovenia,Putoja 2026
1600741197,2026-09-11,4.5,"","",Mango Passionfruit Skyrsour,Sour - Fruited,4.5,Smiðjan Brugghús,Iceland,Putoja 2026
1600741364,2026-09-11,3.3,"",Wuppertal ,Grodziskie: Collab With Freigeist,Historical Beer - Grodziskie / Grätzer,4.2,Reservoir Dogs Brewery,Slovenia,Putoja 2026
1600741683,2026-09-11,4.0,"","",Rós,Cider - Traditional / Apfelwein,5.5,Nohoval Drinks Company Ltd,Ireland,Putoja Craft Beer Festival
1600741716,2026-09-11,4.0,"","",Aroniju Humpaliņa,Wild Ale - Other,5.9,Labietis. Pagan Brews,Latvia,Dūmų Fabrikas
1600741745,2026-09-11,3.8,"","",Sommartider,Blonde / Golden Ale - Other,5.0,Wasa Brewing Company,Finland,Putoja 2026
1600741870,2026-09-11,3.0,"",Šiauliai ,Minoh Kokusan Momo Weizen (国産桃ヴァイツェン),Wheat Beer - Fruited,5.0,Minoh Beer,Japan,Putoja 2026
1600741894,2026-09-11,3.8,"",Vilnius,E037,IPA - Red,6.5,Labietis. Pagan Brews,Latvia,
1600742078,2026-09-11,5.0,"",Vilnius,Moon Rebooted,Cider - Other Fruit,3.0,Sheng Craft Beer (山乘酿造),China / People's Republic of China,Putoja 2026
1600742349,2026-09-11,0.0,"","",The Beekeeper Vol. 19,Sour - Smoothie / Pastry,5.0,TankBusters.Co,Poland,Putoja 2026
1600742389,2026-09-11,0.0,"",Finland,Rose Brut,Grape Ale - Other,6.8,Cerveza 7 Vidas,Peru,Putoja 2026
1600742414,2026-09-11,3.0,"","",Rós,Cider - Traditional / Apfelwein,5.5,Nohoval Drinks Company Ltd,Ireland,Dūmų Fabrikas
1600742691,2026-09-11,4.0,"","",Himmber & Hveiti,Wheat Beer - Fruited,5.8,OY Brewing,Faroe Islands,Putoja 2026
1600742715,2026-09-11,3.8,"","",Mango Passionfruit Skyrsour,Sour - Fruited,4.5,Smiðjan Brugghús,Iceland,Putoja 2026
1600743125,2026-09-11,3.0,"",Vilnius,Watermelon Sour Ale,Sour - Fruited,3.9,Dūmų Brewery,Lithuania,
1600743158,2026-09-11,3.5,"","",Himmber & Hveiti,Wheat Beer - Fruited,5.8,OY Brewing,Faroe Islands,Putoja 2026
1600743315,2026-09-11,3.0,Rauagalinis,Vilnius,Sourvival Kit,Sour - Berliner Weisse,3.6,Húsavík Öl,Iceland,Putoja 2026
1600743435,2026-09-11,3.8,"",Vilnius,The BeeKeeper Vol. 6,Sour - Smoothie / Pastry,6.8,TankBusters.Co,Poland,Putoja 2026
1600743664,2026-09-11,2.5,Kopūstas,"",Sourvival Kit,Sour - Berliner Weisse,3.6,Húsavík Öl,Iceland,
1600743703,2026-09-11,3.8,"",Minsk,Clash of Krush,IPA - New England / Hazy,5.8,Pivovar Vik,Czech Republic,Def Enjoy
1600743904,2026-09-11,3.8,"",Vilnius,Chills DDH,IPA - New England / Hazy,6.8,Outer Range Brewing Co.,United States,Def Enjoy
1600744057,2026-09-11,3.3,Hořkis pivečkis,"",Lithuanian Pilsner,Historical Beer - Keptinis,4.7,Sakiškės Brewery / Sakiškių Alus,Lithuania,Solo Society
1600744213,2026-09-11,3.5,"","",Moksamosa: Boysenberry,Sour - Fruited,9.2,Moksa Brewing Co,United States,Putoja Craft Beer Festival
1600744289,2026-09-11,2.0,"",Šiauliai ,Plum Première (1/26),Farmhouse Ale - Other,7.7,de Garde Brewing,United States,Putoja 2026
1600744417,2026-09-11,3.3,"","",No Name,IPA - Session New England / Hazy,5.4,Malduguns,Latvia,Putoja Craft Beer Festival
1600744485,2026-09-11,3.8,"","",Mangos in the Garden,Sour - Fruited,9.0,Moksa Brewing Co,United States,Putoja Craft Beer Festival
1600744614,2026-09-11,3.3,"",Vilnius,Kaimiškas,Farmhouse Ale - Saison,6.2,PAKRUOJO DVARO,Lithuania,
1600744708,2026-09-11,3.3,"","",Sourvival Kit,Sour - Berliner Weisse,3.6,Húsavík Öl,Iceland,Putoja Craft Beer Festival
1600745080,2026-09-11,3.0,"",Vilnius,Patrick Millah,Mild - Other,5.9,Yeccan Cervecería,Mexico,Putoja 2026
1600745221,2026-09-11,0.0,"","",700 Años,Pale Ale - Other,0.0,Yeccan Cervecería,Mexico,Putoja 2026
1600745240,2026-09-11,3.5,"",Vilnius,Senmergė,Historical Beer - Keptinis,5.2,Artūras Masiliauskas,Lithuania,
1600745467,2026-09-11,0.0,"","",Złodziejskie,Spiced / Herbed Beer,5.0,Browar Spółdzielczy,Poland,Putoja 2026
1600745900,2026-09-11,3.5,"",København,Vilkmergės Premium Lager,Lager - Helles,5.0,Vilkmerges Alus,Lithuania,The Usual
1600745920,2026-09-11,2.8,"","",The Petria Réserve,Wild Ale - American,7.0,de Garde Brewing,United States,Putoja Craft Beer Festival
1600746013,2026-09-11,4.3,"","",Mango Milkshake IPA,IPA - Milkshake,6.1,Cerveza 7 Vidas,Peru,
1600746038,2026-09-11,3.8,"","Helsinki, Finland",Tropical Fusion,IPA - New Zealand,5.8,TankBusters.Co,Poland,Putoja 2026
1600746069,2026-09-11,4.3,"","",Plum Première (1/26),Farmhouse Ale - Other,7.7,de Garde Brewing,United States,Putoja 2026
1600746334,2026-09-11,4.3,"","Helsinki, Finland",Foeder-Aged Wild Grapevine,Farmhouse Ale - Other,6.2,Scratch Brewing Company,United States,
1600746383,2026-09-11,3.8,"",Vilnius,Tropical Fusion,IPA - New Zealand,5.8,TankBusters.Co,Poland,Putoja 2026
1600746444,2026-09-11,0.0,"","",Mango Milkshake IPA,IPA - Milkshake,6.1,Cerveza 7 Vidas,Peru,Putoja 2026
1600746672,2026-09-11,3.0,Slidus,Vilnius,Fruit Expo: Apricot Sour,Sour - Fruited,4.6,Nova Runda,Croatia,Putoja 2026
1600746731,2026-09-11,4.8,"","",The Petria Réserve,Wild Ale - American,7.0,de Garde Brewing,United States,Putoja 2026
1600746800,2026-09-11,4.0,"",Planet Earth,Kryptonim Kapibary 2026,IPA - New England / Hazy,6.8,Harpagan Craft Beer,Poland,Putoja Craft Beer Festival
1600746806,2026-09-11,2.5,"","",Plum Première (1/26),Farmhouse Ale - Other,7.7,de Garde Brewing,United States,Putoja 2026
1600747542,2026-09-11,2.5,"","",The Petria Réserve,Wild Ale - American,7.0,de Garde Brewing,United States,Putoja 2026
1600747902,2026-09-11,4.3,"","",Foeder-Aged Wild Grapevine,Farmhouse Ale - Other,6.2,Scratch Brewing Company,United States,Putoja 2026
1600748146,2026-09-11,3.5,"","",Foeder-Aged Wild Grapevine,Farmhouse Ale - Other,6.2,Scratch Brewing Company,United States,Putoja 2026
1600748394,2026-09-11,4.3,"","",Pear Ale,Farmhouse Ale - Saison,5.4,Scratch Brewing Company,United States,Putoja 2026
1600748559,2026-09-11,4.0,"",Vilnius,Forest Folly,IPA - Imperial / Double New England / Hazy,8.0,Sudden Death Brewing Co.,Germany,Putoja 2026
1600748617,2026-09-11,3.8,"","",Pear Ale,Farmhouse Ale - Saison,5.4,Scratch Brewing Company,United States,Putoja 2026
1600748724,2026-09-11,4.8,"",Planet Earth,OOZE,Wild Ale - Other,8.0,Nurme,Latvia,Putoja Craft Beer Festival
1600749171,2026-09-11,0.0,"","",Foeder Beer,Farmhouse Ale - Other,6.7,Scratch Brewing Company,United States,Putoja 2026
1600749262,2026-09-11,5.0,"oh this is great. swee at the start, then sour bites and leaves rich sweet aftertaste","",Apricot X Orange X Lemon X Vanilla Smoothie Sour Ale,Sour - Smoothie / Pastry,4.5,Ārpus Brewing Co.,Latvia,Nisha Craft Beer Shop
1600749274,2026-09-11,3.5,"",Wuppertal,Pink Zing,Sour - Fruited,4.0,Hop Hooligans,Romania,Putoja 2026
1600750011,2026-09-11,3.3,coffee-y,"",Chocolate Stout Nitro,Stout - Milk / Sweet,5.7,Browar Stu Mostów,Poland,Nisha Craft Capital
1600750287,2026-09-11,2.3,"","",Two Liberties / Dvi Laisvės,IPA - American,6.0,Genys Brewing Co.,Lithuania,Olympic Casino Gedimino
1600750541,2026-09-11,2.8,"",Šiauliai ,Patrick Millah,Mild - Other,5.9,Yeccan Cervecería,Mexico,Putoja Craft Beer Festival
1600750751,2026-09-11,3.8,Зазірнулі крыху пашэрыць тут,"Belarus, Minsk",New Zealand Hop Harvest Hazy IPA 2026,IPA - New England / Hazy,5.5,Dūmų Brewery,Lithuania,Alaus Biblioteka
1600750835,2026-09-11,4.0,Неплохо,beer:cerveza:bier:birra:alus:piwo:bira:pivo:olut ,New Zealand Hop Harvest Hazy IPA 2026,IPA - New England / Hazy,5.5,Dūmų Brewery,Lithuania,Alaus Biblioteka
1600751332,2026-09-11,3.5,Экспресс-чэкінінг - і спаць 100 гадзін,"Belarus, Minsk",Sakura,Fruit Beer,5.0,Bear & Boar,Lithuania,Alaus Biblioteka
1600751447,2026-09-11,4.0,Баян.,beer:cerveza:bier:birra:alus:piwo:bira:pivo:olut ,Sakura,Fruit Beer,5.0,Bear & Boar,Lithuania,Alaus Biblioteka
1600752530,2026-09-11,4.0,Кісленька і лёгенька і бадзёрынька,"Belarus, Minsk",Seville Sunrise,Sour - Fruited Berliner Weisse,3.8,Eternal Night Brewing,Estonia,Alaus Biblioteka
1600752719,2026-09-11,4.0,"Норм, если что",beer:cerveza:bier:birra:alus:piwo:bira:pivo:olut ,Seville Sunrise,Sour - Fruited Berliner Weisse,3.8,Eternal Night Brewing,Estonia,Alaus Biblioteka
1600753028,2026-09-11,3.3,"Ну пшанічка ўгу, ад ІПА нічога няма","Belarus, Minsk",Vaim,IPA - White / Wheat,6.5,Humalakoda,Estonia,Alaus Biblioteka
1600753293,2026-09-11,3.5,Ну это не сильно вкусно.,beer:cerveza:bier:birra:alus:piwo:bira:pivo:olut ,Vaim,IPA - White / Wheat,6.5,Humalakoda,Estonia,Alaus Biblioteka
1600753855,2026-09-11,4.0,"Шпарка рушымся, Aliaksandr J. ты там дзе?","Belarus, Minsk",Zilgas Humpaliņa,Farmhouse Ale - Saison,6.3,Labietis. Pagan Brews,Latvia,Alaus Biblioteka
1600754001,2026-09-11,4.0,Митя с доски взял два питых у меня...,beer:cerveza:bier:birra:alus:piwo:bira:pivo:olut ,Zilgas Humpaliņa,Farmhouse Ale - Saison,6.3,Labietis. Pagan Brews,Latvia,Alaus Biblioteka
1600755051,2026-09-11,3.3,Вада,"Belarus, Minsk",Meetilk,Blonde / Golden Ale - Other,4.5,Humalakoda,Estonia,Alaus Biblioteka
1600755440,2026-09-11,3.5,"Перешли на левую сторону,  госпаде, вода водой.",beer:cerveza:bier:birra:alus:piwo:bira:pivo:olut ,Meetilk,Blonde / Golden Ale - Other,4.5,Humalakoda,Estonia,Alaus Biblioteka
1600755847,2026-09-11,3.8,"","",Baltic Porter,Porter - Baltic,6.0,Volfas Engelman,Lithuania,Vilnius
1600755866,2026-09-11,3.5,Просценька і кволенька,"Belarus, Minsk",Pineapple Breeze,IPA - Milkshake,5.5,Bear & Boar,Lithuania,Alaus Biblioteka
1600756293,2026-09-11,0.0,"","",Small World,IPA - Imperial / Double New England / Hazy,8.0,PINTA,Poland,Local Pub
1600756817,2026-09-11,4.3,"","",Apple X Mango X Banana X Cinnamon Smoothie Sour Ale,Sour - Smoothie / Pastry,4.5,Ārpus Brewing Co.,Latvia,Pavilniu Regioninis Parkas
1600756876,2026-09-11,4.0,Снова Митя баян взял ..,beer:cerveza:bier:birra:alus:piwo:bira:pivo:olut ,Pineapple Breeze,IPA - Milkshake,5.5,Bear & Boar,Lithuania,Alaus Biblioteka
1600756963,2026-09-11,3.8,В точку,"",Dust Terroir VI,Lambic - Fruit,6.9,DUST Blending,Belgium,Def Enjoy
1600757105,2026-09-11,3.5,"#100 за падарожжа: мдэ канешне літоўскія бровары зусім сумныя...","Belarus, Minsk",Pigem Eil,Sour - Flanders Red Ale,7.0,Hiiumaa Pruulikoda,Estonia,Alaus Biblioteka
1600757907,2026-09-11,2.5,"Это плохо, извините.",beer:cerveza:bier:birra:alus:piwo:bira:pivo:olut ,Pigem Eil,Sour - Flanders Red Ale,7.0,Hiiumaa Pruulikoda,Estonia,Alaus Biblioteka
1600758070,2026-09-11,3.5,Новошчь! Нават сябры мясцовыя не пілі,"Belarus, Minsk",Coconut Milk Stout,Stout - Milk / Sweet,4.7,Dūmų Brewery,Lithuania,Alaus Biblioteka
1600758304,2026-09-11,4.3,"","",Dust Terroir VI,Lambic - Fruit,6.9,DUST Blending,Belgium,Def Enjoy
1600758705,2026-09-11,4.0,"","",Dust Terroir VI,Lambic - Fruit,6.9,DUST Blending,Belgium,Def Enjoy
1600758713,2026-09-11,3.3,Абы што.,beer:cerveza:bier:birra:alus:piwo:bira:pivo:olut ,Coconut Milk Stout,Stout - Milk / Sweet,4.7,Dūmų Brewery,Lithuania,Alaus Biblioteka
1600758903,2026-09-11,3.8,Таксама амаль вада... Такі сабе шэрынг атрымаўся ў 2 пысы,"Belarus, Minsk",Selo Pale,Pale Ale - New England / Hazy,5.0,Sofia Electric Brewing ,Bulgaria,Alaus Biblioteka
1600760134,2026-09-11,3.8,"Спрашивается, на#уя мы это пьем вообще...",beer:cerveza:bier:birra:alus:piwo:bira:pivo:olut ,Selo Pale,Pale Ale - New England / Hazy,5.0,Sofia Electric Brewing ,Bulgaria,Alaus Biblioteka
1600760636,2026-09-11,4.3,Гатунак не ўлез у дэску і давялося браць асобна і дзяк пану б-гу што яно смачнае,"Belarus, Minsk",One Track Lover,IPA - New Zealand,7.1,Sofia Electric Brewing ,Bulgaria,Alaus Biblioteka
1600760995,2026-09-11,3.5,"",Vilnius,Dust Terroir VI,Lambic - Fruit,6.9,DUST Blending,Belgium,Def Enjoy
1600761836,2026-09-11,3.5,"","",Clash of Krush,IPA - New England / Hazy,5.8,Pivovar Vik,Czech Republic,Def Enjoy
1600762037,2026-09-11,4.0,"",Lithuania,Dust Terroir VI,Lambic - Fruit,6.9,DUST Blending,Belgium,Def Enjoy
1600762833,2026-09-11,4.3,"","",Tinginio Pantis - Kriaušių,Cider - Perry / Poiré,4.5,Gubernija Brewery,Lithuania,Etno Dvaras
1600763441,2026-09-11,4.0,"","",Seabucky,Cider - Other,0.0,DUST Blending,Belgium,Def Enjoy
1600763575,2026-09-11,4.0,"",Vilnius,Seabucky,Cider - Other,0.0,DUST Blending,Belgium,Def Enjoy
1600763941,2026-09-11,3.5,Solidu,Vilnius,Mama Whipa,IPA - White / Wheat,6.0,Les Intenables - Craft Beer,France,Def Enjoy
1600764276,2026-09-11,4.0,"","",Clash of Krush,IPA - New England / Hazy,5.8,Pivovar Vik,Czech Republic,Def Enjoy
1600764336,2026-09-11,3.5,"","",Seabucky,Cider - Other,0.0,DUST Blending,Belgium,Def Enjoy
1600764508,2026-09-11,4.0,"Не влезло в дэску слава Богу, бо более менее пиво, наконец выпили",beer:cerveza:bier:birra:alus:piwo:bira:pivo:olut ,One Track Lover,IPA - New Zealand,7.1,Sofia Electric Brewing ,Bulgaria,Alaus Biblioteka
1600769376,2026-09-11,4.3,"","",Gold Series: Hop Crown,IPA - Imperial / Double New England / Hazy,6.5,Nepo Brewing,Poland,Pavilniu Regioninis Parkas
1600774233,2026-09-11,4.5,Зачапілі тапешню напрыканцы дня,"Belarus, Minsk",Baltic Porter Day 2022 BA (Cellar Series),Porter - Imperial / Double Baltic,10.5,Põhjala,Estonia,Alaus Biblioteka
1600774912,2026-09-11,4.5,"Ну мы подумали, что надо красиво завершить, и это красиво по ароматике и вкусу.",beer:cerveza:bier:birra:alus:piwo:bira:pivo:olut ,Baltic Porter Day 2022 BA (Cellar Series),Porter - Imperial / Double Baltic,10.5,Põhjala,Estonia,Alaus Biblioteka
1600777069,2026-09-12,4.0,"","",Hazy Discovery Groningen,IPA - New England / Hazy,6.5,PINTA,Poland,
1600777572,2026-09-12,3.5,"",Vilnius,Mama Whipa,IPA - White / Wheat,6.0,Les Intenables - Craft Beer,France,Def Enjoy
1600780325,2026-09-12,1.5,"","",Yerba Mate Lemonade,Non-Alcoholic - Tea/Lemonade,0.0,Sakiškės Brewery / Sakiškių Alus,Lithuania,
1600780788,2026-09-12,4.0,"",Vilnius,Boarding: Berlin,IPA - Other,6.3,Funky Fluid,Poland,Naujamiestis
1600780824,2026-09-12,3.5,"",Poznan,Mama Whipa,IPA - White / Wheat,6.0,Les Intenables - Craft Beer,France,Def Enjoy
1600781017,2026-09-12,4.0,"",Vilnius,Uwarzone Z Wami vol.3: Polish Black IPA,IPA - Black / Cascadian Dark Ale,6.0,Browar Gwarek,Poland,Naujamiestis
1600781733,2026-09-12,4.0,"",Vilnius,Māhuri,Pale Ale - New England / Hazy,4.9,Chroust,Czech Republic,Naujamiestis
1600781823,2026-09-12,0.0,"","",Vizma,Non-Alcoholic - Mead,0.0,Labietis. Pagan Brews,Latvia,Putoja 2026
1600782481,2026-09-12,3.8,"","",Humulupu IPA,IPA - Session,5.0,Dundulis,Lithuania,Gringo Pub
1600782528,2026-09-12,3.8,"",Kaunas,Juodaragio Regyklos Kadaginė IPA,IPA - Farmhouse,5.0,Dundulis,Lithuania,Etmonų Špunka
1600783095,2026-09-12,0.0,"","",Citra IPA,IPA - American,5.4,Bear & Boar,Lithuania,Bear & Boar Taproom
1600783683,2026-09-12,4.3,"",Vilnius ,Golden Sour,Sour - Other,5.0,Panimoyhtiö Tuju,Finland,Nisha Craft Capital
1600783856,2026-09-12,4.0,"","",Travmato,Sour - Tomato / Vegetable Gose,3.1,Дідько Brewery,Ukraine,Nisha Craft Capital
1600783898,2026-09-12,4.3,"",Vilnius,World of Cats,IPA - Imperial / Double New England / Hazy,8.0,Les Intenables - Craft Beer,France,Def Enjoy
1600784144,2026-09-12,0.0,"","",Pomegranate Lime Gose,Sour - Fruited Gose,4.8,Bear & Boar,Lithuania,Bear & Boar Taproom
1600784588,2026-09-12,0.0,"","",Pineapple Breeze,IPA - Milkshake,5.5,Bear & Boar,Lithuania,Bear & Boar Taproom
1600785607,2026-09-12,2.5,"",Planet Earth,Zedazeni,Pilsner - Other,5.0,Zedazeni/Georgian Beverage Company,Georgia,Rustam Mangal
1600787301,2026-09-12,0.0,"",Vilnius,Anarkist New England IPA,IPA - New England / Hazy,5.4,Theodor Schiøtz Brewing Company,Denmark,Liv_in City
1600788938,2026-09-12,4.3,Усё яшчэ смачнае,Vilnius ,Travmato,Sour - Tomato / Vegetable Gose,3.1,Дідько Brewery,Ukraine,Nisha Craft Capital
1600792073,2026-09-12,3.3,Нарэшце трапілі ў гатэль і неадкладна ўмандзілі,"Belarus, Minsk",Tuborg Lime Cut,Lager - Other,4.5,Carlsberg Group,Denmark,GSKA Saudymo Sporto Klubas
1600797089,2026-09-12,2.8,"",Planet Earth,Kayaki,Lager - Pale,4.7,Global Beer Georgia,Georgia,Rustam Mangal
1600797278,2026-09-12,3.3,Не ну зусім дзіўным чынам нечыкіненае,"Belarus, Minsk",Foster's Lager,Lager - Pale,4.0,Carlton & United Breweries,Australia,Špricas Brunch
1600797745,2026-09-12,3.5,"","",Penki Mazgai,IPA - New England / Hazy,5.0,Brick by Brick (Raudonų Plytų Alaus Dirbtuvės),Lithuania,Gringo Pub
1600798688,2026-09-12,4.3,"",Vilnius ,Wytrawny Moose,Cider - Dry,6.0,Cydrownia Zywer,Poland,Nisha Craft Capital
1600799606,2026-09-12,3.8,"","",Origin IPA,IPA - New England / Hazy,5.8,Basker Brewing Co.,Lithuania,laiptine
1600802675,2026-09-12,0.0,"","",ABRAKADABRA [ Drumstasis IPA ],IPA - New England / Hazy,5.4,Dundulis,Lithuania,King & Mouse
1600803575,2026-09-12,4.0,"",Planet Earth,Prysma: Galaxy,IPA - New England / Hazy,6.5,Funky Fluid,Poland,Šernas pub
1600803854,2026-09-12,3.8,"",Planet Earth,Brownie Bowl - Lava Cake,Stout - Milk / Sweet,4.8,Nepo Brewing,Poland,Šernas pub
1600804364,2026-09-12,2.8,"","",Grimbergen Double Ambrée,Belgian Dubbel,6.5,Brasseries Kronenbourg,France,Cash Lounge Bar
1600805876,2026-09-12,4.0,"",Planet Earth,Hey Joe,Sour - Fruited,6.8,Hopkultura,Poland,Šernas pub
1600806390,2026-09-12,3.5,"","Södra Sunderbyn, Luleå, Sweden ",Humulupu IPA,IPA - Session,5.0,Dundulis,Lithuania,ŠMC kavinė
1600813000,2026-09-12,3.3,"","",Keturi Vėjai (Four Winds),Kölsch,4.9,Brick by Brick (Raudonų Plytų Alaus Dirbtuvės),Lithuania,
1600813768,2026-09-12,3.3,"","",Premium Cider,Cider - Traditional / Apfelwein,4.5,Westons Cider,England,Piano Man Bar
1600814753,2026-09-12,3.0,"","",Keturi Vėjai (Four Winds),Kölsch,4.9,Brick by Brick (Raudonų Plytų Alaus Dirbtuvės),Lithuania,Alchemikas Cocktail Lab
1600815391,2026-09-12,3.3,"","",Keturi Vėjai (Four Winds),Kölsch,4.9,Brick by Brick (Raudonų Plytų Alaus Dirbtuvės),Lithuania,Piano Man Bar
1600817385,2026-09-12,5.0,"","",Organic Tattoo Lager,Lager - Pale,4.0,Genys Brewing Co.,Lithuania,Gringo Pub
1600818647,2026-09-12,3.8,"","",Vilkmergės Premium Lager,Lager - Helles,5.0,Vilkmerges Alus,Lithuania,Bitc Bar
1600831181,2026-09-12,2.0,Neuk me..te zoet,"",1664 Blanc,Wheat Beer - Witbier / Blanche,5.0,Brasseries Kronenbourg,France,Uncle Sam's American Pub
1600835247,2026-09-12,3.3,"","",Red Dune,Märzen,5.8,Vienas Brewery,Lithuania,
1600837951,2026-09-12,3.8,"","",La Birra Blonde,Blonde / Golden Ale - Other,0.0,La Birra Pub,Lithuania,La Birra
1600842344,2026-09-12,3.8,"","",Imperial Porteris,Porter - Baltic,6.0,Volfas Engelman,Lithuania,ibis Vilnius Centre
1600887351,2026-09-12,4.0,"","Haifa, IL","Cunning of Hand IIPA - Phantasm, Citra (Incognito), Mosaic (Spectrum), El Dorado (Cryo)",IPA - Imperial / Double New England / Hazy,8.0,Blood Brothers Brewing,Canada,Tilto 6
1600892049,2026-09-12,2.0,"",Riga,700 Años,Pale Ale - Other,0.0,Yeccan Cervecería,Mexico,Putoja Craft Beer Festival
1600892130,2026-09-12,3.5,"",Riga,Watermelon Sour Ale,Sour - Fruited,3.9,Dūmų Brewery,Lithuania,Putoja Craft Beer Festival
1600892396,2026-09-12,3.5,"","",Tamsius,Non-Alcoholic - Red Ale,0.5,Širvėnos bravoras DUNDULIS,Lithuania,Gero alaus parduotuvė
1600892422,2026-09-12,3.5,"","",Tamsius,Non-Alcoholic - Red Ale,0.5,Širvėnos bravoras DUNDULIS,Lithuania,Gero alaus parduotuvė
1600892728,2026-09-12,4.3,"",Srem,Disco Paradiso,IPA - Imperial / Double New England / Hazy,7.8,Galway Bay Brewery,Ireland,Putoja 2026
1600892780,2026-09-12,4.5,"",Srem,Powab Oprycha 2026,IPA - Imperial / Double New England / Hazy,7.5,Harpagan Craft Beer,Poland,Putoja 2026
1600892811,2026-09-12,4.5,"",Srem,Forest Folly,IPA - Imperial / Double New England / Hazy,8.0,Sudden Death Brewing Co.,Germany,Putoja 2026
1600892823,2026-09-12,4.5,"",Srem,Flow State,Stout - Milk / Sweet,9.0,Mount Brewing Co ,New Zealand,
1600892825,2026-09-12,3.3,"",Minsk,Craft Sidras,Cider - Traditional / Apfelwein,5.4,Vilkmerges Alus,Lithuania,Pusryčių Klubas
1600892827,2026-09-12,4.0,"","",PERSIKONA,Non-Alcoholic - Fruit Beer,0.5,Širvėnos bravoras DUNDULIS,Lithuania,Gero alaus parduotuvė
1600892839,2026-09-12,4.3,"",Srem,Tropical Fusion,IPA - New Zealand,5.8,TankBusters.Co,Poland,Putoja 2026
1600892849,2026-09-12,4.3,"",Srem,Moksamosa,Sour - Fruited,9.5,Moksa Brewing Co,United States,Putoja 2026
1600892866,2026-09-12,4.5,"",Srem,Finer Points of Bad Behavior Volume Xviii With Brett. Brucellosis And Peach,Farmhouse Ale - Saison,6.1,is/was brewing,United States,Putoja 2026
1600893369,2026-09-12,3.8,"","",PERSIKONA,Non-Alcoholic - Fruit Beer,0.5,Širvėnos bravoras DUNDULIS,Lithuania,Gero alaus parduotuvė
1600893513,2026-09-12,3.8,"","",Knapis,Non-Alcoholic - Other Beer,0.5,Širvėnos bravoras DUNDULIS,Lithuania,Gero alaus parduotuvė
1600893601,2026-09-12,4.0,"",Srem,EN RIKTIG ØL,IPA - New England / Hazy,6.9,Wasa Brewing Company,Finland,Putoja 2026
1600894042,2026-09-12,3.5,"","",Apynių Sodas ,Kölsch,5.2,Dundulis,Lithuania,Gero alaus parduotuvė
1600894078,2026-09-12,3.5,"",Dunakeszi ,Apynių Sodas ,Kölsch,5.2,Dundulis,Lithuania,Gero alaus parduotuvė
1600894263,2026-09-12,3.0,"",Budapest,Knapis,Non-Alcoholic - Other Beer,0.5,Širvėnos bravoras DUNDULIS,Lithuania,Gero alaus parduotuvė
1600894365,2026-09-12,3.0,"",Budapest,PERSIKONA,Non-Alcoholic - Fruit Beer,0.5,Širvėnos bravoras DUNDULIS,Lithuania,Gero alaus parduotuvė
1600894568,2026-09-12,2.5,"",Budapest,Apynių Sodas ,Kölsch,5.2,Dundulis,Lithuania,Gero alaus parduotuvė
1600894716,2026-09-12,4.0,"","",JUODASAI,Stout - Foreign / Export,7.5,Dundulis,Lithuania,Gero alaus parduotuvė
1600894733,2026-09-12,3.8,"",Dunakeszi ,JUODASAI,Stout - Foreign / Export,7.5,Dundulis,Lithuania,Gero alaus parduotuvė
1600894797,2026-09-12,3.5,"","",Overflow Zero,Non-Alcoholic - IPA,0.5,Sofia Electric Brewing ,Bulgaria,Gero alaus parduotuvė
1600894894,2026-09-12,3.5,"",Dunakeszi ,Overflow Zero,Non-Alcoholic - IPA,0.5,Sofia Electric Brewing ,Bulgaria,Gero alaus parduotuvė
1600894981,2026-09-12,3.0,"",Budapest,Overflow Zero,Non-Alcoholic - IPA,0.5,Sofia Electric Brewing ,Bulgaria,Gero alaus parduotuvė
1600895228,2026-09-12,4.0,"",Minsk,Bread Kvass,Kvass,0.0,Dūmų Brewery,Lithuania,Dūmų Fabrikas
1600895361,2026-09-12,3.8,"","",Baltic Porter,Porter - Baltic,6.0,Volfas Engelman,Lithuania,Radisson Blu Hotel Lietuva
1600895408,2026-09-12,3.8,"","",Baltic Porter,Porter - Baltic,6.0,Volfas Engelman,Lithuania,radisson blue lobby bar
